county,office,district,party,candidate,votes
Aurora,Attorney General,,L,Chad Haber,182
Aurora,Attorney General,,R,Marty Jackley,885
Aurora,Commissioner of School and Public Lands,,D,John English,194
Aurora,Commissioner of School and Public Lands,,R,Ryan Brunner,750
Aurora,Governor,,D,Susan Wismer,312
Aurora,Governor,,R,Dennis Daugaard,776
Aurora,Governor,,,Michael J. Myers,51
Aurora,Public Utilities Commissioner,,D,Wayne Schmidt,46
Aurora,Public Utilities Commissioner,,I,David Allen,330
Aurora,Public Utilities Commissioner,,R,Gary Hanson,680
Aurora,Secretary of State,,C,Lori Stacey,45
Aurora,Secretary of State,,L,Emmett Reistroffer,26
Aurora,Secretary of State,,D,Angela Schultz,397
Aurora,Secretary of State,,R,Shantel Krebs,585
Aurora,State Auditor,,L,Kurt Evans,181
Aurora,State Auditor,,R,Steve Barnett,846
Aurora,State Treasurer,,D,Ken Santema,43
Aurora,State Treasurer,,R,Denny Pierson,491
Aurora,State Treasurer,,I,Rich Sattgast,552
Aurora,U.S. House,1,D,Corinna Robinson,346
Aurora,U.S. House,1,R,Kristi Noem,794
Aurora,U.S. Senate,,D,Rick Weiland,355
Aurora,U.S. Senate,,R,Mike Rounds,480
Aurora,U.S. Senate,,I,Gordon Howie,60
Aurora,U.S. Senate,,I,Larry Pressler,259
Beadle,Attorney General,,L,Chad Haber,857
Beadle,Attorney General,,R,Marty Jackley,4433
Beadle,Commissioner of School and Public Lands,,D,John English,1001
Beadle,Commissioner of School and Public Lands,,R,Ryan Brunner,3734
Beadle,Governor,,D,Susan Wismer,1433
Beadle,Governor,,R,Dennis Daugaard,3974
Beadle,Governor,,,Michael J. Myers,197
Beadle,Public Utilities Commissioner,,D,Wayne Schmidt,212
Beadle,Public Utilities Commissioner,,I,David Allen,1577
Beadle,Public Utilities Commissioner,,R,Gary Hanson,3476
Beadle,Secretary of State,,C,Lori Stacey,189
Beadle,Secretary of State,,L,Emmett Reistroffer,147
Beadle,Secretary of State,,D,Angela Schultz,1768
Beadle,Secretary of State,,R,Shantel Krebs,3130
Beadle,State Auditor,,L,Kurt Evans,927
Beadle,State Auditor,,R,Steve Barnett,4083
Beadle,State Treasurer,,D,Ken Santema,186
Beadle,State Treasurer,,R,Denny Pierson,1542
Beadle,State Treasurer,,I,Rich Sattgast,3588
Beadle,U.S. House,1,D,Corinna Robinson,1877
Beadle,U.S. House,1,R,Kristi Noem,3710
Beadle,U.S. Senate,,D,Rick Weiland,1622
Beadle,U.S. Senate,,R,Mike Rounds,3018
Beadle,U.S. Senate,,I,Gordon Howie,203
Beadle,U.S. Senate,,I,Larry Pressler,810
Bennett,Attorney General,,L,Chad Haber,204
Bennett,Attorney General,,R,Marty Jackley,644
Bennett,Commissioner of School and Public Lands,,D,John English,238
Bennett,Commissioner of School and Public Lands,,R,Ryan Brunner,531
Bennett,Governor,,D,Susan Wismer,276
Bennett,Governor,,R,Dennis Daugaard,606
Bennett,Governor,,,Michael J. Myers,38
Bennett,Public Utilities Commissioner,,D,Wayne Schmidt,69
Bennett,Public Utilities Commissioner,,I,David Allen,336
Bennett,Public Utilities Commissioner,,R,Gary Hanson,700
Bennett,Secretary of State,,C,Lori Stacey,54
Bennett,Secretary of State,,L,Emmett Reistroffer,32
Bennett,Secretary of State,,D,Angela Schultz,325
Bennett,Secretary of State,,R,Shantel Krebs,449
Bennett,State Auditor,,L,Kurt Evans,553
Bennett,State Auditor,,R,Steve Barnett,636
Bennett,State Treasurer,,D,Ken Santema,56
Bennett,State Treasurer,,R,Denny Pierson,354
Bennett,State Treasurer,,I,Rich Sattgast,440
Bennett,U.S. House,1,D,Corinna Robinson,335
Bennett,U.S. House,1,R,Kristi Noem,585
Bennett,U.S. Senate,,D,Rick Weiland,341
Bennett,U.S. Senate,,R,Mike Rounds,445
Bennett,U.S. Senate,,I,Gordon Howie,34
Bennett,U.S. Senate,,I,Larry Pressler,110
Bon Homme,Attorney General,,L,Chad Haber,384
Bon Homme,Attorney General,,R,Marty Jackley,1833
Bon Homme,Commissioner of School and Public Lands,,D,John English,502
Bon Homme,Commissioner of School and Public Lands,,R,Ryan Brunner,1514
Bon Homme,Governor,,D,Susan Wismer,577
Bon Homme,Governor,,R,Dennis Daugaard,1718
Bon Homme,Governor,,,Michael J. Myers,103
Bon Homme,Public Utilities Commissioner,,D,Wayne Schmidt,117
Bon Homme,Public Utilities Commissioner,,I,David Allen,702
Bon Homme,Public Utilities Commissioner,,R,Gary Hanson,1378
Bon Homme,Secretary of State,,C,Lori Stacey,114
Bon Homme,Secretary of State,,L,Emmett Reistroffer,56
Bon Homme,Secretary of State,,D,Angela Schultz,787
Bon Homme,Secretary of State,,R,Shantel Krebs,1238
Bon Homme,State Auditor,,L,Kurt Evans,410
Bon Homme,State Auditor,,R,Steve Barnett,1680
Bon Homme,State Treasurer,,D,Ken Santema,108
Bon Homme,State Treasurer,,R,Denny Pierson,792
Bon Homme,State Treasurer,,I,Rich Sattgast,1286
Bon Homme,U.S. House,1,D,Corinna Robinson,763
Bon Homme,U.S. House,1,R,Kristi Noem,1631
Bon Homme,U.S. Senate,,D,Rick Weiland,785
Bon Homme,U.S. Senate,,R,Mike Rounds,1157
Bon Homme,U.S. Senate,,I,Gordon Howie,82
Bon Homme,U.S. Senate,,I,Larry Pressler,408
Brookings,Attorney General,,L,Chad Haber,1602
Brookings,Attorney General,,R,Marty Jackley,6753
Brookings,Commissioner of School and Public Lands,,D,John English,1685
Brookings,Commissioner of School and Public Lands,,R,Ryan Brunner,5946
Brookings,Governor,,D,Susan Wismer,2792
Brookings,Governor,,R,Dennis Daugaard,6105
Brookings,Governor,,,Michael J. Myers,327
Brookings,Public Utilities Commissioner,,D,Wayne Schmidt,417
Brookings,Public Utilities Commissioner,,I,David Allen,2709
Brookings,Public Utilities Commissioner,,R,Gary Hanson,5253
Brookings,Secretary of State,,C,Lori Stacey,315
Brookings,Secretary of State,,L,Emmett Reistroffer,301
Brookings,Secretary of State,,D,Angela Schultz,3115
Brookings,Secretary of State,,R,Shantel Krebs,4780
Brookings,State Auditor,,L,Kurt Evans,1622
Brookings,State Auditor,,R,Steve Barnett,6116
Brookings,State Treasurer,,D,Ken Santema,688
Brookings,State Treasurer,,R,Denny Pierson,2954
Brookings,State Treasurer,,I,Rich Sattgast,4657
Brookings,U.S. House,1,D,Corinna Robinson,3643
Brookings,U.S. House,1,R,Kristi Noem,5559
Brookings,U.S. Senate,,D,Rick Weiland,3195
Brookings,U.S. Senate,,R,Mike Rounds,4226
Brookings,U.S. Senate,,I,Gordon Howie,213
Brookings,U.S. Senate,,I,Larry Pressler,1662
Brown,Attorney General,,L,Chad Haber,2406
Brown,Attorney General,,R,Marty Jackley,8561
Brown,Commissioner of School and Public Lands,,D,John English,2512
Brown,Commissioner of School and Public Lands,,R,Ryan Brunner,7373
Brown,Governor,,D,Susan Wismer,3864
Brown,Governor,,R,Dennis Daugaard,7801
Brown,Governor,,,Michael J. Myers,354
Brown,Public Utilities Commissioner,,D,Wayne Schmidt,488
Brown,Public Utilities Commissioner,,I,David Allen,3982
Brown,Public Utilities Commissioner,,R,Gary Hanson,6541
Brown,Secretary of State,,C,Lori Stacey,361
Brown,Secretary of State,,L,Emmett Reistroffer,328
Brown,Secretary of State,,D,Angela Schultz,4542
Brown,Secretary of State,,R,Shantel Krebs,6027
Brown,State Auditor,,L,Kurt Evans,2100
Brown,State Auditor,,R,Steve Barnett,8672
Brown,State Treasurer,,D,Ken Santema,607
Brown,State Treasurer,,R,Denny Pierson,4202
Brown,State Treasurer,,I,Rich Sattgast,6206
Brown,U.S. House,1,D,Corinna Robinson,4805
Brown,U.S. House,1,R,Kristi Noem,7128
Brown,U.S. Senate,,D,Rick Weiland,4023
Brown,U.S. Senate,,R,Mike Rounds,5382
Brown,U.S. Senate,,I,Gordon Howie,240
Brown,U.S. Senate,,I,Larry Pressler,2417
Brule,Attorney General,,L,Chad Haber,255
Brule,Attorney General,,R,Marty Jackley,1442
Brule,Commissioner of School and Public Lands,,D,John English,322
Brule,Commissioner of School and Public Lands,,R,Ryan Brunner,1222
Brule,Governor,,D,Susan Wismer,388
Brule,Governor,,R,Dennis Daugaard,1323
Brule,Governor,,,Michael J. Myers,54
Brule,Public Utilities Commissioner,,D,Wayne Schmidt,84
Brule,Public Utilities Commissioner,,I,David Allen,452
Brule,Public Utilities Commissioner,,R,Gary Hanson,1099
Brule,Secretary of State,,C,Lori Stacey,73
Brule,Secretary of State,,L,Emmett Reistroffer,46
Brule,Secretary of State,,D,Angela Schultz,568
Brule,Secretary of State,,R,Shantel Krebs,960
Brule,State Auditor,,L,Kurt Evans,279
Brule,State Auditor,,R,Steve Barnett,1328
Brule,State Treasurer,,D,Ken Santema,71
Brule,State Treasurer,,R,Denny Pierson,536
Brule,State Treasurer,,I,Rich Sattgast,1032
Brule,U.S. House,1,D,Corinna Robinson,495
Brule,U.S. House,1,R,Kristi Noem,1265
Brule,U.S. Senate,,D,Rick Weiland,451
Brule,U.S. Senate,,R,Mike Rounds,556
Brule,U.S. Senate,,I,Gordon Howie,81
Brule,U.S. Senate,,I,Larry Pressler,346
Bufaflo,Governor,,D,Susan Wismer,244
Bufaflo,Governor,,R,Dennis Daugaard,188
Bufaflo,Governor,,,Michael J. Myers,23
Bufaflo,Secretary of State,,C,Lori Stacey,14
Bufaflo,Secretary of State,,L,Emmett Reistroffer,10
Bufaflo,Secretary of State,,D,Angela Schultz,296
Bufaflo,Secretary of State,,R,Shantel Krebs,119
Bufaflo,U.S. Senate,,D,Rick Weiland,292
Bufaflo,U.S. Senate,,R,Mike Rounds,105
Bufaflo,U.S. Senate,,I,Gordon Howie,12
Bufaflo,U.S. Senate,,I,Larry Pressler,56
Buffalo,Attorney General,,L,Chad Haber,171
Buffalo,Attorney General,,R,Marty Jackley,243
Buffalo,Commissioner of School and Public Lands,,D,John English,190
Buffalo,Commissioner of School and Public Lands,,R,Ryan Brunner,164
Buffalo,Public Utilities Commissioner,,D,Wayne Schmidt,17
Buffalo,Public Utilities Commissioner,,I,David Allen,384
Buffalo,Public Utilities Commissioner,,R,Gary Hanson,129
Buffalo,State Auditor,,L,Kurt Evans,184
Buffalo,State Auditor,,R,Steve Barnett,187
Buffalo,State Treasurer,,D,Ken Santema,10
Buffalo,State Treasurer,,R,Denny Pierson,278
Buffalo,State Treasurer,,I,Rich Sattgast,133
Buffalo,U.S. House,1,D,Corinna Robinson,281
Buffalo,U.S. House,1,R,Kristi Noem,172
Butet,Governor,,D,Susan Wismer,513
Butet,Governor,,R,Dennis Daugaard,2484
Butet,Governor,,,Michael J. Myers,207
Butet,Secretary of State,,C,Lori Stacey,227
Butet,Secretary of State,,L,Emmett Reistroffer,106
Butet,Secretary of State,,D,Angela Schultz,591
Butet,Secretary of State,,R,Shantel Krebs,2100
Butet,U.S. Senate,,D,Rick Weiland,539
Butet,U.S. Senate,,R,Mike Rounds,1910
Butet,U.S. Senate,,I,Gordon Howie,192
Butet,U.S. Senate,,I,Larry Pressler,572
Butte,Attorney General,,L,Chad Haber,489
Butte,Attorney General,,R,Marty Jackley,2571
Butte,Commissioner of School and Public Lands,,D,John English,568
Butte,Commissioner of School and Public Lands,,R,Ryan Brunner,2425
Butte,Public Utilities Commissioner,,D,Wayne Schmidt,265
Butte,Public Utilities Commissioner,,I,David Allen,585
Butte,Public Utilities Commissioner,,R,Gary Hanson,2109
Butte,State Auditor,,L,Kurt Evans,528
Butte,State Auditor,,R,Steve Barnett,2361
Butte,State Treasurer,,D,Ken Santema,225
Butte,State Treasurer,,R,Denny Pierson,611
Butte,State Treasurer,,I,Rich Sattgast,2115
Butte,U.S. House,1,D,Corinna Robinson,676
Butte,U.S. House,1,R,Kristi Noem,2521
Campbell,Attorney General,,L,Chad Haber,64
Campbell,Attorney General,,R,Marty Jackley,528
Campbell,Commissioner of School and Public Lands,,D,John English,57
Campbell,Commissioner of School and Public Lands,,R,Ryan Brunner,506
Campbell,Governor,,D,Susan Wismer,82
Campbell,Governor,,R,Dennis Daugaard,516
Campbell,Governor,,,Michael J. Myers,24
Campbell,Public Utilities Commissioner,,D,Wayne Schmidt,34
Campbell,Public Utilities Commissioner,,I,David Allen,81
Campbell,Public Utilities Commissioner,,R,Gary Hanson,473
Campbell,Secretary of State,,C,Lori Stacey,29
Campbell,Secretary of State,,L,Emmett Reistroffer,11
Campbell,Secretary of State,,D,Angela Schultz,83
Campbell,Secretary of State,,R,Shantel Krebs,449
Campbell,State Auditor,,L,Kurt Evans,50
Campbell,State Auditor,,R,Steve Barnett,534
Campbell,State Treasurer,,D,Ken Santema,14
Campbell,State Treasurer,,R,Denny Pierson,91
Campbell,State Treasurer,,I,Rich Sattgast,476
Campbell,U.S. House,1,D,Corinna Robinson,96
Campbell,U.S. House,1,R,Kristi Noem,529
Campbell,U.S. Senate,,D,Rick Weiland,115
Campbell,U.S. Senate,,R,Mike Rounds,414
Campbell,U.S. Senate,,I,Gordon Howie,23
Campbell,U.S. Senate,,I,Larry Pressler,79
Charles Mix,Attorney General,,L,Chad Haber,568
Charles Mix,Attorney General,,R,Marty Jackley,2368
Charles Mix,Commissioner of School and Public Lands,,D,John English,685
Charles Mix,Commissioner of School and Public Lands,,R,Ryan Brunner,1964
Charles Mix,Governor,,D,Susan Wismer,893
Charles Mix,Governor,,R,Dennis Daugaard,2172
Charles Mix,Governor,,,Michael J. Myers,114
Charles Mix,Public Utilities Commissioner,,D,Wayne Schmidt,98
Charles Mix,Public Utilities Commissioner,,I,David Allen,1089
Charles Mix,Public Utilities Commissioner,,R,Gary Hanson,1763
Charles Mix,Secretary of State,,C,Lori Stacey,97
Charles Mix,Secretary of State,,L,Emmett Reistroffer,68
Charles Mix,Secretary of State,,D,Angela Schultz,1227
Charles Mix,Secretary of State,,R,Shantel Krebs,1570
Charles Mix,State Auditor,,L,Kurt Evans,618
Charles Mix,State Auditor,,R,Steve Barnett,2212
Charles Mix,State Treasurer,,D,Ken Santema,123
Charles Mix,State Treasurer,,R,Denny Pierson,978
Charles Mix,State Treasurer,,I,Rich Sattgast,1631
Charles Mix,U.S. House,1,D,Corinna Robinson,1056
Charles Mix,U.S. House,1,R,Kristi Noem,2130
Charles Mix,U.S. Senate,,D,Rick Weiland,1111
Charles Mix,U.S. Senate,,R,Mike Rounds,1511
Charles Mix,U.S. Senate,,I,Gordon Howie,84
Charles Mix,U.S. Senate,,I,Larry Pressler,498
Clark,Attorney General,,L,Chad Haber,203
Clark,Attorney General,,R,Marty Jackley,1150
Clark,Commissioner of School and Public Lands,,D,John English,255
Clark,Commissioner of School and Public Lands,,R,Ryan Brunner,999
Clark,Governor,,D,Susan Wismer,324
Clark,Governor,,R,Dennis Daugaard,1140
Clark,Governor,,,Michael J. Myers,67
Clark,Public Utilities Commissioner,,D,Wayne Schmidt,68
Clark,Public Utilities Commissioner,,I,David Allen,360
Clark,Public Utilities Commissioner,,R,Gary Hanson,946
Clark,Secretary of State,,C,Lori Stacey,52
Clark,Secretary of State,,L,Emmett Reistroffer,33
Clark,Secretary of State,,D,Angela Schultz,424
Clark,Secretary of State,,R,Shantel Krebs,853
Clark,State Auditor,,L,Kurt Evans,235
Clark,State Auditor,,R,Steve Barnett,1086
Clark,State Treasurer,,D,Ken Santema,56
Clark,State Treasurer,,R,Denny Pierson,378
Clark,State Treasurer,,I,Rich Sattgast,918
Clark,U.S. House,1,D,Corinna Robinson,461
Clark,U.S. House,1,R,Kristi Noem,1043
Clark,U.S. Senate,,D,Rick Weiland,394
Clark,U.S. Senate,,R,Mike Rounds,737
Clark,U.S. Senate,,I,Gordon Howie,58
Clark,U.S. Senate,,I,Larry Pressler,361
Clay,Attorney General,,L,Chad Haber,853
Clay,Attorney General,,R,Marty Jackley,2382
Clay,Commissioner of School and Public Lands,,D,John English,944
Clay,Commissioner of School and Public Lands,,R,Ryan Brunner,1889
Clay,Governor,,D,Susan Wismer,1372
Clay,Governor,,R,Dennis Daugaard,2124
Clay,Governor,,,Michael J. Myers,260
Clay,Public Utilities Commissioner,,D,Wayne Schmidt,118
Clay,Public Utilities Commissioner,,I,David Allen,1518
Clay,Public Utilities Commissioner,,R,Gary Hanson,1753
Clay,Secretary of State,,C,Lori Stacey,117
Clay,Secretary of State,,L,Emmett Reistroffer,152
Clay,Secretary of State,,D,Angela Schultz,1691
Clay,Secretary of State,,R,Shantel Krebs,1483
Clay,State Auditor,,L,Kurt Evans,847
Clay,State Auditor,,R,Steve Barnett,2162
Clay,State Treasurer,,D,Ken Santema,198
Clay,State Treasurer,,R,Denny Pierson,1687
Clay,State Treasurer,,I,Rich Sattgast,1505
Clay,U.S. House,1,D,Corinna Robinson,1875
Clay,U.S. House,1,R,Kristi Noem,1851
Clay,U.S. Senate,,D,Rick Weiland,1689
Clay,U.S. Senate,,R,Mike Rounds,1433
Clay,U.S. Senate,,I,Gordon Howie,58
Clay,U.S. Senate,,I,Larry Pressler,615
Codington,Attorney General,,L,Chad Haber,1385
Codington,Attorney General,,R,Marty Jackley,7021
Codington,Commissioner of School and Public Lands,,D,John English,1641
Codington,Commissioner of School and Public Lands,,R,Ryan Brunner,5757
Codington,Governor,,D,Susan Wismer,2158
Codington,Governor,,R,Dennis Daugaard,6656
Codington,Governor,,,Michael J. Myers,295
Codington,Public Utilities Commissioner,,D,Wayne Schmidt,368
Codington,Public Utilities Commissioner,,I,David Allen,2393
Codington,Public Utilities Commissioner,,R,Gary Hanson,5516
Codington,Secretary of State,,C,Lori Stacey,306
Codington,Secretary of State,,L,Emmett Reistroffer,242
Codington,Secretary of State,,D,Angela Schultz,2799
Codington,Secretary of State,,R,Shantel Krebs,4938
Codington,State Auditor,,L,Kurt Evans,1521
Codington,State Auditor,,R,Steve Barnett,6386
Codington,State Treasurer,,D,Ken Santema,427
Codington,State Treasurer,,R,Denny Pierson,2650
Codington,State Treasurer,,I,Rich Sattgast,5119
Codington,U.S. House,1,D,Corinna Robinson,2979
Codington,U.S. House,1,R,Kristi Noem,6105
Codington,U.S. Senate,,D,Rick Weiland,2572
Codington,U.S. Senate,,R,Mike Rounds,4605
Codington,U.S. Senate,,I,Gordon Howie,219
Codington,U.S. Senate,,I,Larry Pressler,1771
Corson,Attorney General,,L,Chad Haber,296
Corson,Attorney General,,R,Marty Jackley,512
Corson,Commissioner of School and Public Lands,,D,John English,272
Corson,Commissioner of School and Public Lands,,R,Ryan Brunner,492
Corson,Governor,,D,Susan Wismer,363
Corson,Governor,,R,Dennis Daugaard,491
Corson,Governor,,,Michael J. Myers,56
Corson,Public Utilities Commissioner,,D,Wayne Schmidt,78
Corson,Public Utilities Commissioner,,I,David Allen,412
Corson,Public Utilities Commissioner,,R,Gary Hanson,385
Corson,Secretary of State,,C,Lori Stacey,65
Corson,Secretary of State,,L,Emmett Reistroffer,27
Corson,Secretary of State,,D,Angela Schultz,408
Corson,Secretary of State,,R,Shantel Krebs,376
Corson,State Auditor,,L,Kurt Evans,276
Corson,State Auditor,,R,Steve Barnett,496
Corson,State Treasurer,,D,Ken Santema,50
Corson,State Treasurer,,R,Denny Pierson,429
Corson,State Treasurer,,I,Rich Sattgast,382
Corson,U.S. House,1,D,Corinna Robinson,397
Corson,U.S. House,1,R,Kristi Noem,520
Corson,U.S. Senate,,D,Rick Weiland,368
Corson,U.S. Senate,,R,Mike Rounds,399
Corson,U.S. Senate,,I,Gordon Howie,50
Corson,U.S. Senate,,I,Larry Pressler,109
Custer,Attorney General,,L,Chad Haber,565
Custer,Attorney General,,R,Marty Jackley,2880
Custer,Commissioner of School and Public Lands,,D,John English,699
Custer,Commissioner of School and Public Lands,,R,Ryan Brunner,2443
Custer,Governor,,D,Susan Wismer,780
Custer,Governor,,R,Dennis Daugaard,2735
Custer,Governor,,,Michael J. Myers,195
Custer,Public Utilities Commissioner,,D,Wayne Schmidt,274
Custer,Public Utilities Commissioner,,I,David Allen,870
Custer,Public Utilities Commissioner,,R,Gary Hanson,2247
Custer,Secretary of State,,C,Lori Stacey,233
Custer,Secretary of State,,L,Emmett Reistroffer,138
Custer,Secretary of State,,D,Angela Schultz,854
Custer,Secretary of State,,R,Shantel Krebs,2275
Custer,State Auditor,,L,Kurt Evans,613
Custer,State Auditor,,R,Steve Barnett,2665
Custer,State Treasurer,,D,Ken Santema,267
Custer,State Treasurer,,R,Denny Pierson,884
Custer,State Treasurer,,I,Rich Sattgast,2273
Custer,U.S. House,1,D,Corinna Robinson,1004
Custer,U.S. House,1,R,Kristi Noem,2713
Custer,U.S. Senate,,D,Rick Weiland,859
Custer,U.S. Senate,,R,Mike Rounds,2107
Custer,U.S. Senate,,I,Gordon Howie,151
Custer,U.S. Senate,,I,Larry Pressler,616
Davison,Attorney General,,L,Chad Haber,823
Davison,Attorney General,,R,Marty Jackley,4866
Davison,Commissioner of School and Public Lands,,D,John English,1021
Davison,Commissioner of School and Public Lands,,R,Ryan Brunner,4036
Davison,Governor,,D,Susan Wismer,1255
Davison,Governor,,R,Dennis Daugaard,4590
Davison,Governor,,,Michael J. Myers,203
Davison,Public Utilities Commissioner,,D,Wayne Schmidt,207
Davison,Public Utilities Commissioner,,I,David Allen,1745
Davison,Public Utilities Commissioner,,R,Gary Hanson,3677
Davison,Secretary of State,,C,Lori Stacey,233
Davison,Secretary of State,,L,Emmett Reistroffer,138
Davison,Secretary of State,,D,Angela Schultz,1772
Davison,Secretary of State,,R,Shantel Krebs,3404
Davison,State Auditor,,L,Kurt Evans,862
Davison,State Auditor,,R,Steve Barnett,4550
Davison,State Treasurer,,D,Ken Santema,214
Davison,State Treasurer,,R,Denny Pierson,2265
Davison,State Treasurer,,I,Rich Sattgast,3216
Davison,U.S. House,1,D,Corinna Robinson,1815
Davison,U.S. House,1,R,Kristi Noem,4214
Davison,U.S. Senate,,D,Rick Weiland,1582
Davison,U.S. Senate,,R,Mike Rounds,3097
Davison,U.S. Senate,,I,Gordon Howie,174
Davison,U.S. Senate,,I,Larry Pressler,1227
Day,Attorney General,,L,Chad Haber,501
Day,Attorney General,,R,Marty Jackley,1655
Day,Commissioner of School and Public Lands,,D,John English,557
Day,Commissioner of School and Public Lands,,R,Ryan Brunner,1324
Day,Governor,,D,Susan Wismer,1065
Day,Governor,,R,Dennis Daugaard,1256
Day,Governor,,,Michael J. Myers,83
Day,Public Utilities Commissioner,,D,Wayne Schmidt,96
Day,Public Utilities Commissioner,,I,David Allen,832
Day,Public Utilities Commissioner,,R,Gary Hanson,1272
Day,Secretary of State,,C,Lori Stacey,101
Day,Secretary of State,,L,Emmett Reistroffer,58
Day,Secretary of State,,D,Angela Schultz,1019
Day,Secretary of State,,R,Shantel Krebs,991
Day,State Auditor,,L,Kurt Evans,511
Day,State Auditor,,R,Steve Barnett,1491
Day,State Treasurer,,D,Ken Santema,117
Day,State Treasurer,,R,Denny Pierson,951
Day,State Treasurer,,I,Rich Sattgast,1083
Day,U.S. House,1,D,Corinna Robinson,1085
Day,U.S. House,1,R,Kristi Noem,1312
Day,U.S. Senate,,D,Rick Weiland,989
Day,U.S. Senate,,R,Mike Rounds,868
Day,U.S. Senate,,I,Gordon Howie,64
Day,U.S. Senate,,I,Larry Pressler,493
Deuel,Attorney General,,L,Chad Haber,322
Deuel,Attorney General,,R,Marty Jackley,1428
Deuel,Commissioner of School and Public Lands,,D,John English,345
Deuel,Commissioner of School and Public Lands,,R,Ryan Brunner,1112
Deuel,Governor,,D,Susan Wismer,484
Deuel,Governor,,R,Dennis Daugaard,1203
Deuel,Governor,,,Michael J. Myers,75
Deuel,Public Utilities Commissioner,,D,Wayne Schmidt,108
Deuel,Public Utilities Commissioner,,I,David Allen,498
Deuel,Public Utilities Commissioner,,R,Gary Hanson,1014
Deuel,Secretary of State,,C,Lori Stacey,101
Deuel,Secretary of State,,L,Emmett Reistroffer,50
Deuel,Secretary of State,,D,Angela Schultz,614
Deuel,Secretary of State,,R,Shantel Krebs,861
Deuel,State Auditor,,L,Kurt Evans,290
Deuel,State Auditor,,R,Steve Barnett,1280
Deuel,State Treasurer,,D,Ken Santema,115
Deuel,State Treasurer,,R,Denny Pierson,911
Deuel,State Treasurer,,I,Rich Sattgast,1061
Deuel,U.S. House,1,D,Corinna Robinson,590
Deuel,U.S. House,1,R,Kristi Noem,1184
Deuel,U.S. Senate,,D,Rick Weiland,530
Deuel,U.S. Senate,,R,Mike Rounds,847
Deuel,U.S. Senate,,I,Gordon Howie,70
Deuel,U.S. Senate,,I,Larry Pressler,341
Dewey,Attorney General,,L,Chad Haber,498
Dewey,Attorney General,,R,Marty Jackley,809
Dewey,Commissioner of School and Public Lands,,D,John English,533
Dewey,Commissioner of School and Public Lands,,R,Ryan Brunner,622
Dewey,Governor,,D,Susan Wismer,666
Dewey,Governor,,R,Dennis Daugaard,721
Dewey,Governor,,,Michael J. Myers,69
Dewey,Public Utilities Commissioner,,D,Wayne Schmidt,95
Dewey,Public Utilities Commissioner,,I,David Allen,819
Dewey,Public Utilities Commissioner,,R,Gary Hanson,437
Dewey,Secretary of State,,C,Lori Stacey,60
Dewey,Secretary of State,,L,Emmett Reistroffer,33
Dewey,Secretary of State,,D,Angela Schultz,863
Dewey,Secretary of State,,R,Shantel Krebs,420
Dewey,State Auditor,,L,Kurt Evans,530
Dewey,State Auditor,,R,Steve Barnett,671
Dewey,State Treasurer,,D,Ken Santema,74
Dewey,State Treasurer,,R,Denny Pierson,820
Dewey,State Treasurer,,I,Rich Sattgast,473
Dewey,U.S. House,1,D,Corinna Robinson,828
Dewey,U.S. House,1,R,Kristi Noem,651
Dewey,U.S. Senate,,D,Rick Weiland,788
Dewey,U.S. Senate,,R,Mike Rounds,457
Dewey,U.S. Senate,,I,Gordon Howie,33
Dewey,U.S. Senate,,I,Larry Pressler,208
Douglas,Attorney General,,L,Chad Haber,95
Douglas,Attorney General,,R,Marty Jackley,1139
Douglas,Commissioner of School and Public Lands,,D,John English,130
Douglas,Commissioner of School and Public Lands,,R,Ryan Brunner,1024
Douglas,Governor,,D,Susan Wismer,171
Douglas,Governor,,R,Dennis Daugaard,1121
Douglas,Governor,,,Michael J. Myers,30
Douglas,Public Utilities Commissioner,,D,Wayne Schmidt,30
Douglas,Public Utilities Commissioner,,I,David Allen,170
Douglas,Public Utilities Commissioner,,R,Gary Hanson,1004
Douglas,Secretary of State,,C,Lori Stacey,43
Douglas,Secretary of State,,L,Emmett Reistroffer,13
Douglas,Secretary of State,,D,Angela Schultz,204
Douglas,Secretary of State,,R,Shantel Krebs,948
Douglas,State Auditor,,L,Kurt Evans,112
Douglas,State Auditor,,R,Steve Barnett,1076
Douglas,State Treasurer,,D,Ken Santema,26
Douglas,State Treasurer,,R,Denny Pierson,248
Douglas,State Treasurer,,I,Rich Sattgast,932
Douglas,U.S. House,1,D,Corinna Robinson,190
Douglas,U.S. House,1,R,Kristi Noem,1119
Douglas,U.S. Senate,,D,Rick Weiland,205
Douglas,U.S. Senate,,R,Mike Rounds,877
Douglas,U.S. Senate,,I,Gordon Howie,60
Douglas,U.S. Senate,,I,Larry Pressler,187
Edmunds,Attorney General,,L,Chad Haber,230
Edmunds,Attorney General,,R,Marty Jackley,1334
Edmunds,Commissioner of School and Public Lands,,D,John English,241
Edmunds,Commissioner of School and Public Lands,,R,Ryan Brunner,1182
Edmunds,Governor,,D,Susan Wismer,380
Edmunds,Governor,,R,Dennis Daugaard,1288
Edmunds,Governor,,,Michael J. Myers,46
Edmunds,Public Utilities Commissioner,,D,Wayne Schmidt,90
Edmunds,Public Utilities Commissioner,,I,David Allen,402
Edmunds,Public Utilities Commissioner,,R,Gary Hanson,1042
Edmunds,Secretary of State,,C,Lori Stacey,58
Edmunds,Secretary of State,,L,Emmett Reistroffer,32
Edmunds,Secretary of State,,D,Angela Schultz,497
Edmunds,Secretary of State,,R,Shantel Krebs,971
Edmunds,State Auditor,,L,Kurt Evans,204
Edmunds,State Auditor,,R,Steve Barnett,1307
Edmunds,State Treasurer,,D,Ken Santema,70
Edmunds,State Treasurer,,R,Denny Pierson,470
Edmunds,State Treasurer,,I,Rich Sattgast,997
Edmunds,U.S. House,1,D,Corinna Robinson,454
Edmunds,U.S. House,1,R,Kristi Noem,1250
Edmunds,U.S. Senate,,D,Rick Weiland,422
Edmunds,U.S. Senate,,R,Mike Rounds,947
Edmunds,U.S. Senate,,I,Gordon Howie,43
Edmunds,U.S. Senate,,I,Larry Pressler,326
Fall River,Attorney General,,L,Chad Haber,523
Fall River,Attorney General,,R,Marty Jackley,2169
Fall River,Commissioner of School and Public Lands,,D,John English,616
Fall River,Commissioner of School and Public Lands,,R,Ryan Brunner,1877
Fall River,Governor,,D,Susan Wismer,609
Fall River,Governor,,R,Dennis Daugaard,2125
Fall River,Governor,,,Michael J. Myers,179
Fall River,Public Utilities Commissioner,,D,Wayne Schmidt,214
Fall River,Public Utilities Commissioner,,I,David Allen,713
Fall River,Public Utilities Commissioner,,R,Gary Hanson,1730
Fall River,Secretary of State,,C,Lori Stacey,175
Fall River,Secretary of State,,L,Emmett Reistroffer,105
Fall River,Secretary of State,,D,Angela Schultz,645
Fall River,Secretary of State,,R,Shantel Krebs,1792
Fall River,State Auditor,,L,Kurt Evans,576
Fall River,State Auditor,,R,Steve Barnett,1976
Fall River,State Treasurer,,D,Ken Santema,209
Fall River,State Treasurer,,R,Denny Pierson,718
Fall River,State Treasurer,,I,Rich Sattgast,1718
Fall River,U.S. House,1,D,Corinna Robinson,669
Fall River,U.S. House,1,R,Kristi Noem,2262
Fall River,U.S. Senate,,D,Rick Weiland,674
Fall River,U.S. Senate,,R,Mike Rounds,1587
Fall River,U.S. Senate,,I,Gordon Howie,167
Fall River,U.S. Senate,,I,Larry Pressler,510
Faulk,Attorney General,,L,Chad Haber,104
Faulk,Attorney General,,R,Marty Jackley,714
Faulk,Commissioner of School and Public Lands,,D,John English,107
Faulk,Commissioner of School and Public Lands,,R,Ryan Brunner,624
Faulk,Governor,,D,Susan Wismer,157
Faulk,Governor,,R,Dennis Daugaard,712
Faulk,Governor,,,Michael J. Myers,23
Faulk,Public Utilities Commissioner,,D,Wayne Schmidt,37
Faulk,Public Utilities Commissioner,,I,David Allen,200
Faulk,Public Utilities Commissioner,,R,Gary Hanson,568
Faulk,Secretary of State,,C,Lori Stacey,27
Faulk,Secretary of State,,L,Emmett Reistroffer,15
Faulk,Secretary of State,,D,Angela Schultz,225
Faulk,Secretary of State,,R,Shantel Krebs,556
Faulk,State Auditor,,L,Kurt Evans,113
Faulk,State Auditor,,R,Steve Barnett,671
Faulk,State Treasurer,,D,Ken Santema,28
Faulk,State Treasurer,,R,Denny Pierson,194
Faulk,State Treasurer,,I,Rich Sattgast,602
Faulk,U.S. House,1,D,Corinna Robinson,210
Faulk,U.S. House,1,R,Kristi Noem,669
Faulk,U.S. Senate,,D,Rick Weiland,180
Faulk,U.S. Senate,,R,Mike Rounds,508
Faulk,U.S. Senate,,I,Gordon Howie,29
Faulk,U.S. Senate,,I,Larry Pressler,175
Grant,Attorney General,,L,Chad Haber,494
Grant,Attorney General,,R,Marty Jackley,2155
Grant,Commissioner of School and Public Lands,,D,John English,546
Grant,Commissioner of School and Public Lands,,R,Ryan Brunner,1821
Grant,Governor,,D,Susan Wismer,827
Grant,Governor,,R,Dennis Daugaard,1981
Grant,Governor,,,Michael J. Myers,87
Grant,Public Utilities Commissioner,,D,Wayne Schmidt,128
Grant,Public Utilities Commissioner,,I,David Allen,796
Grant,Public Utilities Commissioner,,R,Gary Hanson,1679
Grant,Secretary of State,,C,Lori Stacey,99
Grant,Secretary of State,,L,Emmett Reistroffer,75
Grant,Secretary of State,,D,Angela Schultz,1012
Grant,Secretary of State,,R,Shantel Krebs,1408
Grant,State Auditor,,L,Kurt Evans,484
Grant,State Auditor,,R,Steve Barnett,2032
Grant,State Treasurer,,D,Ken Santema,129
Grant,State Treasurer,,R,Denny Pierson,876
Grant,State Treasurer,,I,Rich Sattgast,1602
Grant,U.S. House,1,D,Corinna Robinson,906
Grant,U.S. House,1,R,Kristi Noem,1981
Grant,U.S. Senate,,D,Rick Weiland,887
Grant,U.S. Senate,,R,Mike Rounds,1405
Grant,U.S. Senate,,I,Gordon Howie,87
Grant,U.S. Senate,,I,Larry Pressler,534
Gregory,Attorney General,,L,Chad Haber,213
Gregory,Attorney General,,R,Marty Jackley,1489
Gregory,Commissioner of School and Public Lands,,D,John English,326
Gregory,Commissioner of School and Public Lands,,R,Ryan Brunner,1244
Gregory,Governor,,D,Susan Wismer,366
Gregory,Governor,,R,Dennis Daugaard,1369
Gregory,Governor,,,Michael J. Myers,72
Gregory,Public Utilities Commissioner,,D,Wayne Schmidt,60
Gregory,Public Utilities Commissioner,,I,David Allen,425
Gregory,Public Utilities Commissioner,,R,Gary Hanson,1200
Gregory,Secretary of State,,C,Lori Stacey,89
Gregory,Secretary of State,,L,Emmett Reistroffer,39
Gregory,Secretary of State,,D,Angela Schultz,501
Gregory,Secretary of State,,R,Shantel Krebs,1031
Gregory,State Auditor,,L,Kurt Evans,241
Gregory,State Auditor,,R,Steve Barnett,1401
Gregory,State Treasurer,,D,Ken Santema,76
Gregory,State Treasurer,,R,Denny Pierson,526
Gregory,State Treasurer,,I,Rich Sattgast,1086
Gregory,U.S. House,1,D,Corinna Robinson,440
Gregory,U.S. House,1,R,Kristi Noem,1373
Gregory,U.S. Senate,,D,Rick Weiland,483
Gregory,U.S. Senate,,R,Mike Rounds,996
Gregory,U.S. Senate,,I,Gordon Howie,65
Gregory,U.S. Senate,,I,Larry Pressler,284
Haakon,Attorney General,,L,Chad Haber,63
Haakon,Attorney General,,R,Marty Jackley,781
Haakon,Commissioner of School and Public Lands,,D,John English,73
Haakon,Commissioner of School and Public Lands,,R,Ryan Brunner,712
Haakon,Governor,,D,Susan Wismer,72
Haakon,Governor,,R,Dennis Daugaard,774
Haakon,Governor,,,Michael J. Myers,20
Haakon,Public Utilities Commissioner,,D,Wayne Schmidt,34
Haakon,Public Utilities Commissioner,,I,David Allen,106
Haakon,Public Utilities Commissioner,,R,Gary Hanson,656
Haakon,Secretary of State,,C,Lori Stacey,28
Haakon,Secretary of State,,L,Emmett Reistroffer,14
Haakon,Secretary of State,,D,Angela Schultz,107
Haakon,Secretary of State,,R,Shantel Krebs,664
Haakon,State Auditor,,L,Kurt Evans,79
Haakon,State Auditor,,R,Steve Barnett,734
Haakon,State Treasurer,,D,Ken Santema,29
Haakon,State Treasurer,,R,Denny Pierson,120
Haakon,State Treasurer,,I,Rich Sattgast,644
Haakon,U.S. House,1,D,Corinna Robinson,95
Haakon,U.S. House,1,R,Kristi Noem,764
Haakon,U.S. Senate,,D,Rick Weiland,96
Haakon,U.S. Senate,,R,Mike Rounds,563
Haakon,U.S. Senate,,I,Gordon Howie,53
Haakon,U.S. Senate,,I,Larry Pressler,153
Hamlin,Attorney General,,L,Chad Haber,289
Hamlin,Attorney General,,R,Marty Jackley,1814
Hamlin,Commissioner of School and Public Lands,,D,John English,367
Hamlin,Commissioner of School and Public Lands,,R,Ryan Brunner,1552
Hamlin,Governor,,D,Susan Wismer,472
Hamlin,Governor,,R,Dennis Daugaard,1670
Hamlin,Governor,,,Michael J. Myers,90
Hamlin,Public Utilities Commissioner,,D,Wayne Schmidt,96
Hamlin,Public Utilities Commissioner,,I,David Allen,446
Hamlin,Public Utilities Commissioner,,R,Gary Hanson,1206
Hamlin,Secretary of State,,C,Lori Stacey,80
Hamlin,Secretary of State,,L,Emmett Reistroffer,47
Hamlin,Secretary of State,,D,Angela Schultz,561
Hamlin,Secretary of State,,R,Shantel Krebs,1363
Hamlin,State Auditor,,L,Kurt Evans,323
Hamlin,State Auditor,,R,Steve Barnett,1676
Hamlin,State Treasurer,,D,Ken Santema,123
Hamlin,State Treasurer,,R,Denny Pierson,499
Hamlin,State Treasurer,,I,Rich Sattgast,1439
Hamlin,U.S. House,1,D,Corinna Robinson,593
Hamlin,U.S. House,1,R,Kristi Noem,1639
Hamlin,U.S. Senate,,D,Rick Weiland,551
Hamlin,U.S. Senate,,R,Mike Rounds,1191
Hamlin,U.S. Senate,,I,Gordon Howie,111
Hamlin,U.S. Senate,,I,Larry Pressler,391
Hand,Attorney General,,L,Chad Haber,138
Hand,Attorney General,,R,Marty Jackley,1256
Hand,Commissioner of School and Public Lands,,D,John English,177
Hand,Commissioner of School and Public Lands,,R,Ryan Brunner,1088
Hand,Governor,,D,Susan Wismer,290
Hand,Governor,,R,Dennis Daugaard,1172
Hand,Governor,,,Michael J. Myers,32
Hand,Public Utilities Commissioner,,D,Wayne Schmidt,38
Hand,Public Utilities Commissioner,,I,David Allen,385
Hand,Public Utilities Commissioner,,R,Gary Hanson,992
Hand,Secretary of State,,C,Lori Stacey,42
Hand,Secretary of State,,L,Emmett Reistroffer,24
Hand,Secretary of State,,D,Angela Schultz,388
Hand,Secretary of State,,R,Shantel Krebs,919
Hand,State Auditor,,L,Kurt Evans,171
Hand,State Auditor,,R,Steve Barnett,1159
Hand,State Treasurer,,D,Ken Santema,41
Hand,State Treasurer,,R,Denny Pierson,324
Hand,State Treasurer,,I,Rich Sattgast,1045
Hand,U.S. House,1,D,Corinna Robinson,372
Hand,U.S. House,1,R,Kristi Noem,1120
Hand,U.S. Senate,,D,Rick Weiland,341
Hand,U.S. Senate,,R,Mike Rounds,864
Hand,U.S. Senate,,I,Gordon Howie,54
Hand,U.S. Senate,,I,Larry Pressler,240
Hanson,Attorney General,,L,Chad Haber,169
Hanson,Attorney General,,R,Marty Jackley,1066
Hanson,Commissioner of School and Public Lands,,D,John English,187
Hanson,Commissioner of School and Public Lands,,R,Ryan Brunner,917
Hanson,Governor,,D,Susan Wismer,280
Hanson,Governor,,R,Dennis Daugaard,1005
Hanson,Governor,,,Michael J. Myers,54
Hanson,Public Utilities Commissioner,,D,Wayne Schmidt,39
Hanson,Public Utilities Commissioner,,I,David Allen,325
Hanson,Public Utilities Commissioner,,R,Gary Hanson,862
Hanson,Secretary of State,,C,Lori Stacey,60
Hanson,Secretary of State,,L,Emmett Reistroffer,20
Hanson,Secretary of State,,D,Angela Schultz,355
Hanson,Secretary of State,,R,Shantel Krebs,803
Hanson,State Auditor,,L,Kurt Evans,163
Hanson,State Auditor,,R,Steve Barnett,1010
Hanson,State Treasurer,,D,Ken Santema,49
Hanson,State Treasurer,,R,Denny Pierson,398
Hanson,State Treasurer,,I,Rich Sattgast,792
Hanson,U.S. House,1,D,Corinna Robinson,324
Hanson,U.S. House,1,R,Kristi Noem,1009
Hanson,U.S. Senate,,D,Rick Weiland,365
Hanson,U.S. Senate,,R,Mike Rounds,752
Hanson,U.S. Senate,,I,Gordon Howie,67
Hanson,U.S. Senate,,I,Larry Pressler,165
Harding,Attorney General,,L,Chad Haber,59
Harding,Attorney General,,R,Marty Jackley,520
Harding,Commissioner of School and Public Lands,,D,John English,68
Harding,Commissioner of School and Public Lands,,R,Ryan Brunner,497
Harding,Governor,,D,Susan Wismer,47
Harding,Governor,,R,Dennis Daugaard,517
Harding,Governor,,,Michael J. Myers,46
Harding,Public Utilities Commissioner,,D,Wayne Schmidt,44
Harding,Public Utilities Commissioner,,I,David Allen,65
Harding,Public Utilities Commissioner,,R,Gary Hanson,445
Harding,Secretary of State,,C,Lori Stacey,29
Harding,Secretary of State,,L,Emmett Reistroffer,24
Harding,Secretary of State,,D,Angela Schultz,70
Harding,Secretary of State,,R,Shantel Krebs,454
Harding,State Auditor,,L,Kurt Evans,66
Harding,State Auditor,,R,Steve Barnett,497
Harding,State Treasurer,,D,Ken Santema,39
Harding,State Treasurer,,R,Denny Pierson,73
Harding,State Treasurer,,I,Rich Sattgast,446
Harding,U.S. House,1,D,Corinna Robinson,51
Harding,U.S. House,1,R,Kristi Noem,558
Harding,U.S. Senate,,D,Rick Weiland,46
Harding,U.S. Senate,,R,Mike Rounds,371
Harding,U.S. Senate,,I,Gordon Howie,60
Harding,U.S. Senate,,I,Larry Pressler,121
Hughes,Attorney General,,L,Chad Haber,726
Hughes,Attorney General,,R,Marty Jackley,5952
Hughes,Commissioner of School and Public Lands,,D,John English,894
Hughes,Commissioner of School and Public Lands,,R,Ryan Brunner,5218
Hughes,Governor,,D,Susan Wismer,1113
Hughes,Governor,,R,Dennis Daugaard,5668
Hughes,Governor,,,Michael J. Myers,156
Hughes,Public Utilities Commissioner,,D,Wayne Schmidt,242
Hughes,Public Utilities Commissioner,,I,David Allen,1348
Hughes,Public Utilities Commissioner,,R,Gary Hanson,4995
Hughes,Secretary of State,,C,Lori Stacey,167
Hughes,Secretary of State,,L,Emmett Reistroffer,149
Hughes,Secretary of State,,D,Angela Schultz,1552
Hughes,Secretary of State,,R,Shantel Krebs,4803
Hughes,State Auditor,,L,Kurt Evans,888
Hughes,State Auditor,,R,Steve Barnett,5552
Hughes,State Treasurer,,D,Ken Santema,248
Hughes,State Treasurer,,R,Denny Pierson,1432
Hughes,State Treasurer,,I,Rich Sattgast,4974
Hughes,U.S. House,1,D,Corinna Robinson,1975
Hughes,U.S. House,1,R,Kristi Noem,4899
Hughes,U.S. Senate,,D,Rick Weiland,1573
Hughes,U.S. Senate,,R,Mike Rounds,4197
Hughes,U.S. Senate,,I,Gordon Howie,122
Hughes,U.S. Senate,,I,Larry Pressler,1058
Hutchinson,Attorney General,,L,Chad Haber,248
Hutchinson,Attorney General,,R,Marty Jackley,2356
Hutchinson,Commissioner of School and Public Lands,,D,John English,299
Hutchinson,Commissioner of School and Public Lands,,R,Ryan Brunner,2014
Hutchinson,Governor,,D,Susan Wismer,466
Hutchinson,Governor,,R,Dennis Daugaard,2215
Hutchinson,Governor,,,Michael J. Myers,86
Hutchinson,Public Utilities Commissioner,,D,Wayne Schmidt,88
Hutchinson,Public Utilities Commissioner,,I,David Allen,428
Hutchinson,Public Utilities Commissioner,,R,Gary Hanson,2031
Hutchinson,Secretary of State,,C,Lori Stacey,82
Hutchinson,Secretary of State,,L,Emmett Reistroffer,53
Hutchinson,Secretary of State,,D,Angela Schultz,576
Hutchinson,Secretary of State,,R,Shantel Krebs,1817
Hutchinson,State Auditor,,L,Kurt Evans,260
Hutchinson,State Auditor,,R,Steve Barnett,2203
Hutchinson,State Treasurer,,D,Ken Santema,70
Hutchinson,State Treasurer,,R,Denny Pierson,602
Hutchinson,State Treasurer,,I,Rich Sattgast,1797
Hutchinson,U.S. House,1,D,Corinna Robinson,557
Hutchinson,U.S. House,1,R,Kristi Noem,2206
Hutchinson,U.S. Senate,,D,Rick Weiland,575
Hutchinson,U.S. Senate,,R,Mike Rounds,1640
Hutchinson,U.S. Senate,,I,Gordon Howie,75
Hutchinson,U.S. Senate,,I,Larry Pressler,494
Hyde,Attorney General,,L,Chad Haber,59
Hyde,Attorney General,,R,Marty Jackley,510
Hyde,Commissioner of School and Public Lands,,D,John English,77
Hyde,Commissioner of School and Public Lands,,R,Ryan Brunner,452
Hyde,Governor,,D,Susan Wismer,111
Hyde,Governor,,R,Dennis Daugaard,479
Hyde,Governor,,,Michael J. Myers,13
Hyde,Public Utilities Commissioner,,D,Wayne Schmidt,25
Hyde,Public Utilities Commissioner,,I,David Allen,125
Hyde,Public Utilities Commissioner,,R,Gary Hanson,414
Hyde,Secretary of State,,C,Lori Stacey,10
Hyde,Secretary of State,,L,Emmett Reistroffer,10
Hyde,Secretary of State,,D,Angela Schultz,151
Hyde,Secretary of State,,R,Shantel Krebs,400
Hyde,State Auditor,,L,Kurt Evans,79
Hyde,State Auditor,,R,Steve Barnett,472
Hyde,State Treasurer,,D,Ken Santema,18
Hyde,State Treasurer,,R,Denny Pierson,134
Hyde,State Treasurer,,I,Rich Sattgast,421
Hyde,U.S. House,1,D,Corinna Robinson,147
Hyde,U.S. House,1,R,Kristi Noem,457
Hyde,U.S. Senate,,D,Rick Weiland,128
Hyde,U.S. Senate,,R,Mike Rounds,384
Hyde,U.S. Senate,,I,Gordon Howie,21
Hyde,U.S. Senate,,I,Larry Pressler,72
Jackson,Attorney General,,L,Chad Haber,192
Jackson,Attorney General,,R,Marty Jackley,659
Jackson,Commissioner of School and Public Lands,,D,John English,218
Jackson,Commissioner of School and Public Lands,,R,Ryan Brunner,571
Jackson,Governor,,D,Susan Wismer,233
Jackson,Governor,,R,Dennis Daugaard,616
Jackson,Governor,,,Michael J. Myers,57
Jackson,Public Utilities Commissioner,,D,Wayne Schmidt,46
Jackson,Public Utilities Commissioner,,I,David Allen,268
Jackson,Public Utilities Commissioner,,R,Gary Hanson,528
Jackson,Secretary of State,,C,Lori Stacey,49
Jackson,Secretary of State,,L,Emmett Reistroffer,17
Jackson,Secretary of State,,D,Angela Schultz,271
Jackson,Secretary of State,,R,Shantel Krebs,525
Jackson,State Auditor,,L,Kurt Evans,204
Jackson,State Auditor,,R,Steve Barnett,602
Jackson,State Treasurer,,D,Ken Santema,47
Jackson,State Treasurer,,R,Denny Pierson,279
Jackson,State Treasurer,,I,Rich Sattgast,521
Jackson,U.S. House,1,D,Corinna Robinson,274
Jackson,U.S. House,1,R,Kristi Noem,643
Jackson,U.S. Senate,,D,Rick Weiland,269
Jackson,U.S. Senate,,R,Mike Rounds,472
Jackson,U.S. Senate,,I,Gordon Howie,45
Jackson,U.S. Senate,,I,Larry Pressler,133
Jerauld,Attorney General,,L,Chad Haber,91
Jerauld,Attorney General,,R,Marty Jackley,669
Jerauld,Commissioner of School and Public Lands,,D,John English,118
Jerauld,Commissioner of School and Public Lands,,R,Ryan Brunner,547
Jerauld,Governor,,D,Susan Wismer,197
Jerauld,Governor,,R,Dennis Daugaard,627
Jerauld,Governor,,,Michael J. Myers,16
Jerauld,Public Utilities Commissioner,,D,Wayne Schmidt,29
Jerauld,Public Utilities Commissioner,,I,David Allen,239
Jerauld,Public Utilities Commissioner,,R,Gary Hanson,558
Jerauld,Secretary of State,,C,Lori Stacey,24
Jerauld,Secretary of State,,L,Emmett Reistroffer,17
Jerauld,Secretary of State,,D,Angela Schultz,285
Jerauld,Secretary of State,,R,Shantel Krebs,427
Jerauld,State Auditor,,L,Kurt Evans,143
Jerauld,State Auditor,,R,Steve Barnett,634
Jerauld,State Treasurer,,D,Ken Santema,26
Jerauld,State Treasurer,,R,Denny Pierson,273
Jerauld,State Treasurer,,I,Rich Sattgast,472
Jerauld,U.S. House,1,D,Corinna Robinson,275
Jerauld,U.S. House,1,R,Kristi Noem,557
Jerauld,U.S. Senate,,D,Rick Weiland,292
Jerauld,U.S. Senate,,R,Mike Rounds,361
Jerauld,U.S. Senate,,I,Gordon Howie,26
Jerauld,U.S. Senate,,I,Larry Pressler,167
Jones,Attorney General,,L,Chad Haber,36
Jones,Attorney General,,R,Marty Jackley,420
Jones,Commissioner of School and Public Lands,,D,John English,61
Jones,Commissioner of School and Public Lands,,R,Ryan Brunner,368
Jones,Governor,,D,Susan Wismer,60
Jones,Governor,,R,Dennis Daugaard,390
Jones,Governor,,,Michael J. Myers,13
Jones,Public Utilities Commissioner,,D,Wayne Schmidt,22
Jones,Public Utilities Commissioner,,I,David Allen,64
Jones,Public Utilities Commissioner,,R,Gary Hanson,359
Jones,Secretary of State,,C,Lori Stacey,23
Jones,Secretary of State,,L,Emmett Reistroffer,9
Jones,Secretary of State,,D,Angela Schultz,73
Jones,Secretary of State,,R,Shantel Krebs,332
Jones,State Auditor,,L,Kurt Evans,48
Jones,State Auditor,,R,Steve Barnett,397
Jones,State Treasurer,,D,Ken Santema,18
Jones,State Treasurer,,R,Denny Pierson,69
Jones,State Treasurer,,I,Rich Sattgast,359
Jones,U.S. House,1,D,Corinna Robinson,70
Jones,U.S. House,1,R,Kristi Noem,398
Jones,U.S. Senate,,D,Rick Weiland,66
Jones,U.S. Senate,,R,Mike Rounds,292
Jones,U.S. Senate,,I,Gordon Howie,33
Jones,U.S. Senate,,I,Larry Pressler,72
Kingsbury,Attorney General,,L,Chad Haber,322
Kingsbury,Attorney General,,R,Marty Jackley,1428
Kingsbury,Commissioner of School and Public Lands,,D,John English,347
Kingsbury,Commissioner of School and Public Lands,,R,Ryan Brunner,1397
Kingsbury,Governor,,D,Susan Wismer,568
Kingsbury,Governor,,R,Dennis Daugaard,1480
Kingsbury,Governor,,,Michael J. Myers,65
Kingsbury,Public Utilities Commissioner,,D,Wayne Schmidt,66
Kingsbury,Public Utilities Commissioner,,I,David Allen,534
Kingsbury,Public Utilities Commissioner,,R,Gary Hanson,1338
Kingsbury,Secretary of State,,C,Lori Stacey,74
Kingsbury,Secretary of State,,L,Emmett Reistroffer,42
Kingsbury,Secretary of State,,D,Angela Schultz,625
Kingsbury,Secretary of State,,R,Shantel Krebs,1225
Kingsbury,State Auditor,,L,Kurt Evans,312
Kingsbury,State Auditor,,R,Steve Barnett,1520
Kingsbury,State Treasurer,,D,Ken Santema,94
Kingsbury,State Treasurer,,R,Denny Pierson,347
Kingsbury,State Treasurer,,I,Rich Sattgast,1223
Kingsbury,U.S. House,1,D,Corinna Robinson,726
Kingsbury,U.S. House,1,R,Kristi Noem,1372
Kingsbury,U.S. Senate,,D,Rick Weiland,669
Kingsbury,U.S. Senate,,R,Mike Rounds,1026
Kingsbury,U.S. Senate,,I,Gordon Howie,61
Kingsbury,U.S. Senate,,I,Larry Pressler,376
Lake,Attorney General,,L,Chad Haber,718
Lake,Attorney General,,R,Marty Jackley,3691
Lake,Commissioner of School and Public Lands,,D,John English,887
Lake,Commissioner of School and Public Lands,,R,Ryan Brunner,3021
Lake,Governor,,D,Susan Wismer,1205
Lake,Governor,,R,Dennis Daugaard,3493
Lake,Governor,,,Michael J. Myers,172
Lake,Public Utilities Commissioner,,D,Wayne Schmidt,207
Lake,Public Utilities Commissioner,,I,David Allen,1280
Lake,Public Utilities Commissioner,,R,Gary Hanson,2885
Lake,Secretary of State,,C,Lori Stacey,177
Lake,Secretary of State,,L,Emmett Reistroffer,162
Lake,Secretary of State,,D,Angela Schultz,1424
Lake,Secretary of State,,R,Shantel Krebs,2714
Lake,State Auditor,,L,Kurt Evans,780
Lake,State Auditor,,R,Steve Barnett,3358
Lake,State Treasurer,,D,Ken Santema,228
Lake,State Treasurer,,R,Denny Pierson,1507
Lake,State Treasurer,,I,Rich Sattgast,2249
Lake,U.S. House,1,D,Corinna Robinson,1654
Lake,U.S. House,1,R,Kristi Noem,3175
Lake,U.S. Senate,,D,Rick Weiland,1862
Lake,U.S. Senate,,R,Mike Rounds,2283
Lake,U.S. Senate,,I,Gordon Howie,117
Lake,U.S. Senate,,I,Larry Pressler,637
Lawrence,Attorney General,,L,Chad Haber,1490
Lawrence,Attorney General,,R,Marty Jackley,6694
Lawrence,Commissioner of School and Public Lands,,D,John English,1764
Lawrence,Commissioner of School and Public Lands,,R,Ryan Brunner,5781
Lawrence,Governor,,D,Susan Wismer,2000
Lawrence,Governor,,R,Dennis Daugaard,6434
Lawrence,Governor,,,Michael J. Myers,462
Lawrence,Public Utilities Commissioner,,D,Wayne Schmidt,552
Lawrence,Public Utilities Commissioner,,I,David Allen,2367
Lawrence,Public Utilities Commissioner,,R,Gary Hanson,5203
Lawrence,Secretary of State,,C,Lori Stacey,380
Lawrence,Secretary of State,,L,Emmett Reistroffer,355
Lawrence,Secretary of State,,D,Angela Schultz,2346
Lawrence,Secretary of State,,R,Shantel Krebs,5220
Lawrence,State Auditor,,L,Kurt Evans,1614
Lawrence,State Auditor,,R,Steve Barnett,6053
Lawrence,State Treasurer,,D,Ken Santema,583
Lawrence,State Treasurer,,R,Denny Pierson,2258
Lawrence,State Treasurer,,I,Rich Sattgast,5407
Lawrence,U.S. House,1,D,Corinna Robinson,2707
Lawrence,U.S. House,1,R,Kristi Noem,6168
Lawrence,U.S. Senate,,D,Rick Weiland,2262
Lawrence,U.S. Senate,,R,Mike Rounds,4793
Lawrence,U.S. Senate,,I,Gordon Howie,322
Lawrence,U.S. Senate,,I,Larry Pressler,1582
Lincoln,Attorney General,,L,Chad Haber,2116
Lincoln,Attorney General,,R,Marty Jackley,13514
Lincoln,Commissioner of School and Public Lands,,D,John English,2637
Lincoln,Commissioner of School and Public Lands,,R,Ryan Brunner,11294
Lincoln,Governor,,D,Susan Wismer,3513
Lincoln,Governor,,R,Dennis Daugaard,12768
Lincoln,Governor,,,Michael J. Myers,589
Lincoln,Public Utilities Commissioner,,D,Wayne Schmidt,578
Lincoln,Public Utilities Commissioner,,I,David Allen,3304
Lincoln,Public Utilities Commissioner,,R,Gary Hanson,11817
Lincoln,Secretary of State,,C,Lori Stacey,459
Lincoln,Secretary of State,,L,Emmett Reistroffer,491
Lincoln,Secretary of State,,D,Angela Schultz,4143
Lincoln,Secretary of State,,R,Shantel Krebs,10825
Lincoln,State Auditor,,L,Kurt Evans,2224
Lincoln,State Auditor,,R,Steve Barnett,12616
Lincoln,State Treasurer,,D,Ken Santema,721
Lincoln,State Treasurer,,R,Denny Pierson,4393
Lincoln,State Treasurer,,I,Rich Sattgast,10355
Lincoln,U.S. House,1,D,Corinna Robinson,4951
Lincoln,U.S. House,1,R,Kristi Noem,11837
Lincoln,U.S. Senate,,D,Rick Weiland,4218
Lincoln,U.S. Senate,,R,Mike Rounds,9353
Lincoln,U.S. Senate,,I,Gordon Howie,409
Lincoln,U.S. Senate,,I,Larry Pressler,3005
Lyman,Attorney General,,L,Chad Haber,224
Lyman,Attorney General,,R,Marty Jackley,951
Lyman,Commissioner of School and Public Lands,,D,John English,280
Lyman,Commissioner of School and Public Lands,,R,Ryan Brunner,777
Lyman,Governor,,D,Susan Wismer,318
Lyman,Governor,,R,Dennis Daugaard,863
Lyman,Governor,,,Michael J. Myers,56
Lyman,Public Utilities Commissioner,,D,Wayne Schmidt,55
Lyman,Public Utilities Commissioner,,I,David Allen,330
Lyman,Public Utilities Commissioner,,R,Gary Hanson,765
Lyman,Secretary of State,,C,Lori Stacey,59
Lyman,Secretary of State,,L,Emmett Reistroffer,41
Lyman,Secretary of State,,D,Angela Schultz,386
Lyman,Secretary of State,,R,Shantel Krebs,656
Lyman,State Auditor,,L,Kurt Evans,234
Lyman,State Auditor,,R,Steve Barnett,884
Lyman,State Treasurer,,D,Ken Santema,58
Lyman,State Treasurer,,R,Denny Pierson,367
Lyman,State Treasurer,,I,Rich Sattgast,743
Lyman,U.S. House,1,D,Corinna Robinson,409
Lyman,U.S. House,1,R,Kristi Noem,826
Lyman,U.S. Senate,,D,Rick Weiland,361
Lyman,U.S. Senate,,R,Mike Rounds,630
Lyman,U.S. Senate,,I,Gordon Howie,56
Lyman,U.S. Senate,,I,Larry Pressler,194
Marshall,Attorney General,,L,Chad Haber,314
Marshall,Attorney General,,R,Marty Jackley,1198
Marshall,Commissioner of School and Public Lands,,D,John English,350
Marshall,Commissioner of School and Public Lands,,R,Ryan Brunner,961
Marshall,Governor,,D,Susan Wismer,970
Marshall,Governor,,R,Dennis Daugaard,760
Marshall,Governor,,,Michael J. Myers,33
Marshall,Public Utilities Commissioner,,D,Wayne Schmidt,57
Marshall,Public Utilities Commissioner,,I,David Allen,628
Marshall,Public Utilities Commissioner,,R,Gary Hanson,909
Marshall,Secretary of State,,C,Lori Stacey,48
Marshall,Secretary of State,,L,Emmett Reistroffer,34
Marshall,Secretary of State,,D,Angela Schultz,761
Marshall,Secretary of State,,R,Shantel Krebs,741
Marshall,State Auditor,,L,Kurt Evans,316
Marshall,State Auditor,,R,Steve Barnett,1110
Marshall,State Treasurer,,D,Ken Santema,57
Marshall,State Treasurer,,R,Denny Pierson,719
Marshall,State Treasurer,,I,Rich Sattgast,783
Marshall,U.S. House,1,D,Corinna Robinson,699
Marshall,U.S. House,1,R,Kristi Noem,1022
Marshall,U.S. Senate,,D,Rick Weiland,693
Marshall,U.S. Senate,,R,Mike Rounds,684
Marshall,U.S. Senate,,I,Gordon Howie,17
Marshall,U.S. Senate,,I,Larry Pressler,360
McCook,Attorney General,,L,Chad Haber,249
McCook,Attorney General,,R,Marty Jackley,1643
McCook,Commissioner of School and Public Lands,,D,John English,331
McCook,Commissioner of School and Public Lands,,R,Ryan Brunner,1324
McCook,Governor,,D,Susan Wismer,462
McCook,Governor,,R,Dennis Daugaard,1522
McCook,Governor,,,Michael J. Myers,73
McCook,Public Utilities Commissioner,,D,Wayne Schmidt,106
McCook,Public Utilities Commissioner,,I,David Allen,666
McCook,Public Utilities Commissioner,,R,Gary Hanson,1333
McCook,Secretary of State,,C,Lori Stacey,110
McCook,Secretary of State,,L,Emmett Reistroffer,46
McCook,Secretary of State,,D,Angela Schultz,583
McCook,Secretary of State,,R,Shantel Krebs,1154
McCook,State Auditor,,L,Kurt Evans,284
McCook,State Auditor,,R,Steve Barnett,1509
McCook,State Treasurer,,D,Ken Santema,82
McCook,State Treasurer,,R,Denny Pierson,650
McCook,State Treasurer,,I,Rich Sattgast,1153
McCook,U.S. House,1,D,Corinna Robinson,591
McCook,U.S. House,1,R,Kristi Noem,1452
McCook,U.S. Senate,,D,Rick Weiland,561
McCook,U.S. Senate,,R,Mike Rounds,998
McCook,U.S. Senate,,I,Gordon Howie,86
McCook,U.S. Senate,,I,Larry Pressler,418
McPherson,Attorney General,,L,Chad Haber,110
McPherson,Attorney General,,R,Marty Jackley,856
McPherson,Commissioner of School and Public Lands,,D,John English,93
McPherson,Commissioner of School and Public Lands,,R,Ryan Brunner,804
McPherson,Governor,,D,Susan Wismer,160
McPherson,Governor,,R,Dennis Daugaard,848
McPherson,Governor,,,Michael J. Myers,20
McPherson,Public Utilities Commissioner,,D,Wayne Schmidt,44
McPherson,Public Utilities Commissioner,,I,David Allen,142
McPherson,Public Utilities Commissioner,,R,Gary Hanson,752
McPherson,Secretary of State,,C,Lori Stacey,28
McPherson,Secretary of State,,L,Emmett Reistroffer,25
McPherson,Secretary of State,,D,Angela Schultz,181
McPherson,Secretary of State,,R,Shantel Krebs,725
McPherson,State Auditor,,L,Kurt Evans,107
McPherson,State Auditor,,R,Steve Barnett,835
McPherson,State Treasurer,,D,Ken Santema,41
McPherson,State Treasurer,,R,Denny Pierson,165
McPherson,State Treasurer,,I,Rich Sattgast,736
McPherson,U.S. House,1,D,Corinna Robinson,183
McPherson,U.S. House,1,R,Kristi Noem,830
McPherson,U.S. Senate,,D,Rick Weiland,173
McPherson,U.S. Senate,,R,Mike Rounds,677
McPherson,U.S. Senate,,I,Gordon Howie,27
McPherson,U.S. Senate,,I,Larry Pressler,154
Meade,Attorney General,,L,Chad Haber,1147
Meade,Attorney General,,R,Marty Jackley,6829
Meade,Commissioner of School and Public Lands,,D,John English,1462
Meade,Commissioner of School and Public Lands,,R,Ryan Brunner,5840
Meade,Governor,,D,Susan Wismer,1373
Meade,Governor,,R,Dennis Daugaard,6503
Meade,Governor,,,Michael J. Myers,432
Meade,Public Utilities Commissioner,,D,Wayne Schmidt,588
Meade,Public Utilities Commissioner,,I,David Allen,1783
Meade,Public Utilities Commissioner,,R,Gary Hanson,5235
Meade,Secretary of State,,C,Lori Stacey,431
Meade,Secretary of State,,L,Emmett Reistroffer,306
Meade,Secretary of State,,D,Angela Schultz,1753
Meade,Secretary of State,,R,Shantel Krebs,5260
Meade,State Auditor,,L,Kurt Evans,1338
Meade,State Auditor,,R,Steve Barnett,6019
Meade,State Treasurer,,D,Ken Santema,532
Meade,State Treasurer,,R,Denny Pierson,1785
Meade,State Treasurer,,I,Rich Sattgast,5295
Meade,U.S. House,1,D,Corinna Robinson,1905
Meade,U.S. House,1,R,Kristi Noem,6410
Meade,U.S. Senate,,D,Rick Weiland,1565
Meade,U.S. Senate,,R,Mike Rounds,4910
Meade,U.S. Senate,,I,Gordon Howie,445
Meade,U.S. Senate,,I,Larry Pressler,1456
Melletet,Governor,,D,Susan Wismer,224
Melletet,Governor,,R,Dennis Daugaard,424
Melletet,Governor,,,Michael J. Myers,33
Melletet,Secretary of State,,C,Lori Stacey,50
Melletet,Secretary of State,,L,Emmett Reistroffer,19
Melletet,Secretary of State,,D,Angela Schultz,275
Melletet,Secretary of State,,R,Shantel Krebs,292
Melletet,U.S. Senate,,D,Rick Weiland,305
Melletet,U.S. Senate,,R,Mike Rounds,252
Melletet,U.S. Senate,,I,Gordon Howie,31
Melletet,U.S. Senate,,I,Larry Pressler,98
Mellette,Attorney General,,L,Chad Haber,161
Mellette,Attorney General,,R,Marty Jackley,469
Mellette,Commissioner of School and Public Lands,,D,John English,210
Mellette,Commissioner of School and Public Lands,,R,Ryan Brunner,368
Mellette,Public Utilities Commissioner,,D,Wayne Schmidt,56
Mellette,Public Utilities Commissioner,,I,David Allen,246
Mellette,Public Utilities Commissioner,,R,Gary Hanson,325
Mellette,State Auditor,,L,Kurt Evans,166
Mellette,State Auditor,,R,Steve Barnett,432
Mellette,State Treasurer,,D,Ken Santema,44
Mellette,State Treasurer,,R,Denny Pierson,241
Mellette,State Treasurer,,I,Rich Sattgast,348
Mellette,U.S. House,1,D,Corinna Robinson,246
Mellette,U.S. House,1,R,Kristi Noem,426
Miner,Attorney General,,L,Chad Haber,112
Miner,Attorney General,,R,Marty Jackley,681
Miner,Commissioner of School and Public Lands,,D,John English,147
Miner,Commissioner of School and Public Lands,,R,Ryan Brunner,529
Miner,Governor,,D,Susan Wismer,224
Miner,Governor,,R,Dennis Daugaard,621
Miner,Governor,,,Michael J. Myers,31
Miner,Public Utilities Commissioner,,D,Wayne Schmidt,30
Miner,Public Utilities Commissioner,,I,David Allen,246
Miner,Public Utilities Commissioner,,R,Gary Hanson,503
Miner,Secretary of State,,C,Lori Stacey,35
Miner,Secretary of State,,L,Emmett Reistroffer,19
Miner,Secretary of State,,D,Angela Schultz,295
Miner,Secretary of State,,R,Shantel Krebs,426
Miner,State Auditor,,L,Kurt Evans,130
Miner,State Auditor,,R,Steve Barnett,594
Miner,State Treasurer,,D,Ken Santema,29
Miner,State Treasurer,,R,Denny Pierson,297
Miner,State Treasurer,,I,Rich Sattgast,462
Miner,U.S. House,1,D,Corinna Robinson,284
Miner,U.S. House,1,R,Kristi Noem,586
Miner,U.S. Senate,,D,Rick Weiland,296
Miner,U.S. Senate,,R,Mike Rounds,405
Miner,U.S. Senate,,I,Gordon Howie,32
Miner,U.S. Senate,,I,Larry Pressler,151
Minnehaha,Attorney General,,L,Chad Haber,9034
Minnehaha,Attorney General,,R,Marty Jackley,39817
Minnehaha,Commissioner of School and Public Lands,,D,John English,10837
Minnehaha,Commissioner of School and Public Lands,,R,Ryan Brunner,31497
Minnehaha,Governor,,D,Susan Wismer,14716
Minnehaha,Governor,,R,Dennis Daugaard,37228
Minnehaha,Governor,,,Michael J. Myers,2320
Minnehaha,Public Utilities Commissioner,,D,Wayne Schmidt,2040
Minnehaha,Public Utilities Commissioner,,I,David Allen,13852
Minnehaha,Public Utilities Commissioner,,R,Gary Hanson,34129
Minnehaha,Secretary of State,,C,Lori Stacey,1596
Minnehaha,Secretary of State,,L,Emmett Reistroffer,1923
Minnehaha,Secretary of State,,D,Angela Schultz,17121
Minnehaha,Secretary of State,,R,Shantel Krebs,30219
Minnehaha,State Auditor,,L,Kurt Evans,9175
Minnehaha,State Auditor,,R,Steve Barnett,36040
Minnehaha,State Treasurer,,D,Ken Santema,2515
Minnehaha,State Treasurer,,R,Denny Pierson,18668
Minnehaha,State Treasurer,,I,Rich Sattgast,28217
Minnehaha,U.S. House,1,D,Corinna Robinson,20520
Minnehaha,U.S. House,1,R,Kristi Noem,33281
Minnehaha,U.S. Senate,,D,Rick Weiland,17739
Minnehaha,U.S. Senate,,R,Mike Rounds,25771
Minnehaha,U.S. Senate,,I,Gordon Howie,1266
Minnehaha,U.S. Senate,,I,Larry Pressler,9886
Moody,Attorney General,,L,Chad Haber,463
Moody,Attorney General,,R,Marty Jackley,1729
Moody,Commissioner of School and Public Lands,,D,John English,552
Moody,Commissioner of School and Public Lands,,R,Ryan Brunner,1406
Moody,Governor,,D,Susan Wismer,638
Moody,Governor,,R,Dennis Daugaard,1658
Moody,Governor,,,Michael J. Myers,97
Moody,Public Utilities Commissioner,,D,Wayne Schmidt,110
Moody,Public Utilities Commissioner,,I,David Allen,755
Moody,Public Utilities Commissioner,,R,Gary Hanson,1334
Moody,Secretary of State,,C,Lori Stacey,88
Moody,Secretary of State,,L,Emmett Reistroffer,59
Moody,Secretary of State,,D,Angela Schultz,888
Moody,Secretary of State,,R,Shantel Krebs,1185
Moody,State Auditor,,L,Kurt Evans,504
Moody,State Auditor,,R,Steve Barnett,1556
Moody,State Treasurer,,D,Ken Santema,113
Moody,State Treasurer,,R,Denny Pierson,887
Moody,State Treasurer,,I,Rich Sattgast,1180
Moody,U.S. House,1,D,Corinna Robinson,901
Moody,U.S. House,1,R,Kristi Noem,1471
Moody,U.S. Senate,,D,Rick Weiland,833
Moody,U.S. Senate,,R,Mike Rounds,1062
Moody,U.S. Senate,,I,Gordon Howie,75
Moody,U.S. Senate,,I,Larry Pressler,447
Pennington,Attorney General,,L,Chad Haber,5544
Pennington,Attorney General,,R,Marty Jackley,25421
Pennington,Commissioner of School and Public Lands,,D,John English,6490
Pennington,Commissioner of School and Public Lands,,R,Ryan Brunner,21649
Pennington,Governor,,D,Susan Wismer,7551
Pennington,Governor,,R,Dennis Daugaard,24340
Pennington,Governor,,,Michael J. Myers,1564
Pennington,Public Utilities Commissioner,,D,Wayne Schmidt,1891
Pennington,Public Utilities Commissioner,,I,David Allen,8660
Pennington,Public Utilities Commissioner,,R,Gary Hanson,19852
Pennington,Secretary of State,,C,Lori Stacey,1349
Pennington,Secretary of State,,L,Emmett Reistroffer,1206
Pennington,Secretary of State,,D,Angela Schultz,8541
Pennington,Secretary of State,,R,Shantel Krebs,20380
Pennington,State Auditor,,L,Kurt Evans,5991
Pennington,State Auditor,,R,Steve Barnett,22963
Pennington,State Treasurer,,D,Ken Santema,1940
Pennington,State Treasurer,,R,Denny Pierson,8798
Pennington,State Treasurer,,I,Rich Sattgast,20189
Pennington,U.S. House,1,D,Corinna Robinson,10125
Pennington,U.S. House,1,R,Kristi Noem,23350
Pennington,U.S. Senate,,D,Rick Weiland,8244
Pennington,U.S. Senate,,R,Mike Rounds,18812
Pennington,U.S. Senate,,I,Gordon Howie,1223
Pennington,U.S. Senate,,I,Larry Pressler,5439
Perkins,Attorney General,,L,Chad Haber,185
Perkins,Attorney General,,R,Marty Jackley,1060
Perkins,Commissioner of School and Public Lands,,D,John English,172
Perkins,Commissioner of School and Public Lands,,R,Ryan Brunner,979
Perkins,Governor,,D,Susan Wismer,184
Perkins,Governor,,R,Dennis Daugaard,1066
Perkins,Governor,,,Michael J. Myers,77
Perkins,Public Utilities Commissioner,,D,Wayne Schmidt,111
Perkins,Public Utilities Commissioner,,I,David Allen,239
Perkins,Public Utilities Commissioner,,R,Gary Hanson,826
Perkins,Secretary of State,,C,Lori Stacey,96
Perkins,Secretary of State,,L,Emmett Reistroffer,40
Perkins,Secretary of State,,D,Angela Schultz,243
Perkins,Secretary of State,,R,Shantel Krebs,864
Perkins,State Auditor,,L,Kurt Evans,185
Perkins,State Auditor,,R,Steve Barnett,944
Perkins,State Treasurer,,D,Ken Santema,87
Perkins,State Treasurer,,R,Denny Pierson,215
Perkins,State Treasurer,,I,Rich Sattgast,839
Perkins,U.S. House,1,D,Corinna Robinson,222
Perkins,U.S. House,1,R,Kristi Noem,1113
Perkins,U.S. Senate,,D,Rick Weiland,242
Perkins,U.S. Senate,,R,Mike Rounds,792
Perkins,U.S. Senate,,I,Gordon Howie,101
Perkins,U.S. Senate,,I,Larry Pressler,208
Potetr,Governor,,D,Susan Wismer,170
Potetr,Governor,,R,Dennis Daugaard,973
Potetr,Governor,,,Michael J. Myers,23
Potetr,Secretary of State,,C,Lori Stacey,42
Potetr,Secretary of State,,L,Emmett Reistroffer,19
Potetr,Secretary of State,,D,Angela Schultz,242
Potetr,Secretary of State,,R,Shantel Krebs,769
Potetr,U.S. Senate,,D,Rick Weiland,211
Potetr,U.S. Senate,,R,Mike Rounds,758
Potetr,U.S. Senate,,I,Gordon Howie,22
Potetr,U.S. Senate,,I,Larry Pressler,174
Potter,Attorney General,,L,Chad Haber,103
Potter,Attorney General,,R,Marty Jackley,1009
Potter,Commissioner of School and Public Lands,,D,John English,138
Potter,Commissioner of School and Public Lands,,R,Ryan Brunner,868
Potter,Public Utilities Commissioner,,D,Wayne Schmidt,69
Potter,Public Utilities Commissioner,,I,David Allen,183
Potter,Public Utilities Commissioner,,R,Gary Hanson,826
Potter,State Auditor,,L,Kurt Evans,117
Potter,State Auditor,,R,Steve Barnett,944
Potter,State Treasurer,,D,Ken Santema,35
Potter,State Treasurer,,R,Denny Pierson,215
Potter,State Treasurer,,I,Rich Sattgast,818
Potter,U.S. House,1,D,Corinna Robinson,227
Potter,U.S. House,1,R,Kristi Noem,931
Roberts,Attorney General,,L,Chad Haber,739
Roberts,Attorney General,,R,Marty Jackley,2179
Roberts,Commissioner of School and Public Lands,,D,John English,859
Roberts,Commissioner of School and Public Lands,,R,Ryan Brunner,1738
Roberts,Governor,,D,Susan Wismer,1346
Roberts,Governor,,R,Dennis Daugaard,1787
Roberts,Governor,,,Michael J. Myers,86
Roberts,Public Utilities Commissioner,,D,Wayne Schmidt,94
Roberts,Public Utilities Commissioner,,I,David Allen,1229
Roberts,Public Utilities Commissioner,,R,Gary Hanson,1699
Roberts,Secretary of State,,C,Lori Stacey,97
Roberts,Secretary of State,,L,Emmett Reistroffer,63
Roberts,Secretary of State,,D,Angela Schultz,1514
Roberts,Secretary of State,,R,Shantel Krebs,1285
Roberts,State Auditor,,L,Kurt Evans,788
Roberts,State Auditor,,R,Steve Barnett,1930
Roberts,State Treasurer,,D,Ken Santema,118
Roberts,State Treasurer,,R,Denny Pierson,1389
Roberts,State Treasurer,,I,Rich Sattgast,1431
Roberts,U.S. House,1,D,Corinna Robinson,1398
Roberts,U.S. House,1,R,Kristi Noem,1819
Roberts,U.S. Senate,,D,Rick Weiland,1377
Roberts,U.S. Senate,,R,Mike Rounds,1326
Roberts,U.S. Senate,,I,Gordon Howie,74
Roberts,U.S. Senate,,I,Larry Pressler,464
Sanborn,Attorney General,,L,Chad Haber,123
Sanborn,Attorney General,,R,Marty Jackley,684
Sanborn,Commissioner of School and Public Lands,,D,John English,189
Sanborn,Commissioner of School and Public Lands,,R,Ryan Brunner,562
Sanborn,Governor,,D,Susan Wismer,203
Sanborn,Governor,,R,Dennis Daugaard,634
Sanborn,Governor,,,Michael J. Myers,28
Sanborn,Public Utilities Commissioner,,D,Wayne Schmidt,46
Sanborn,Public Utilities Commissioner,,I,David Allen,253
Sanborn,Public Utilities Commissioner,,R,Gary Hanson,638
Sanborn,Secretary of State,,C,Lori Stacey,36
Sanborn,Secretary of State,,L,Emmett Reistroffer,20
Sanborn,Secretary of State,,D,Angela Schultz,251
Sanborn,Secretary of State,,R,Shantel Krebs,472
Sanborn,State Auditor,,L,Kurt Evans,149
Sanborn,State Auditor,,R,Steve Barnett,617
Sanborn,State Treasurer,,D,Ken Santema,35
Sanborn,State Treasurer,,R,Denny Pierson,257
Sanborn,State Treasurer,,I,Rich Sattgast,509
Sanborn,U.S. House,1,D,Corinna Robinson,239
Sanborn,U.S. House,1,R,Kristi Noem,626
Sanborn,U.S. Senate,,D,Rick Weiland,211
Sanborn,U.S. Senate,,R,Mike Rounds,407
Sanborn,U.S. Senate,,I,Gordon Howie,41
Sanborn,U.S. Senate,,I,Larry Pressler,213
Shannon,Attorney General,,L,Chad Haber,1513
Shannon,Attorney General,,R,Marty Jackley,680
Shannon,Commissioner of School and Public Lands,,D,John English,1578
Shannon,Commissioner of School and Public Lands,,R,Ryan Brunner,423
Shannon,Governor,,D,Susan Wismer,1875
Shannon,Governor,,R,Dennis Daugaard,590
Shannon,Governor,,,Michael J. Myers,206
Shannon,Public Utilities Commissioner,,D,Wayne Schmidt,139
Shannon,Public Utilities Commissioner,,I,David Allen,2185
Shannon,Public Utilities Commissioner,,R,Gary Hanson,241
Shannon,Secretary of State,,C,Lori Stacey,150
Shannon,Secretary of State,,L,Emmett Reistroffer,75
Shannon,Secretary of State,,D,Angela Schultz,2203
Shannon,Secretary of State,,R,Shantel Krebs,216
Shannon,State Auditor,,L,Kurt Evans,1548
Shannon,State Auditor,,R,Steve Barnett,491
Shannon,State Treasurer,,D,Ken Santema,149
Shannon,State Treasurer,,R,Denny Pierson,2216
Shannon,State Treasurer,,I,Rich Sattgast,219
Shannon,U.S. House,1,D,Corinna Robinson,2243
Shannon,U.S. House,1,R,Kristi Noem,507
Shannon,U.S. Senate,,D,Rick Weiland,2277
Shannon,U.S. Senate,,R,Mike Rounds,226
Shannon,U.S. Senate,,I,Gordon Howie,40
Shannon,U.S. Senate,,I,Larry Pressler,252
Spink,Attorney General,,L,Chad Haber,390
Spink,Attorney General,,R,Marty Jackley,1928
Spink,Commissioner of School and Public Lands,,D,John English,461
Spink,Commissioner of School and Public Lands,,R,Ryan Brunner,1572
Spink,Governor,,D,Susan Wismer,650
Spink,Governor,,R,Dennis Daugaard,1812
Spink,Governor,,,Michael J. Myers,72
Spink,Public Utilities Commissioner,,D,Wayne Schmidt,66
Spink,Public Utilities Commissioner,,I,David Allen,782
Spink,Public Utilities Commissioner,,R,Gary Hanson,1470
Spink,Secretary of State,,C,Lori Stacey,75
Spink,Secretary of State,,L,Emmett Reistroffer,59
Spink,Secretary of State,,D,Angela Schultz,921
Spink,Secretary of State,,R,Shantel Krebs,1276
Spink,State Auditor,,L,Kurt Evans,429
Spink,State Auditor,,R,Steve Barnett,1795
Spink,State Treasurer,,D,Ken Santema,93
Spink,State Treasurer,,R,Denny Pierson,804
Spink,State Treasurer,,I,Rich Sattgast,1414
Spink,U.S. House,1,D,Corinna Robinson,870
Spink,U.S. House,1,R,Kristi Noem,1648
Spink,U.S. Senate,,D,Rick Weiland,833
Spink,U.S. Senate,,R,Mike Rounds,1151
Spink,U.S. Senate,,I,Gordon Howie,68
Spink,U.S. Senate,,I,Larry Pressler,491
Stanley,Attorney General,,L,Chad Haber,139
Stanley,Attorney General,,R,Marty Jackley,1091
Stanley,Commissioner of School and Public Lands,,D,John English,205
Stanley,Commissioner of School and Public Lands,,R,Ryan Brunner,934
Stanley,Governor,,D,Susan Wismer,208
Stanley,Governor,,R,Dennis Daugaard,1042
Stanley,Governor,,,Michael J. Myers,42
Stanley,Public Utilities Commissioner,,D,Wayne Schmidt,57
Stanley,Public Utilities Commissioner,,I,David Allen,280
Stanley,Public Utilities Commissioner,,R,Gary Hanson,884
Stanley,Secretary of State,,C,Lori Stacey,39
Stanley,Secretary of State,,L,Emmett Reistroffer,34
Stanley,Secretary of State,,D,Angela Schultz,291
Stanley,Secretary of State,,R,Shantel Krebs,868
Stanley,State Auditor,,L,Kurt Evans,193
Stanley,State Auditor,,R,Steve Barnett,996
Stanley,State Treasurer,,D,Ken Santema,52
Stanley,State Treasurer,,R,Denny Pierson,261
Stanley,State Treasurer,,I,Rich Sattgast,919
Stanley,U.S. House,1,D,Corinna Robinson,319
Stanley,U.S. House,1,R,Kristi Noem,950
Stanley,U.S. Senate,,D,Rick Weiland,289
Stanley,U.S. Senate,,R,Mike Rounds,803
Stanley,U.S. Senate,,I,Gordon Howie,26
Stanley,U.S. Senate,,I,Larry Pressler,177
Sully,Attorney General,,L,Chad Haber,64
Sully,Attorney General,,R,Marty Jackley,592
Sully,Commissioner of School and Public Lands,,D,John English,85
Sully,Commissioner of School and Public Lands,,R,Ryan Brunner,533
Sully,Governor,,D,Susan Wismer,96
Sully,Governor,,R,Dennis Daugaard,565
Sully,Governor,,,Michael J. Myers,20
Sully,Public Utilities Commissioner,,D,Wayne Schmidt,27
Sully,Public Utilities Commissioner,,I,David Allen,117
Sully,Public Utilities Commissioner,,R,Gary Hanson,510
Sully,Secretary of State,,C,Lori Stacey,28
Sully,Secretary of State,,L,Emmett Reistroffer,19
Sully,Secretary of State,,D,Angela Schultz,152
Sully,Secretary of State,,R,Shantel Krebs,454
Sully,State Auditor,,L,Kurt Evans,78
Sully,State Auditor,,R,Steve Barnett,559
Sully,State Treasurer,,D,Ken Santema,33
Sully,State Treasurer,,R,Denny Pierson,117
Sully,State Treasurer,,I,Rich Sattgast,508
Sully,U.S. House,1,D,Corinna Robinson,137
Sully,U.S. House,1,R,Kristi Noem,545
Sully,U.S. Senate,,D,Rick Weiland,115
Sully,U.S. Senate,,R,Mike Rounds,446
Sully,U.S. Senate,,I,Gordon Howie,22
Sully,U.S. Senate,,I,Larry Pressler,102
Todd,Attorney General,,L,Chad Haber,994
Todd,Attorney General,,R,Marty Jackley,823
Todd,Commissioner of School and Public Lands,,D,John English,1040
Todd,Commissioner of School and Public Lands,,R,Ryan Brunner,591
Todd,Governor,,D,Susan Wismer,1354
Todd,Governor,,R,Dennis Daugaard,658
Todd,Governor,,,Michael J. Myers,132
Todd,Public Utilities Commissioner,,D,Wayne Schmidt,143
Todd,Public Utilities Commissioner,,I,David Allen,1466
Todd,Public Utilities Commissioner,,R,Gary Hanson,433
Todd,Secretary of State,,C,Lori Stacey,113
Todd,Secretary of State,,L,Emmett Reistroffer,69
Todd,Secretary of State,,D,Angela Schultz,1492
Todd,Secretary of State,,R,Shantel Krebs,398
Todd,State Auditor,,L,Kurt Evans,989
Todd,State Auditor,,R,Steve Barnett,718
Todd,State Treasurer,,D,Ken Santema,123
Todd,State Treasurer,,R,Denny Pierson,1473
Todd,State Treasurer,,I,Rich Sattgast,441
Todd,U.S. House,1,D,Corinna Robinson,1529
Todd,U.S. House,1,R,Kristi Noem,632
Todd,U.S. Senate,,D,Rick Weiland,1529
Todd,U.S. Senate,,R,Mike Rounds,407
Todd,U.S. Senate,,I,Gordon Howie,42
Todd,U.S. Senate,,I,Larry Pressler,238
Tripp,Attorney General,,L,Chad Haber,264
Tripp,Attorney General,,R,Marty Jackley,1845
Tripp,Commissioner of School and Public Lands,,D,John English,377
Tripp,Commissioner of School and Public Lands,,R,Ryan Brunner,1572
Tripp,Governor,,D,Susan Wismer,348
Tripp,Governor,,R,Dennis Daugaard,1793
Tripp,Governor,,,Michael J. Myers,52
Tripp,Public Utilities Commissioner,,D,Wayne Schmidt,89
Tripp,Public Utilities Commissioner,,I,David Allen,448
Tripp,Public Utilities Commissioner,,R,Gary Hanson,1531
Tripp,Secretary of State,,C,Lori Stacey,96
Tripp,Secretary of State,,L,Emmett Reistroffer,35
Tripp,Secretary of State,,D,Angela Schultz,540
Tripp,Secretary of State,,R,Shantel Krebs,1383
Tripp,State Auditor,,L,Kurt Evans,288
Tripp,State Auditor,,R,Steve Barnett,1748
Tripp,State Treasurer,,D,Ken Santema,84
Tripp,State Treasurer,,R,Denny Pierson,491
Tripp,State Treasurer,,I,Rich Sattgast,1508
Tripp,U.S. House,1,D,Corinna Robinson,500
Tripp,U.S. House,1,R,Kristi Noem,1691
Tripp,U.S. Senate,,D,Rick Weiland,506
Tripp,U.S. Senate,,R,Mike Rounds,1328
Tripp,U.S. Senate,,I,Gordon Howie,67
Tripp,U.S. Senate,,I,Larry Pressler,300
Turner,Attorney General,,L,Chad Haber,458
Turner,Attorney General,,R,Marty Jackley,2598
Turner,Commissioner of School and Public Lands,,D,John English,560
Turner,Commissioner of School and Public Lands,,R,Ryan Brunner,2208
Turner,Governor,,D,Susan Wismer,713
Turner,Governor,,R,Dennis Daugaard,2373
Turner,Governor,,,Michael J. Myers,211
Turner,Public Utilities Commissioner,,D,Wayne Schmidt,130
Turner,Public Utilities Commissioner,,I,David Allen,607
Turner,Public Utilities Commissioner,,R,Gary Hanson,2376
Turner,Secretary of State,,C,Lori Stacey,167
Turner,Secretary of State,,L,Emmett Reistroffer,76
Turner,Secretary of State,,D,Angela Schultz,849
Turner,Secretary of State,,R,Shantel Krebs,1949
Turner,State Auditor,,L,Kurt Evans,476
Turner,State Auditor,,R,Steve Barnett,2440
Turner,State Treasurer,,D,Ken Santema,141
Turner,State Treasurer,,R,Denny Pierson,881
Turner,State Treasurer,,I,Rich Sattgast,2001
Turner,U.S. House,1,D,Corinna Robinson,928
Turner,U.S. House,1,R,Kristi Noem,2339
Turner,U.S. Senate,,D,Rick Weiland,854
Turner,U.S. Senate,,R,Mike Rounds,1701
Turner,U.S. Senate,,I,Gordon Howie,135
Turner,U.S. Senate,,I,Larry Pressler,617
Union,Attorney General,,L,Chad Haber,858
Union,Attorney General,,R,Marty Jackley,3778
Union,Commissioner of School and Public Lands,,D,John English,885
Union,Commissioner of School and Public Lands,,R,Ryan Brunner,3464
Union,Governor,,D,Susan Wismer,1092
Union,Governor,,R,Dennis Daugaard,3754
Union,Governor,,,Michael J. Myers,255
Union,Public Utilities Commissioner,,D,Wayne Schmidt,215
Union,Public Utilities Commissioner,,I,David Allen,1218
Union,Public Utilities Commissioner,,R,Gary Hanson,3311
Union,Secretary of State,,C,Lori Stacey,166
Union,Secretary of State,,L,Emmett Reistroffer,151
Union,Secretary of State,,D,Angela Schultz,1402
Union,Secretary of State,,R,Shantel Krebs,3091
Union,State Auditor,,L,Kurt Evans,842
Union,State Auditor,,R,Steve Barnett,3654
Union,State Treasurer,,D,Ken Santema,249
Union,State Treasurer,,R,Denny Pierson,1405
Union,State Treasurer,,I,Rich Sattgast,3096
Union,U.S. House,1,D,Corinna Robinson,1403
Union,U.S. House,1,R,Kristi Noem,3693
Union,U.S. Senate,,D,Rick Weiland,1268
Union,U.S. Senate,,R,Mike Rounds,3150
Union,U.S. Senate,,I,Gordon Howie,133
Union,U.S. Senate,,I,Larry Pressler,584
Walworth,Attorney General,,L,Chad Haber,249
Walworth,Attorney General,,R,Marty Jackley,1558
Walworth,Commissioner of School and Public Lands,,D,John English,247
Walworth,Commissioner of School and Public Lands,,R,Ryan Brunner,1420
Walworth,Governor,,D,Susan Wismer,370
Walworth,Governor,,R,Dennis Daugaard,1493
Walworth,Governor,,,Michael J. Myers,52
Walworth,Public Utilities Commissioner,,D,Wayne Schmidt,224
Walworth,Public Utilities Commissioner,,I,David Allen,314
Walworth,Public Utilities Commissioner,,R,Gary Hanson,1280
Walworth,Secretary of State,,C,Lori Stacey,61
Walworth,Secretary of State,,L,Emmett Reistroffer,43
Walworth,Secretary of State,,D,Angela Schultz,442
Walworth,Secretary of State,,R,Shantel Krebs,1217
Walworth,State Auditor,,L,Kurt Evans,234
Walworth,State Auditor,,R,Steve Barnett,1506
Walworth,State Treasurer,,D,Ken Santema,75
Walworth,State Treasurer,,R,Denny Pierson,422
Walworth,State Treasurer,,I,Rich Sattgast,1267
Walworth,U.S. House,1,D,Corinna Robinson,430
Walworth,U.S. House,1,R,Kristi Noem,1489
Walworth,U.S. Senate,,D,Rick Weiland,420
Walworth,U.S. Senate,,R,Mike Rounds,1213
Walworth,U.S. Senate,,I,Gordon Howie,49
Walworth,U.S. Senate,,I,Larry Pressler,251
Yankton,Attorney General,,L,Chad Haber,1296
Yankton,Attorney General,,R,Marty Jackley,5617
Yankton,Commissioner of School and Public Lands,,D,John English,1082
Yankton,Commissioner of School and Public Lands,,R,Ryan Brunner,4457
Yankton,Governor,,D,Susan Wismer,2088
Yankton,Governor,,R,Dennis Daugaard,5310
Yankton,Governor,,,Michael J. Myers,326
Yankton,Public Utilities Commissioner,,D,Wayne Schmidt,304
Yankton,Public Utilities Commissioner,,I,David Allen,2522
Yankton,Public Utilities Commissioner,,R,Gary Hanson,4080
Yankton,Secretary of State,,C,Lori Stacey,308
Yankton,Secretary of State,,L,Emmett Reistroffer,216
Yankton,Secretary of State,,D,Angela Schultz,2400
Yankton,Secretary of State,,R,Shantel Krebs,3916
Yankton,State Auditor,,L,Kurt Evans,1432
Yankton,State Auditor,,R,Steve Barnett,5053
Yankton,State Treasurer,,D,Ken Santema,363
Yankton,State Treasurer,,R,Denny Pierson,2462
Yankton,State Treasurer,,I,Rich Sattgast,3912
Yankton,U.S. House,1,D,Corinna Robinson,2846
Yankton,U.S. House,1,R,Kristi Noem,4778
Yankton,U.S. Senate,,D,Rick Weiland,2497
Yankton,U.S. Senate,,R,Mike Rounds,3663
Yankton,U.S. Senate,,I,Gordon Howie,239
Yankton,U.S. Senate,,I,Larry Pressler,1339
Ziebach,Attorney General,,L,Chad Haber,173
Ziebach,Attorney General,,R,Marty Jackley,391
Ziebach,Commissioner of School and Public Lands,,D,John English,183
Ziebach,Commissioner of School and Public Lands,,R,Ryan Brunner,337
Ziebach,Governor,,D,Susan Wismer,238
Ziebach,Governor,,R,Dennis Daugaard,357
Ziebach,Governor,,,Michael J. Myers,33
Ziebach,Public Utilities Commissioner,,D,Wayne Schmidt,27
Ziebach,Public Utilities Commissioner,,I,David Allen,904
Ziebach,Public Utilities Commissioner,,R,Gary Hanson,249
Ziebach,Secretary of State,,C,Lori Stacey,29
Ziebach,Secretary of State,,L,Emmett Reistroffer,16
Ziebach,Secretary of State,,D,Angela Schultz,301
Ziebach,Secretary of State,,R,Shantel Krebs,246
Ziebach,State Auditor,,L,Kurt Evans,193
Ziebach,State Auditor,,R,Steve Barnett,337
Ziebach,State Treasurer,,D,Ken Santema,38
Ziebach,State Treasurer,,R,Denny Pierson,294
Ziebach,State Treasurer,,I,Rich Sattgast,244
Ziebach,U.S. House,1,D,Corinna Robinson,284
Ziebach,U.S. House,1,R,Kristi Noem,346
Ziebach,U.S. Senate,,D,Rick Weiland,293
Ziebach,U.S. Senate,,R,Mike Rounds,220
Ziebach,U.S. Senate,,I,Gordon Howie,29
Ziebach,U.S. Senate,,I,Larry Pressler,90
Brown,State Senate,1,D,Jason Frerichs,740
Day,State Senate,1,D,Jason Frerichs,1578
Marshall,State Senate,1,D,Jason Frerichs,1096
Roberts,State Senate,1,D,Jason Frerichs,2239
Brown,State Senate,2,R,Chuck Wink,1657
Clark,State Senate,2,R,Chuck Wink,572
Hamlin,State Senate,2,R,Chuck Wink,687
Spink,State Senate,2,R,Chuck Wink,1220
Brown,State Senate,2,R,Brock L. Erickson,1138
Clark,State Senate,2,R,Brock L. Erickson,946
Hamlin,State Senate,2,R,Brock L. Erickson,1486
Spink,State Senate,2,R,Brock L. Erickson,1014
Brown,State Senate,3,D,Mark Reynold,3596
Brown,State Senate,3,R,David N. Brown,4074
Brookings,State Senate,4,D,Jim Peterson,1692
Codington,State Senate,4,D,Jim Peterson,669
Deuel,State Senate,4,D,Jim Peterson,1214
Grant,State Senate,4,D,Jim Peterson,1889
Codington,State Senate,5,R,Reid Helmer,5724
Lincoln,State Senate,6,D,Neil Zwinger,1915
Lincoln,State Senate,6,R,Gene E. Abels,4877
Brookings,State Senate,7,R,Jay VanDaele,2223
Brookings,State Senate,7,R,Larry Tidemann,3729
Lake,State Senate,8,D,Scott Heidepriem,2648
Miner,State Senate,8,D,Scott Heidepriem,481
Moody,State Senate,8,D,Scott Heidepriem,1055
Sanborn,State Senate,8,D,Scott Heidepriem,358
Lake,State Senate,8,R,Chuck Jones,2111
Miner,State Senate,8,R,Chuck Jones,350
Moody,State Senate,8,R,Chuck Jones,1290
Sanborn,State Senate,8,R,Chuck Jones,437
Minnehaha,State Senate,9,R,Deb Soholt,4241
Minnehaha,State Senate,10,D,Michael H. Crump,2513
Minnehaha,State Senate,10,R,Jenna Heagle,4272
Minnehaha,State Senate,11,D,Tom H. Smith,3071
Minnehaha,State Senate,11,R,David M. Omdahl,4545
Lincoln,State Senate,12,D,Jim White,864
Minnehaha,State Senate,12,D,Jim White,1972
Lincoln,State Senate,12,R,Blake Curd,1751
Minnehaha,State Senate,12,R,Blake Curd,2514
Lincoln,State Senate,13,R,Phyllis J. Heinemann,2796
Minnehaha,State Senate,13,R,Phyllis J. Heinemann,3349
Minnehaha,State Senate,14,R,Deb J. Soholt,6023
Minnehaha,State Senate,15,D,Angie D. O'Dell,2349
Lincoln,State Senate,16,D,Jim Bradford,1333
Union,State Senate,16,D,Jim Bradford,2210
Lincoln,State Senate,16,R,Dan Lederman,1570
Union,State Senate,16,R,Dan Lederman,2872
Clay,State Senate,17,D,Michelle L. Stevens,1744
Turner,State Senate,17,D,Michelle L. Stevens,1054
Clay,State Senate,17,R,Arthur L. Rusch,1936
Turner,State Senate,17,R,Arthur L. Rusch,1937
Yankton,State Senate,18,D,Bernie L. Hunhoff,4300
Yankton,State Senate,18,R,Matt Soenne,3403
Bon Homme,State Senate,19,R,Bill L. Van Gerpen,1115
Douglas,State Senate,19,R,Bill L. Van Gerpen,1099
Hanson,State Senate,19,R,Bill L. Van Gerpen,929
Hutchinson,State Senate,19,R,Bill L. Van Gerpen,2141
McCook,State Senate,19,R,Bill L. Van Gerpen,1345
Aurora,State Senate,20,R,Mike Verchio,790
Davison,State Senate,20,R,Mike Verchio,4592
Jerauld,State Senate,20,R,Mike Verchio,549
Bon Homme,State Senate,21,D,Billie J. Sutton,594
Charles Mix,State Senate,21,D,Billie J. Sutton,2310
Gregory,State Senate,21,D,Billie J. Sutton,1394
Tripp,State Senate,21,D,Billie J. Sutton,1523
Beadle,State Senate,22,D,Darrell Isaak,1562
Kingsbury,State Senate,22,D,Darrell Isaak,637
Beadle,State Senate,22,R,Jim White,3888
Kingsbury,State Senate,22,R,Jim White,1292
Campbell,State Senate,23,R,Casey Crabtree,506
Edmunds,State Senate,23,R,Casey Crabtree,1203
Faulk,State Senate,23,R,Casey Crabtree,653
Hand,State Senate,23,R,Casey Crabtree,1019
McPherson,State Senate,23,R,Casey Crabtree,800
Potter,State Senate,23,R,Casey Crabtree,975
Spink,State Senate,23,R,Casey Crabtree,191
Walworth,State Senate,23,R,Casey Crabtree,1480
Hughes,State Senate,24,D,Ruth Buffalo,2960
Hyde,State Senate,24,D,Ruth Buffalo,163
Stanley,State Senate,24,D,Ruth Buffalo,503
Sully,State Senate,24,D,Ruth Buffalo,185
Hughes,State Senate,24,R,Jeff Monroe,3822
Hyde,State Senate,24,R,Jeff Monroe,409
Stanley,State Senate,24,R,Jeff Monroe,758
Sully,State Senate,24,R,Jeff Monroe,489
Minnehaha,State Senate,25,D,Bill L. Lynd,2577
Minnehaha,State Senate,25,R,Tim R. Goodwin,5492
Brule,State Senate,26,D,Troy E. Heinert,647
Buffalo,State Senate,26,D,Troy E. Heinert,333
Jones,State Senate,26,D,Troy E. Heinert,135
Lyman,State Senate,26,D,Troy E. Heinert,480
Mellette,State Senate,26,D,Troy E. Heinert,370
Todd,State Senate,26,D,Troy E. Heinert,1782
Todd,State Senate,26,R,John K. Kausen,405
Bennett,State Senate,27,D,Jim Bradford,614
Haakon,State Senate,27,D,Jim Bradford,333
Jackson,State Senate,27,D,Jim Bradford,467
Pennington,State Senate,27,D,Jim Bradford,72
Shannon,State Senate,27,D,Jim Bradford,2374
Butte,State Senate,28,D,Lynn L. Lucas,706
Corson,State Senate,28,D,Lynn L. Lucas,463
Dewey,State Senate,28,D,Lynn L. Lucas,1095
Harding,State Senate,28,D,Lynn L. Lucas,210
Perkins,State Senate,28,D,Lynn L. Lucas,455
Ziebach,State Senate,28,D,Lynn L. Lucas,388
Butte,State Senate,28,R,Betty J. Olson,1651
Corson,State Senate,28,R,Betty J. Olson,456
Dewey,State Senate,28,R,Betty J. Olson,379
Harding,State Senate,28,R,Betty J. Olson,391
Perkins,State Senate,28,R,Betty J. Olson,881
Ziebach,State Senate,28,R,Betty J. Olson,239
Butte,State Senate,29,R,Gary L. Cammack,564
Meade,State Senate,29,R,Gary L. Cammack,4910
Pennington,State Senate,29,R,Gary L. Cammack,143
Custer,State Senate,30,R,Bruce R. Kollbaum,2482
Fall River,State Senate,30,R,Bruce R. Kollbaum,1938
Pennington,State Senate,30,R,Bruce R. Kollbaum,2664
Lawrence,State Senate,31,R,Bob E. Ewing,6318
Pennington,State Senate,32,R,Alan D. Solano,5134
Meade,State Senate,33,D,Robin A. Schaff,517
Pennington,State Senate,33,D,Robin A. Schaff,2226
Meade,State Senate,33,R,Phil Jensen,1121
Pennington,State Senate,33,R,Phil Jensen,3895
Pennington,State Senate,34,R,Craig Tieszen,6776
Pennington,State Senate,35,R,Terri Haverly,3901
Brown,State House,1,D,Steven D. McCleerey,474
Day,State House,1,D,Steven D. McCleerey,957
Marshall,State House,1,D,Steven D. McCleerey,737
Roberts,State House,1,D,Steven D. McCleerey,1799
Brown,State House,1,D,Denise A. Rickert,845
Day,State House,1,D,Denise A. Rickert,1188
Marshall,State House,1,D,Denise A. Rickert,861
Roberts,State House,1,D,Denise A. Rickert,1218
Brown,State House,2,D,John G. Hansen,1090
Clark,State House,2,D,John G. Hansen,270
Hamlin,State House,2,D,John G. Hansen,385
Spink,State House,2,D,John G. Hansen,629
Brown,State House,2,D,Natasha Housman,1264
Clark,State House,2,D,Natasha Housman,682
Hamlin,State House,2,D,Natasha Housman,607
Spink,State House,2,D,Natasha Housman,1199
Brown,State House,2,R,Lana Greenfield,1287
Clark,State House,2,R,Lana Greenfield,779
Hamlin,State House,2,R,Lana Greenfield,1150
Spink,State House,2,R,Lana Greenfield,1148
Brown,State House,2,R,"Burton ""Butch"" Milburn",1050
Clark,State House,2,R,"Burton ""Butch"" Milburn",751
Hamlin,State House,2,R,"Burton ""Butch"" Milburn",1450
Spink,State House,2,R,"Burton ""Butch"" Milburn",671
Brown,State House,3,D,Bart Evans,3404
Brown,State House,3,D,Pat Hicks,2778
Brown,State House,3,R,Donald E. Perle,3709
Brown,State House,3,R,Al Noorlag,3931
Brookings,State House,4,D,Kathy Sauthoff,1143
Codington,State House,4,D,Kathy Sauthoff,412
Deuel,State House,4,D,Kathy Sauthoff,704
Grant,State House,4,D,Kathy Sauthoff,1331
Brookings,State House,4,D,Peggy Schulte,843
Codington,State House,4,D,Peggy Schulte,417
Deuel,State House,4,D,Peggy Schulte,589
Grant,State House,4,D,Peggy Schulte,1277
Brookings,State House,4,R,Dr. Fred Sherman,1600
Codington,State House,4,R,Dr. Fred Sherman,640
Deuel,State House,4,R,Dr. Fred Sherman,859
Grant,State House,4,R,Dr. Fred Sherman,1327
Brookings,State House,4,R,John Will,1397
Codington,State House,4,R,John Will,615
Deuel,State House,4,R,John Will,738
Grant,State House,4,R,John Will,1182
Codington,State House,5,R,Roger W. Hunt,4703
Codington,State House,5,R,Lee Schoenbeck,4754
Lincoln,State House,6,D,Richard F. Schremmer,1971
Lincoln,State House,6,D,Isaac L. Langel,3274
Lincoln,State House,6,R,Herman Otten,4409
Brookings,State House,7,D,Spencer Hawley,3560
Brookings,State House,7,R,"Scott ""Burt"" Erikson",3598
Lake,State House,8,D,Patrick G. Heemstra,968
Miner,State House,8,D,Patrick G. Heemstra,241
Moody,State House,8,D,Patrick G. Heemstra,603
Sanborn,State House,8,D,Patrick G. Heemstra,229
Lake,State House,8,D,Jeff Niss,2083
Miner,State House,8,D,Jeff Niss,401
Moody,State House,8,D,Jeff Niss,864
Sanborn,State House,8,D,Jeff Niss,296
Lake,State House,8,R,Dr. Leslie Her,2158
Miner,State House,8,R,Dr. Leslie Her,351
Moody,State House,8,R,Dr. Leslie Her,1471
Sanborn,State House,8,R,Dr. Leslie Her,399
Lake,State House,8,R,Matthew Wollman,2966
Miner,State House,8,R,Matthew Wollman,366
Moody,State House,8,R,Matthew Wollman,870
Sanborn,State House,8,R,Matthew Wollman,393
Minnehaha,State House,9,D,Becky J. Jaspers,1882
Minnehaha,State House,9,D,Paula M. Erickson,2662
Minnehaha,State House,9,R,Steve Hickey,3027
Minnehaha,State House,9,R,Bob S. Grey,2654
Minnehaha,State House,10,D,Jo Hickman,2402
Minnehaha,State House,10,D,Jesse W. Welton,1769
Minnehaha,State House,10,R,Dave Haegele,3774
Minnehaha,State House,10,R,Steven J. Haugaard,3574
Lincoln,State House,11,D,Darrell D. Solberg,3024
Lincoln,State House,11,D,James L. Larson,2219
Lincoln,State House,11,R,Mark K. Willadsen,3770
Lincoln,State House,11,R,Jim Hansen,4316
Lincoln,State House,12,D,Ellen S. Geerlings,561
Minnehaha,State House,12,D,Ellen S. Geerlings,1443
Lincoln,State House,12,D,Susan L. Benge,899
Minnehaha,State House,12,D,Susan L. Benge,2282
Lincoln,State House,12,R,Alex Jensen,1463
Minnehaha,State House,12,R,Alex Jensen,2069
Lincoln,State House,12,R,Arch Beal,1632
Minnehaha,State House,12,R,Arch Beal,2201
Lincoln,State House,13,D,Kay Omdahl,840
Minnehaha,State House,13,D,Kay Omdahl,2018
Lincoln,State House,13,R,G. Mark Mickelson,2518
Minnehaha,State House,13,R,G. Mark Mickelson,2975
Lincoln,State House,13,R,Steve Wiedra,2000
Minnehaha,State House,13,R,Steve Wiedra,2141
Minnehaha,State House,14,D,Valarie Lauer-Block,3251
Minnehaha,State House,14,D,Cris McClure,2855
Minnehaha,State House,14,R,Larry P. Ziemund,4474
Minnehaha,State House,14,R,Tom P. Healy,4154
Minnehaha,State House,15,D,Karen L. Solli,1924
Minnehaha,State House,15,D,Donald R. Karsky,1476
Minnehaha,State House,15,R,Eric L. Leggett,1323
Lincoln,State House,16,R,David L. Anderson,1536
Union,State House,16,R,David L. Anderson,2350
Lincoln,State House,16,R,Erin S. Sutton,2014
Union,State House,16,R,Erin S. Sutton,3293
Clay,State House,17,D,Ray P. Gunderman,2305
Turner,State House,17,D,Ray P. Gunderman,978
Clay,State House,17,D,Melissa S. Garman,1595
Turner,State House,17,D,Melissa S. Garman,1189
Clay,State House,17,R,Sheri L. Madsen,981
Turner,State House,17,R,Sheri L. Madsen,1202
Clay,State House,17,R,Nancy R. Rom,1370
Turner,State House,17,R,Nancy R. Rom,1909
Yankton,State House,18,D,Jay Wismer,2336
Yankton,State House,18,D,Tony Venhuizen,2672
Yankton,State House,18,R,Mike Stevens,4604
Yankton,State House,18,R,Jean Hunhoff,3966
Bon Homme,State House,19,R,Julie S. Sampson,987
Douglas,State House,19,R,Julie S. Sampson,837
Hanson,State House,19,R,Julie S. Sampson,683
Hutchinson,State House,19,R,Julie S. Sampson,2023
McCook,State House,19,R,Julie S. Sampson,896
Bon Homme,State House,19,R,Dean S. Peterson,601
Douglas,State House,19,R,Dean S. Peterson,692
Hanson,State House,19,R,Dean S. Peterson,706
Hutchinson,State House,19,R,Dean S. Peterson,1136
McCook,State House,19,R,Dean S. Peterson,1194
Aurora,State House,20,D,James V. Schaefer,432
Davison,State House,20,D,James V. Schaefer,2351
Jerauld,State House,20,D,James V. Schaefer,379
Aurora,State House,20,R,Tara N. Ream,602
Davison,State House,20,R,Tara N. Ream,3400
Jerauld,State House,20,R,Tara N. Ream,398
Aurora,State House,20,R,Jaydeia M. Klaudt,648
Davison,State House,20,R,Jaydeia M. Klaudt,3349
Jerauld,State House,20,R,Jaydeia M. Klaudt,386
Bon Homme,State House,21,R,Calvin A. Gaffera,189
Charles Mix,State House,21,R,Calvin A. Gaffera,947
Gregory,State House,21,R,Calvin A. Gaffera,302
Tripp,State House,21,R,Calvin A. Gaffera,326
Bon Homme,State House,21,D,Julie A. Bartling,367
Charles Mix,State House,21,D,Julie A. Bartling,1629
Gregory,State House,21,D,Julie A. Bartling,1198
Tripp,State House,21,D,Julie A. Bartling,1106
Bon Homme,State House,21,R,Lee Quam,592
Charles Mix,State House,21,R,Lee Quam,1743
Gregory,State House,21,R,Lee Quam,1006
Tripp,State House,21,R,Lee Quam,1417
Beadle,State House,22,R,Peggy Gibson,3379
Kingsbury,State House,22,R,Peggy Gibson,869
Beadle,State House,22,D,Lee Wollman,1798
Kingsbury,State House,22,D,Lee Wollman,928
Beadle,State House,22,R,Dick Werner,3042
Kingsbury,State House,22,R,Dick Werner,1083
Campbell,State House,23,R,Justin Cronin,410
Edmunds,State House,23,R,Justin Cronin,1005
Faulk,State House,23,R,Justin Cronin,544
Hand,State House,23,R,Justin Cronin,868
McPherson,State House,23,R,Justin Cronin,640
Potter,State House,23,R,Justin Cronin,873
Spink,State House,23,R,Justin Cronin,156
Walworth,State House,23,R,Justin Cronin,1191
Campbell,State House,23,R,Michelle L. Haman,374
Edmunds,State House,23,R,Michelle L. Haman,851
Faulk,State House,23,R,Michelle L. Haman,428
Hand,State House,23,R,Michelle L. Haman,779
McPherson,State House,23,R,Michelle L. Haman,567
Potter,State House,23,R,Michelle L. Haman,505
Spink,State House,23,R,Michelle L. Haman,152
Walworth,State House,23,R,Michelle L. Haman,1109
Hughes,State House,24,R,Tim Rounds,4240
Hyde,State House,24,R,Tim Rounds,337
Stanley,State House,24,R,Tim Rounds,772
Sully,State House,24,R,Tim Rounds,426
Hughes,State House,24,R,Mary Duvall,4725
Hyde,State House,24,R,Mary Duvall,383
Stanley,State House,24,R,Mary Duvall,841
Sully,State House,24,R,Mary Duvall,453
Minnehaha,State House,25,R,Kris Langer,4367
Minnehaha,State House,25,R,Roger S. Gerdes,4601
Mellette,State House,26,D,Shawn L. Bordeaux,355
Todd,State House,26,D,Shawn L. Bordeaux,1645
Brule,State House,26,D,Marty Jackley,565
Buffalo,State House,26,D,Marty Jackley,319
Jones,State House,26,D,Marty Jackley,73
Lyman,State House,26,D,Marty Jackley,441
Brule,State House,26,R,James Schaefer,1138
Buffalo,State House,26,R,James Schaefer,129
Jones,State House,26,R,James Schaefer,382
Lyman,State House,26,R,James Schaefer,781
Bennett,State House,27,D,Anna M. Tilton-Schield,216
Haakon,State House,27,D,Anna M. Tilton-Schield,74
Jackson,State House,27,D,Anna M. Tilton-Schield,182
Pennington,State House,27,D,Anna M. Tilton-Schield,20
Shannon,State House,27,D,Anna M. Tilton-Schield,1512
Bennett,State House,27,D,Kevin K. Miller,296
Haakon,State House,27,D,Kevin K. Miller,125
Jackson,State House,27,D,Kevin K. Miller,223
Pennington,State House,27,D,Kevin K. Miller,28
Shannon,State House,27,D,Kevin K. Miller,2044
Bennett,State House,27,R,Elizabeth A. May,616
Haakon,State House,27,R,Elizabeth A. May,719
Jackson,State House,27,R,Elizabeth A. May,629
Pennington,State House,27,R,Elizabeth A. May,224
Shannon,State House,27,R,Elizabeth A. May,388
Bennett,State House,27,R,Everett L. Moberg,193
Haakon,State House,27,R,Everett L. Moberg,148
Jackson,State House,27,R,Everett L. Moberg,165
Pennington,State House,27,R,Everett L. Moberg,54
Shannon,State House,27,R,Everett L. Moberg,102
Corson,State House,28,D,Dean G. Winters,615
Dewey,State House,28,D,Dean G. Winters,1108
Ziebach,State House,28,D,Dean G. Winters,427
Butte,State House,28,R,J. Sam Satter,1793
Harding,State House,28,R,J. Sam Satter,516
Perkins,State House,28,R,J. Sam Satter,1056
Butte,State House,29,R,Dean W. Wiese,366
Meade,State House,29,R,Dean W. Wiese,3621
Pennington,State House,29,R,Dean W. Wiese,89
Butte,State House,29,R,Thomas J. Brunner,459
Meade,State House,29,R,Thomas J. Brunner,3753
Pennington,State House,29,R,Thomas J. Brunner,121
Custer,State House,30,R,Mike Verchio,2022
Fall River,State House,30,R,Mike Verchio,1537
Pennington,State House,30,R,Mike Verchio,2216
Custer,State House,30,R,Lance Russell,1961
Fall River,State House,30,R,Lance Russell,1410
Pennington,State House,30,R,Lance Russell,2013
Custer,State House,30,I,Gunther Gray,1263
Fall River,State House,30,I,Gunther Gray,1258
Pennington,State House,30,I,Gunther Gray,922
Lawrence,State House,31,R,Timothy R. Johns,4912
Lawrence,State House,31,R,Fred W. Bezanson,5550
Pennington,State House,32,D,Ritchie A. Huber,3007
Pennington,State House,32,R,Kristin A. Grand Pre,3437
Pennington,State House,32,R,Adam Grunin,3928
Pennington,State House,32,I,Brett M. Monson,1230
Meade,State House,33,D,Rochelle R. Hagel,406
Pennington,State House,33,D,Rochelle R. Hagel,1888
Meade,State House,33,R,Scott W. Odenbach,907
Pennington,State House,33,R,Scott W. Odenbach,3329
Meade,State House,33,R,Jacqueline Sly,976
Pennington,State House,33,R,Jacqueline Sly,3553
Meade,State House,33,I,Susan E. Hoven,298
Pennington,State House,33,I,Susan E. Hoven,1114
Pennington,State House,34,D,Steve H. Sorenson,2735
Pennington,State House,34,R,Jeff A. Hertsgaard,4533
Pennington,State House,34,R,Don Dreyer,5233
Pennington,State House,35,D,Dave Fauske,1916
Pennington,State House,35,R,Lynne DiSanto,3008
Pennington,State House,35,R,"Blake ""Buzz"" Camp",3509
Aurora,Constitutional Amendment Q,,,Yes,505
Aurora,Constitutional Amendment Q,,,No,608
Beadle,Constitutional Amendment Q,,,Yes,2754
Beadle,Constitutional Amendment Q,,,No,2072
Bennett,Constitutional Amendment Q,,,Yes,484
Bennett,Constitutional Amendment Q,,,No,393
Bon Homme,Constitutional Amendment Q,,,Yes,1185
Bon Homme,Constitutional Amendment Q,,,No,1125
Brookings,Constitutional Amendment Q,,,Yes,4877
Brookings,Constitutional Amendment Q,,,No,4018
Brown,Constitutional Amendment Q,,,Yes,6579
Brown,Constitutional Amendment Q,,,No,5052
Brule,Constitutional Amendment Q,,,Yes,875
Brule,Constitutional Amendment Q,,,No,853
Buffalo,Constitutional Amendment Q,,,Yes,249
Buffalo,Constitutional Amendment Q,,,No,196
Butte,Constitutional Amendment Q,,,Yes,1735
Butte,Constitutional Amendment Q,,,No,1421
Campbell,Constitutional Amendment Q,,,Yes,293
Campbell,Constitutional Amendment Q,,,No,302
Charles Mix,Constitutional Amendment Q,,,Yes,1467
Charles Mix,Constitutional Amendment Q,,,No,1525
Clark,Constitutional Amendment Q,,,Yes,727
Clark,Constitutional Amendment Q,,,No,709
Clay,Constitutional Amendment Q,,,Yes,2247
Clay,Constitutional Amendment Q,,,No,1369
Codington,Constitutional Amendment Q,,,Yes,4680
Codington,Constitutional Amendment Q,,,No,4184
Corson,Constitutional Amendment Q,,,Yes,409
Corson,Constitutional Amendment Q,,,No,484
Custer,Constitutional Amendment Q,,,Yes,2039
Custer,Constitutional Amendment Q,,,No,1611
Davison,Constitutional Amendment Q,,,Yes,3180
Davison,Constitutional Amendment Q,,,No,2717
Day,Constitutional Amendment Q,,,Yes,1137
Day,Constitutional Amendment Q,,,No,1130
Deuel,Constitutional Amendment Q,,,Yes,878
Deuel,Constitutional Amendment Q,,,No,822
Dewey,Constitutional Amendment Q,,,Yes,867
Dewey,Constitutional Amendment Q,,,No,504
Douglas,Constitutional Amendment Q,,,Yes,453
Douglas,Constitutional Amendment Q,,,No,827
Edmunds,Constitutional Amendment Q,,,Yes,932
Edmunds,Constitutional Amendment Q,,,No,680
Fall River,Constitutional Amendment Q,,,Yes,1619
Fall River,Constitutional Amendment Q,,,No,1196
Faulk,Constitutional Amendment Q,,,Yes,446
Faulk,Constitutional Amendment Q,,,No,410
Grant,Constitutional Amendment Q,,,Yes,1392
Grant,Constitutional Amendment Q,,,No,1382
Gregory,Constitutional Amendment Q,,,Yes,797
Gregory,Constitutional Amendment Q,,,No,958
Haakon,Constitutional Amendment Q,,,Yes,400
Haakon,Constitutional Amendment Q,,,No,448
Hamlin,Constitutional Amendment Q,,,Yes,990
Hamlin,Constitutional Amendment Q,,,No,1141
Hand,Constitutional Amendment Q,,,Yes,667
Hand,Constitutional Amendment Q,,,No,778
Hanson,Constitutional Amendment Q,,,Yes,621
Hanson,Constitutional Amendment Q,,,No,654
Harding,Constitutional Amendment Q,,,Yes,316
Harding,Constitutional Amendment Q,,,No,286
Hughes,Constitutional Amendment Q,,,Yes,4203
Hughes,Constitutional Amendment Q,,,No,2640
Hutchinson,Constitutional Amendment Q,,,Yes,1127
Hutchinson,Constitutional Amendment Q,,,No,1536
Hyde,Constitutional Amendment Q,,,Yes,278
Hyde,Constitutional Amendment Q,,,No,312
Jackson,Constitutional Amendment Q,,,Yes,491
Jackson,Constitutional Amendment Q,,,No,665
Jerauld,Constitutional Amendment Q,,,Yes,403
Jerauld,Constitutional Amendment Q,,,No,385
Jones,Constitutional Amendment Q,,,Yes,193
Jones,Constitutional Amendment Q,,,No,264
Kingsbury,Constitutional Amendment Q,,,Yes,1031
Kingsbury,Constitutional Amendment Q,,,No,1024
Lake,Constitutional Amendment Q,,,Yes,2595
Lake,Constitutional Amendment Q,,,No,2030
Lawrence,Constitutional Amendment Q,,,Yes,5425
Lawrence,Constitutional Amendment Q,,,No,3401
Lincoln,Constitutional Amendment Q,,,Yes,9963
Lincoln,Constitutional Amendment Q,,,No,6423
Lyman,Constitutional Amendment Q,,,Yes,704
Lyman,Constitutional Amendment Q,,,No,496
Marshall,Constitutional Amendment Q,,,Yes,893
Marshall,Constitutional Amendment Q,,,No,766
McCook,Constitutional Amendment Q,,,Yes,1041
McCook,Constitutional Amendment Q,,,No,978
McPherson,Constitutional Amendment Q,,,Yes,382
McPherson,Constitutional Amendment Q,,,No,528
Meade,Constitutional Amendment Q,,,Yes,4886
Meade,Constitutional Amendment Q,,,No,3175
Mellette,Constitutional Amendment Q,,,Yes,339
Mellette,Constitutional Amendment Q,,,No,315
Miner,Constitutional Amendment Q,,,Yes,398
Miner,Constitutional Amendment Q,,,No,429
Minnehaha,Constitutional Amendment Q,,,Yes,31089
Minnehaha,Constitutional Amendment Q,,,No,21126
Moody,Constitutional Amendment Q,,,Yes,1317
Moody,Constitutional Amendment Q,,,No,975
Pennington,Constitutional Amendment Q,,,Yes,19627
Pennington,Constitutional Amendment Q,,,No,13324
Perkins,Constitutional Amendment Q,,,Yes,597
Perkins,Constitutional Amendment Q,,,No,712
Potter,Constitutional Amendment Q,,,Yes,597
Potter,Constitutional Amendment Q,,,No,514
Roberts,Constitutional Amendment Q,,,Yes,1546
Roberts,Constitutional Amendment Q,,,No,1506
Sanborn,Constitutional Amendment Q,,,Yes,436
Sanborn,Constitutional Amendment Q,,,No,389
Shannon,Constitutional Amendment Q,,,Yes,1656
Shannon,Constitutional Amendment Q,,,No,728
Spink,Constitutional Amendment Q,,,Yes,1399
Spink,Constitutional Amendment Q,,,No,1040
Stanley,Constitutional Amendment Q,,,Yes,773
Stanley,Constitutional Amendment Q,,,No,498
Sully,Constitutional Amendment Q,,,Yes,388
Sully,Constitutional Amendment Q,,,No,285
Todd,Constitutional Amendment Q,,,Yes,1316
Todd,Constitutional Amendment Q,,,No,760
Tripp,Constitutional Amendment Q,,,Yes,1104
Tripp,Constitutional Amendment Q,,,No,1033
Turner,Constitutional Amendment Q,,,Yes,1557
Turner,Constitutional Amendment Q,,,No,1608
Union,Constitutional Amendment Q,,,Yes,3078
Union,Constitutional Amendment Q,,,No,1816
Walworth,Constitutional Amendment Q,,,Yes,898
Walworth,Constitutional Amendment Q,,,No,916
Yankton,Constitutional Amendment Q,,,Yes,4454
Yankton,Constitutional Amendment Q,,,No,3041
Ziebach,Constitutional Amendment Q,,,Yes,303
Ziebach,Constitutional Amendment Q,,,No,288
Aurora,Initiated Measure 17,,,Yes,619
Aurora,Initiated Measure 17,,,No,503
Beadle,Initiated Measure 17,,,Yes,3961
Beadle,Initiated Measure 17,,,No,1509
Bennett,Initiated Measure 17,,,Yes,493
Bennett,Initiated Measure 17,,,No,383
Bon Homme,Initiated Measure 17,,,Yes,1305
Bon Homme,Initiated Measure 17,,,No,1011
Brookings,Initiated Measure 17,,,Yes,6268
Brookings,Initiated Measure 17,,,No,2653
Brown,Initiated Measure 17,,,Yes,7584
Brown,Initiated Measure 17,,,No,4006
Brule,Initiated Measure 17,,,Yes,927
Brule,Initiated Measure 17,,,No,803
Buffalo,Initiated Measure 17,,,Yes,260
Buffalo,Initiated Measure 17,,,No,179
Butte,Initiated Measure 17,,,Yes,1777
Butte,Initiated Measure 17,,,No,1370
Campbell,Initiated Measure 17,,,Yes,340
Campbell,Initiated Measure 17,,,No,231
Charles Mix,Initiated Measure 17,,,Yes,1432
Charles Mix,Initiated Measure 17,,,No,1576
Clark,Initiated Measure 17,,,Yes,738
Clark,Initiated Measure 17,,,No,510
Clay,Initiated Measure 17,,,Yes,2606
Clay,Initiated Measure 17,,,No,1032
Codington,Initiated Measure 17,,,Yes,6253
Codington,Initiated Measure 17,,,No,2551
Corson,Initiated Measure 17,,,Yes,604
Corson,Initiated Measure 17,,,No,281
Custer,Initiated Measure 17,,,Yes,2113
Custer,Initiated Measure 17,,,No,1542
Davison,Initiated Measure 17,,,Yes,3671
Davison,Initiated Measure 17,,,No,2272
Day,Initiated Measure 17,,,Yes,1444
Day,Initiated Measure 17,,,No,836
Deuel,Initiated Measure 17,,,Yes,1178
Deuel,Initiated Measure 17,,,No,543
Dewey,Initiated Measure 17,,,Yes,901
Dewey,Initiated Measure 17,,,No,470
Douglas,Initiated Measure 17,,,Yes,579
Douglas,Initiated Measure 17,,,No,695
Edmunds,Initiated Measure 17,,,Yes,987
Edmunds,Initiated Measure 17,,,No,645
Fall River,Initiated Measure 17,,,Yes,1801
Fall River,Initiated Measure 17,,,No,997
Faulk,Initiated Measure 17,,,Yes,526
Faulk,Initiated Measure 17,,,No,325
Grant,Initiated Measure 17,,,Yes,1821
Grant,Initiated Measure 17,,,No,955
Gregory,Initiated Measure 17,,,Yes,873
Gregory,Initiated Measure 17,,,No,887
Haakon,Initiated Measure 17,,,Yes,387
Haakon,Initiated Measure 17,,,No,455
Hamlin,Initiated Measure 17,,,Yes,1406
Hamlin,Initiated Measure 17,,,No,708
Hand,Initiated Measure 17,,,Yes,800
Hand,Initiated Measure 17,,,No,639
Hanson,Initiated Measure 17,,,Yes,748
Hanson,Initiated Measure 17,,,No,532
Harding,Initiated Measure 17,,,Yes,346
Harding,Initiated Measure 17,,,No,247
Hughes,Initiated Measure 17,,,Yes,4159
Hughes,Initiated Measure 17,,,No,2612
Hutchinson,Initiated Measure 17,,,Yes,1397
Hutchinson,Initiated Measure 17,,,No,1277
Hyde,Initiated Measure 17,,,Yes,333
Hyde,Initiated Measure 17,,,No,252
Jackson,Initiated Measure 17,,,Yes,533
Jackson,Initiated Measure 17,,,No,346
Jerauld,Initiated Measure 17,,,Yes,418
Jerauld,Initiated Measure 17,,,No,398
Jones,Initiated Measure 17,,,Yes,221
Jones,Initiated Measure 17,,,No,226
Kingsbury,Initiated Measure 17,,,Yes,1224
Kingsbury,Initiated Measure 17,,,No,818
Lake,Initiated Measure 17,,,Yes,2875
Lake,Initiated Measure 17,,,No,1756
Lawrence,Initiated Measure 17,,,Yes,5270
Lawrence,Initiated Measure 17,,,No,3491
Lincoln,Initiated Measure 17,,,Yes,9805
Lincoln,Initiated Measure 17,,,No,6756
Lyman,Initiated Measure 17,,,Yes,685
Lyman,Initiated Measure 17,,,No,512
Marshall,Initiated Measure 17,,,Yes,993
Marshall,Initiated Measure 17,,,No,659
McCook,Initiated Measure 17,,,Yes,1076
McCook,Initiated Measure 17,,,No,945
McPherson,Initiated Measure 17,,,Yes,518
McPherson,Initiated Measure 17,,,No,454
Meade,Initiated Measure 17,,,Yes,4938
Meade,Initiated Measure 17,,,No,3308
Mellette,Initiated Measure 17,,,Yes,412
Mellette,Initiated Measure 17,,,No,242
Miner,Initiated Measure 17,,,Yes,473
Miner,Initiated Measure 17,,,No,375
Minnehaha,Initiated Measure 17,,,Yes,31744
Minnehaha,Initiated Measure 17,,,No,20993
Moody,Initiated Measure 17,,,Yes,1460
Moody,Initiated Measure 17,,,No,848
Pennington,Initiated Measure 17,,,Yes,20177
Pennington,Initiated Measure 17,,,No,12793
Perkins,Initiated Measure 17,,,Yes,758
Perkins,Initiated Measure 17,,,No,528
Potter,Initiated Measure 17,,,Yes,685
Potter,Initiated Measure 17,,,No,464
Roberts,Initiated Measure 17,,,Yes,1802
Roberts,Initiated Measure 17,,,No,1237
Sanborn,Initiated Measure 17,,,Yes,509
Sanborn,Initiated Measure 17,,,No,339
Shannon,Initiated Measure 17,,,Yes,1668
Shannon,Initiated Measure 17,,,No,725
Spink,Initiated Measure 17,,,Yes,1621
Spink,Initiated Measure 17,,,No,795
Stanley,Initiated Measure 17,,,Yes,753
Stanley,Initiated Measure 17,,,No,511
Sully,Initiated Measure 17,,,Yes,338
Sully,Initiated Measure 17,,,No,327
Todd,Initiated Measure 17,,,Yes,1479
Todd,Initiated Measure 17,,,No,572
Tripp,Initiated Measure 17,,,Yes,1136
Tripp,Initiated Measure 17,,,No,974
Turner,Initiated Measure 17,,,Yes,1844
Turner,Initiated Measure 17,,,No,1347
Union,Initiated Measure 17,,,Yes,3625
Union,Initiated Measure 17,,,No,1223
Walworth,Initiated Measure 17,,,Yes,1011
Walworth,Initiated Measure 17,,,No,797
Yankton,Initiated Measure 17,,,Yes,5191
Yankton,Initiated Measure 17,,,No,2323
Ziebach,Initiated Measure 17,,,Yes,362
Ziebach,Initiated Measure 17,,,No,223
Aurora,Initiated Measure 18,,,Yes,424
Aurora,Initiated Measure 18,,,No,708
Beadle,Initiated Measure 18,,,Yes,2939
Beadle,Initiated Measure 18,,,No,2605
Bennett,Initiated Measure 18,,,Yes,492
Bennett,Initiated Measure 18,,,No,407
Bon Homme,Initiated Measure 18,,,Yes,1182
Bon Homme,Initiated Measure 18,,,No,1176
Brookings,Initiated Measure 18,,,Yes,5392
Brookings,Initiated Measure 18,,,No,3665
Brown,Initiated Measure 18,,,Yes,7599
Brown,Initiated Measure 18,,,No,4221
Brule,Initiated Measure 18,,,Yes,805
Brule,Initiated Measure 18,,,No,935
Buffalo,Initiated Measure 18,,,Yes,327
Buffalo,Initiated Measure 18,,,No,124
Butte,Initiated Measure 18,,,Yes,1676
Butte,Initiated Measure 18,,,No,1512
Campbell,Initiated Measure 18,,,Yes,291
Campbell,Initiated Measure 18,,,No,312
Charles Mix,Initiated Measure 18,,,Yes,1490
Charles Mix,Initiated Measure 18,,,No,1582
Clark,Initiated Measure 18,,,Yes,727
Clark,Initiated Measure 18,,,No,749
Clay,Initiated Measure 18,,,Yes,2493
Clay,Initiated Measure 18,,,No,1229
Codington,Initiated Measure 18,,,Yes,4902
Codington,Initiated Measure 18,,,No,4129
Corson,Initiated Measure 18,,,Yes,560
Corson,Initiated Measure 18,,,No,352
Custer,Initiated Measure 18,,,Yes,1957
Custer,Initiated Measure 18,,,No,1743
Davison,Initiated Measure 18,,,Yes,2747
Davison,Initiated Measure 18,,,No,3252
Day,Initiated Measure 18,,,Yes,1409
Day,Initiated Measure 18,,,No,925
Deuel,Initiated Measure 18,,,Yes,947
Deuel,Initiated Measure 18,,,No,793
Dewey,Initiated Measure 18,,,Yes,864
Dewey,Initiated Measure 18,,,No,453
Douglas,Initiated Measure 18,,,Yes,449
Douglas,Initiated Measure 18,,,No,858
Edmunds,Initiated Measure 18,,,Yes,963
Edmunds,Initiated Measure 18,,,No,699
Fall River,Initiated Measure 18,,,Yes,1611
Fall River,Initiated Measure 18,,,No,1259
Faulk,Initiated Measure 18,,,Yes,436
Faulk,Initiated Measure 18,,,No,438
Grant,Initiated Measure 18,,,Yes,1492
Grant,Initiated Measure 18,,,No,1368
Gregory,Initiated Measure 18,,,Yes,756
Gregory,Initiated Measure 18,,,No,1041
Haakon,Initiated Measure 18,,,Yes,320
Haakon,Initiated Measure 18,,,No,538
Hamlin,Initiated Measure 18,,,Yes,1044
Hamlin,Initiated Measure 18,,,No,1140
Hand,Initiated Measure 18,,,Yes,735
Hand,Initiated Measure 18,,,No,739
Hanson,Initiated Measure 18,,,Yes,536
Hanson,Initiated Measure 18,,,No,776
Harding,Initiated Measure 18,,,Yes,216
Harding,Initiated Measure 18,,,No,386
Hughes,Initiated Measure 18,,,Yes,3049
Hughes,Initiated Measure 18,,,No,3856
Hutchinson,Initiated Measure 18,,,Yes,1075
Hutchinson,Initiated Measure 18,,,No,1645
Hyde,Initiated Measure 18,,,Yes,290
Hyde,Initiated Measure 18,,,No,303
Jackson,Initiated Measure 18,,,Yes,445
Jackson,Initiated Measure 18,,,No,452
Jerauld,Initiated Measure 18,,,Yes,390
Jerauld,Initiated Measure 18,,,No,436
Jones,Initiated Measure 18,,,Yes,182
Jones,Initiated Measure 18,,,No,279
Kingsbury,Initiated Measure 18,,,Yes,1071
Kingsbury,Initiated Measure 18,,,No,1022
Lake,Initiated Measure 18,,,Yes,2556
Lake,Initiated Measure 18,,,No,2201
Lawrence,Initiated Measure 18,,,Yes,5390
Lawrence,Initiated Measure 18,,,No,3491
Lincoln,Initiated Measure 18,,,Yes,8650
Lincoln,Initiated Measure 18,,,No,8091
Lyman,Initiated Measure 18,,,Yes,618
Lyman,Initiated Measure 18,,,No,588
Marshall,Initiated Measure 18,,,Yes,1016
Marshall,Initiated Measure 18,,,No,683
McCook,Initiated Measure 18,,,Yes,924
McCook,Initiated Measure 18,,,No,1110
McPherson,Initiated Measure 18,,,Yes,430
McPherson,Initiated Measure 18,,,No,554
Meade,Initiated Measure 18,,,Yes,4160
Meade,Initiated Measure 18,,,No,4162
Mellette,Initiated Measure 18,,,Yes,375
Mellette,Initiated Measure 18,,,No,293
Miner,Initiated Measure 18,,,Yes,411
Miner,Initiated Measure 18,,,No,456
Minnehaha,Initiated Measure 18,,,Yes,31370
Minnehaha,Initiated Measure 18,,,No,22245
Moody,Initiated Measure 18,,,Yes,1405
Moody,Initiated Measure 18,,,No,946
Pennington,Initiated Measure 18,,,Yes,18343
Pennington,Initiated Measure 18,,,No,14997
Perkins,Initiated Measure 18,,,Yes,494
Perkins,Initiated Measure 18,,,No,827
Potter,Initiated Measure 18,,,Yes,472
Potter,Initiated Measure 18,,,No,669
Roberts,Initiated Measure 18,,,Yes,1921
Roberts,Initiated Measure 18,,,No,1206
Sanborn,Initiated Measure 18,,,Yes,324
Sanborn,Initiated Measure 18,,,No,531
Shannon,Initiated Measure 18,,,Yes,2268
Shannon,Initiated Measure 18,,,No,669
Spink,Initiated Measure 18,,,Yes,1473
Spink,Initiated Measure 18,,,No,1010
Stanley,Initiated Measure 18,,,Yes,548
Stanley,Initiated Measure 18,,,No,737
Sully,Initiated Measure 18,,,Yes,274
Sully,Initiated Measure 18,,,No,402
Todd,Initiated Measure 18,,,Yes,1736
Todd,Initiated Measure 18,,,No,387
Tripp,Initiated Measure 18,,,Yes,865
Tripp,Initiated Measure 18,,,No,1298
Turner,Initiated Measure 18,,,Yes,1618
Turner,Initiated Measure 18,,,No,1613
Union,Initiated Measure 18,,,Yes,2787
Union,Initiated Measure 18,,,No,2124
Walworth,Initiated Measure 18,,,Yes,803
Walworth,Initiated Measure 18,,,No,1055
Yankton,Initiated Measure 18,,,Yes,4849
Yankton,Initiated Measure 18,,,No,2798
Ziebach,Initiated Measure 18,,,Yes,355
Ziebach,Initiated Measure 18,,,No,256
