county,precinct,office,district,candidate,party,votes
Aurora,1,President,,Bernie Sanders,DEM,1
Aurora,1,President,,Joseph R. Biden,DEM,26
Aurora,2,President,,Bernie Sanders,DEM,1
Aurora,2,President,,Joseph R. Biden,DEM,6
Aurora,3,President,,Bernie Sanders,DEM,11
Aurora,3,President,,Joseph R. Biden,DEM,44
Aurora,5,President,,Bernie Sanders,DEM,4
Aurora,5,President,,Joseph R. Biden,DEM,12
Aurora,7,President,,Bernie Sanders,DEM,10
Aurora,7,President,,Joseph R. Biden,DEM,27
Aurora,1,U.S. Senate,,Mike Rounds,REP,55
Aurora,1,U.S. Senate,,Scyller J. Borglum,REP,29
Aurora,2,U.S. Senate,,Mike Rounds,REP,37
Aurora,2,U.S. Senate,,Scyller J. Borglum,REP,11
Aurora,3,U.S. Senate,,Mike Rounds,REP,49
Aurora,3,U.S. Senate,,Scyller J. Borglum,REP,28
Aurora,5,U.S. Senate,,Mike Rounds,REP,18
Aurora,5,U.S. Senate,,Scyller J. Borglum,REP,11
Aurora,7,U.S. Senate,,Mike Rounds,REP,56
Aurora,7,U.S. Senate,,Scyller J. Borglum,REP,19
Aurora,1,U.S. Representative,1,Liz Marty May,REP,27
Aurora,1,U.S. Representative,1,Dusty Johnson,REP,55
Aurora,2,U.S. Representative,1,Liz Marty May,REP,11
Aurora,2,U.S. Representative,1,Dusty Johnson,REP,37
Aurora,3,U.S. Representative,1,Liz Marty May,REP,26
Aurora,3,U.S. Representative,1,Dusty Johnson,REP,51
Aurora,5,U.S. Representative,1,Liz Marty May,REP,6
Aurora,5,U.S. Representative,1,Dusty Johnson,REP,22
Aurora,7,U.S. Representative,1,Liz Marty May,REP,20
Aurora,7,U.S. Representative,1,Dusty Johnson,REP,55
Aurora,1,State Representative,20,Lance Koth,REP,49
Aurora,1,State Representative,20,Barry Volk,REP,48
Aurora,1,State Representative,20,Paul R Miskimins,REP,47
Aurora,2,State Representative,20,Lance Koth,REP,33
Aurora,2,State Representative,20,Barry Volk,REP,27
Aurora,2,State Representative,20,Paul R Miskimins,REP,27
Aurora,3,State Representative,20,Lance Koth,REP,44
Aurora,3,State Representative,20,Barry Volk,REP,45
Aurora,3,State Representative,20,Paul R Miskimins,REP,41
Aurora,5,State Representative,20,Lance Koth,REP,20
Aurora,5,State Representative,20,Barry Volk,REP,10
Aurora,5,State Representative,20,Paul R Miskimins,REP,19
Aurora,7,State Representative,20,Lance Koth,REP,48
Aurora,7,State Representative,20,Barry Volk,REP,27
Aurora,7,State Representative,20,Paul R Miskimins,REP,54
Beadle,1,President,,Bernie Sanders,DEM,24
Beadle,1,President,,Joseph R. Biden,DEM,136
Beadle,2,President,,Bernie Sanders,DEM,18
Beadle,2,President,,Joseph R. Biden,DEM,98
Beadle,3,President,,Bernie Sanders,DEM,11
Beadle,3,President,,Joseph R. Biden,DEM,74
Beadle,7-1,President,,Bernie Sanders,DEM,16
Beadle,7-1,President,,Joseph R. Biden,DEM,72
Beadle,7-2,President,,Bernie Sanders,DEM,17
Beadle,7-2,President,,Joseph R. Biden,DEM,102
Beadle,8-1,President,,Bernie Sanders,DEM,7
Beadle,8-1,President,,Joseph R. Biden,DEM,83
Beadle,8-2,President,,Bernie Sanders,DEM,7
Beadle,8-2,President,,Joseph R. Biden,DEM,81
Beadle,12,President,,Bernie Sanders,DEM,13
Beadle,12,President,,Joseph R. Biden,DEM,88
Beadle,15,President,,Bernie Sanders,DEM,0
Beadle,15,President,,Joseph R. Biden,DEM,17
Beadle,17,President,,Bernie Sanders,DEM,6
Beadle,17,President,,Joseph R. Biden,DEM,19
Beadle,1,U.S. Senate,,Mike Rounds,REP,198
Beadle,1,U.S. Senate,,Scyller J. Borglum,REP,29
Beadle,2,U.S. Senate,,Mike Rounds,REP,83
Beadle,2,U.S. Senate,,Scyller J. Borglum,REP,13
Beadle,3,U.S. Senate,,Mike Rounds,REP,73
Beadle,3,U.S. Senate,,Scyller J. Borglum,REP,11
Beadle,7-1,U.S. Senate,,Mike Rounds,REP,147
Beadle,7-1,U.S. Senate,,Scyller J. Borglum,REP,15
Beadle,7-2,U.S. Senate,,Mike Rounds,REP,165
Beadle,7-2,U.S. Senate,,Scyller J. Borglum,REP,20
Beadle,8-1,U.S. Senate,,Mike Rounds,REP,107
Beadle,8-1,U.S. Senate,,Scyller J. Borglum,REP,15
Beadle,8-2,U.S. Senate,,Mike Rounds,REP,121
Beadle,8-2,U.S. Senate,,Scyller J. Borglum,REP,24
Beadle,12,U.S. Senate,,Mike Rounds,REP,156
Beadle,12,U.S. Senate,,Scyller J. Borglum,REP,26
Beadle,15,U.S. Senate,,Mike Rounds,REP,51
Beadle,15,U.S. Senate,,Scyller J. Borglum,REP,3
Beadle,17,U.S. Senate,,Mike Rounds,REP,26
Beadle,17,U.S. Senate,,Scyller J. Borglum,REP,6
Beadle,1,U.S. Representative,1,Liz Marty May,REP,35
Beadle,1,U.S. Representative,1,Dusty Johnson,REP,195
Beadle,2,U.S. Representative,1,Liz Marty May,REP,22
Beadle,2,U.S. Representative,1,Dusty Johnson,REP,72
Beadle,3,U.S. Representative,1,Liz Marty May,REP,15
Beadle,3,U.S. Representative,1,Dusty Johnson,REP,69
Beadle,7-1,U.S. Representative,1,Liz Marty May,REP,21
Beadle,7-1,U.S. Representative,1,Dusty Johnson,REP,141
Beadle,7-2,U.S. Representative,1,Liz Marty May,REP,23
Beadle,7-2,U.S. Representative,1,Dusty Johnson,REP,159
Beadle,8-1,U.S. Representative,1,Liz Marty May,REP,15
Beadle,8-1,U.S. Representative,1,Dusty Johnson,REP,108
Beadle,8-2,U.S. Representative,1,Liz Marty May,REP,20
Beadle,8-2,U.S. Representative,1,Dusty Johnson,REP,124
Beadle,12,U.S. Representative,1,Liz Marty May,REP,34
Beadle,12,U.S. Representative,1,Dusty Johnson,REP,145
Beadle,15,U.S. Representative,1,Liz Marty May,REP,8
Beadle,15,U.S. Representative,1,Dusty Johnson,REP,46
Beadle,17,U.S. Representative,1,Liz Marty May,REP,11
Beadle,17,U.S. Representative,1,Dusty Johnson,REP,21
Beadle,1,School Board Member Wolsey - Wessington School District 02-6,,Kevin Clarke,,0
Beadle,1,School Board Member Wolsey - Wessington School District 02-6,,Brooke Legrand,,1
Beadle,1,School Board Member Wolsey - Wessington School District 02-6,,Eric Benjamin Borah,,0
Beadle,1,School Board Member Wolsey - Wessington School District 02-6,,Destiny Finn,,0
Beadle,1,School Board Member Wolsey - Wessington School District 02-6,,Carol Larsen,,0
Beadle,1,School Board Member Wolsey - Wessington School District 02-6,,Jeannie Rainford,,0
Beadle,1,School Board Member Wolsey - Wessington School District 02-6,,Jeffrey J Luce,,1
Beadle,1,School Board Member Wolsey - Wessington School District 02-6,,Ashley Hiles,,2
Beadle,12,School Board Member Wolsey - Wessington School District 02-6,,Kevin Clarke,,112
Beadle,12,School Board Member Wolsey - Wessington School District 02-6,,Brooke Legrand,,49
Beadle,12,School Board Member Wolsey - Wessington School District 02-6,,Eric Benjamin Borah,,61
Beadle,12,School Board Member Wolsey - Wessington School District 02-6,,Destiny Finn,,22
Beadle,12,School Board Member Wolsey - Wessington School District 02-6,,Carol Larsen,,58
Beadle,12,School Board Member Wolsey - Wessington School District 02-6,,Jeannie Rainford,,28
Beadle,12,School Board Member Wolsey - Wessington School District 02-6,,Jeffrey J Luce,,179
Beadle,12,School Board Member Wolsey - Wessington School District 02-6,,Ashley Hiles,,49
Beadle,12,Trustee Wessington,,Heidi Kleinsasser,,31
Beadle,12,Trustee Wessington,,Duane Casavan,,27
Beadle,1,City Commissioner Huron,,Drew Weinreis,,155
Beadle,1,City Commissioner Huron,,Rich Bragg,,157
Beadle,2,City Commissioner Huron,,Drew Weinreis,,120
Beadle,2,City Commissioner Huron,,Rich Bragg,,112
Beadle,3,City Commissioner Huron,,Drew Weinreis,,101
Beadle,3,City Commissioner Huron,,Rich Bragg,,100
Beadle,7-1,City Commissioner Huron,,Drew Weinreis,,119
Beadle,7-1,City Commissioner Huron,,Rich Bragg,,123
Beadle,7-2,City Commissioner Huron,,Drew Weinreis,,101
Beadle,7-2,City Commissioner Huron,,Rich Bragg,,166
Beadle,8-1,City Commissioner Huron,,Drew Weinreis,,80
Beadle,8-1,City Commissioner Huron,,Rich Bragg,,153
Beadle,8-2,City Commissioner Huron,,Drew Weinreis,,79
Beadle,8-2,City Commissioner Huron,,Rich Bragg,,118
Bennett,Allen,President,,Bernie Sanders,DEM,14
Bennett,Allen,President,,Joseph R. Biden,DEM,31
Bennett,Martin City,President,,Bernie Sanders,DEM,21
Bennett,Martin City,President,,Joseph R. Biden,DEM,44
Bennett,Martin Rural 26/27,President,,Bernie Sanders,DEM,16
Bennett,Martin Rural 26/27,President,,Joseph R. Biden,DEM,36
Bennett,Vetal/Tuthill,President,,Bernie Sanders,DEM,4
Bennett,Vetal/Tuthill,President,,Joseph R. Biden,DEM,10
Bennett,Allen,U.S. Senate,,Mike Rounds,REP,14
Bennett,Allen,U.S. Senate,,Scyller J. Borglum,REP,15
Bennett,Martin City,U.S. Senate,,Mike Rounds,REP,72
Bennett,Martin City,U.S. Senate,,Scyller J. Borglum,REP,53
Bennett,Martin Rural 26/27,U.S. Senate,,Mike Rounds,REP,84
Bennett,Martin Rural 26/27,U.S. Senate,,Scyller J. Borglum,REP,86
Bennett,Vetal/Tuthill,U.S. Senate,,Mike Rounds,REP,36
Bennett,Vetal/Tuthill,U.S. Senate,,Scyller J. Borglum,REP,48
Bennett,Allen,U.S. Representative,1,Liz Marty May,REP,22
Bennett,Allen,U.S. Representative,1,Dusty Johnson,REP,8
Bennett,Martin City,U.S. Representative,1,Liz Marty May,REP,93
Bennett,Martin City,U.S. Representative,1,Dusty Johnson,REP,32
Bennett,Martin Rural 26/27,U.S. Representative,1,Liz Marty May,REP,128
Bennett,Martin Rural 26/27,U.S. Representative,1,Dusty Johnson,REP,44
Bennett,Vetal/Tuthill,U.S. Representative,1,Liz Marty May,REP,74
Bennett,Vetal/Tuthill,U.S. Representative,1,Dusty Johnson,REP,12
Bennett,Allen,County Commissioner At Large,,Blu Donovan,REP,3
Bennett,Allen,County Commissioner At Large,,Scott Divan,REP,19
Bennett,Allen,County Commissioner At Large,,Kyle W Harris,REP,11
Bennett,Allen,County Commissioner At Large,,David L Bakley,REP,13
Bennett,Allen,County Commissioner At Large,,Veldon R Thayer,REP,4
Bennett,Martin City,County Commissioner At Large,,Blu Donovan,REP,45
Bennett,Martin City,County Commissioner At Large,,Scott Divan,REP,41
Bennett,Martin City,County Commissioner At Large,,Kyle W Harris,REP,69
Bennett,Martin City,County Commissioner At Large,,David L Bakley,REP,64
Bennett,Martin City,County Commissioner At Large,,Veldon R Thayer,REP,11
Bennett,Martin Rural 26/27,County Commissioner At Large,,Blu Donovan,REP,68
Bennett,Martin Rural 26/27,County Commissioner At Large,,Scott Divan,REP,68
Bennett,Martin Rural 26/27,County Commissioner At Large,,Kyle W Harris,REP,89
Bennett,Martin Rural 26/27,County Commissioner At Large,,David L Bakley,REP,74
Bennett,Martin Rural 26/27,County Commissioner At Large,,Veldon R Thayer,REP,20
Bennett,Vetal/Tuthill,County Commissioner At Large,,Blu Donovan,REP,41
Bennett,Vetal/Tuthill,County Commissioner At Large,,Scott Divan,REP,28
Bennett,Vetal/Tuthill,County Commissioner At Large,,Kyle W Harris,REP,25
Bennett,Vetal/Tuthill,County Commissioner At Large,,David L Bakley,REP,48
Bennett,Vetal/Tuthill,County Commissioner At Large,,Veldon R Thayer,REP,15
Bennett,Allen,School Board Member Bennett County School District 03-1,,Todd A Alexander,,32
Bennett,Allen,School Board Member Bennett County School District 03-1,,Iva Jo Ruff,,45
Bennett,Allen,School Board Member Bennett County School District 03-1,,Michael V Olson,,37
Bennett,Martin City,School Board Member Bennett County School District 03-1,,Todd A Alexander,,148
Bennett,Martin City,School Board Member Bennett County School District 03-1,,Iva Jo Ruff,,66
Bennett,Martin City,School Board Member Bennett County School District 03-1,,Michael V Olson,,147
Bennett,Martin Rural 26/27,School Board Member Bennett County School District 03-1,,Todd A Alexander,,156
Bennett,Martin Rural 26/27,School Board Member Bennett County School District 03-1,,Iva Jo Ruff,,77
Bennett,Martin Rural 26/27,School Board Member Bennett County School District 03-1,,Michael V Olson,,187
Bennett,Vetal/Tuthill,School Board Member Bennett County School District 03-1,,Todd A Alexander,,79
Bennett,Vetal/Tuthill,School Board Member Bennett County School District 03-1,,Iva Jo Ruff,,22
Bennett,Vetal/Tuthill,School Board Member Bennett County School District 03-1,,Michael V Olson,,80
Bon Homme,1,President,,Bernie Sanders,DEM,18
Bon Homme,1,President,,Joseph R. Biden,DEM,37
Bon Homme,2,President,,Bernie Sanders,DEM,6
Bon Homme,2,President,,Joseph R. Biden,DEM,52
Bon Homme,3,President,,Bernie Sanders,DEM,27
Bon Homme,3,President,,Joseph R. Biden,DEM,73
Bon Homme,4,President,,Bernie Sanders,DEM,12
Bon Homme,4,President,,Joseph R. Biden,DEM,55
Bon Homme,5,President,,Bernie Sanders,DEM,17
Bon Homme,5,President,,Joseph R. Biden,DEM,55
Bon Homme,1,U.S. Senate,,Mike Rounds,REP,121
Bon Homme,1,U.S. Senate,,Scyller J. Borglum,REP,68
Bon Homme,2,U.S. Senate,,Mike Rounds,REP,134
Bon Homme,2,U.S. Senate,,Scyller J. Borglum,REP,52
Bon Homme,3,U.S. Senate,,Mike Rounds,REP,137
Bon Homme,3,U.S. Senate,,Scyller J. Borglum,REP,74
Bon Homme,4,U.S. Senate,,Mike Rounds,REP,57
Bon Homme,4,U.S. Senate,,Scyller J. Borglum,REP,48
Bon Homme,5,U.S. Senate,,Mike Rounds,REP,165
Bon Homme,5,U.S. Senate,,Scyller J. Borglum,REP,69
Bon Homme,1,U.S. Representative,1,Liz Marty May,REP,54
Bon Homme,1,U.S. Representative,1,Dusty Johnson,REP,136
Bon Homme,2,U.S. Representative,1,Liz Marty May,REP,30
Bon Homme,2,U.S. Representative,1,Dusty Johnson,REP,159
Bon Homme,3,U.S. Representative,1,Liz Marty May,REP,44
Bon Homme,3,U.S. Representative,1,Dusty Johnson,REP,169
Bon Homme,4,U.S. Representative,1,Liz Marty May,REP,38
Bon Homme,4,U.S. Representative,1,Dusty Johnson,REP,68
Bon Homme,5,U.S. Representative,1,Liz Marty May,REP,55
Bon Homme,5,U.S. Representative,1,Dusty Johnson,REP,174
Bon Homme,2,State Senate,21,Erin Tobin,REP,110
Bon Homme,2,State Senate,21,Lee Qualm,REP,80
Bon Homme,5,State Senate,21,Erin Tobin,REP,116
Bon Homme,5,State Senate,21,Lee Qualm,REP,113
Bon Homme,1,State Representative,19,Marty Overweg,REP,126
Bon Homme,1,State Representative,19,Kent Peterson,REP,103
Bon Homme,1,State Representative,19,Jessica Bahmuller,REP,79
Bon Homme,3,State Representative,19,Marty Overweg,REP,79
Bon Homme,3,State Representative,19,Kent Peterson,REP,135
Bon Homme,3,State Representative,19,Jessica Bahmuller,REP,120
Bon Homme,4,State Representative,19,Marty Overweg,REP,42
Bon Homme,4,State Representative,19,Kent Peterson,REP,59
Bon Homme,4,State Representative,19,Jessica Bahmuller,REP,56
Bon Homme,1,County Treasurer,,Jenn Knoll,REP,142
Bon Homme,1,County Treasurer,,Brad J. Kopp,REP,39
Bon Homme,2,County Treasurer,,Jenn Knoll,REP,135
Bon Homme,2,County Treasurer,,Brad J. Kopp,REP,52
Bon Homme,3,County Treasurer,,Jenn Knoll,REP,149
Bon Homme,3,County Treasurer,,Brad J. Kopp,REP,63
Bon Homme,4,County Treasurer,,Jenn Knoll,REP,75
Bon Homme,4,County Treasurer,,Brad J. Kopp,REP,27
Bon Homme,5,County Treasurer,,Jenn Knoll,REP,199
Bon Homme,5,County Treasurer,,Brad J. Kopp,REP,34
Bon Homme,1,County Commissioner Bon Homme-2,,Shon Whitwood,REP,11
Bon Homme,1,County Commissioner Bon Homme-2,,Edward Van Gerpen,REP,6
Bon Homme,2,County Commissioner Bon Homme-2,,Shon Whitwood,REP,81
Bon Homme,2,County Commissioner Bon Homme-2,,Edward Van Gerpen,REP,106
Bon Homme,3,County Commissioner Bon Homme-2,,Shon Whitwood,REP,7
Bon Homme,3,County Commissioner Bon Homme-2,,Edward Van Gerpen,REP,22
Bon Homme,5,County Commissioner Bon Homme-2,,Shon Whitwood,REP,0
Bon Homme,5,County Commissioner Bon Homme-2,,Edward Van Gerpen,REP,0
Brookings,1-1 Brookings Activity Center,President,,Bernie Sanders,DEM,97
Brookings,1-1 Brookings Activity Center,President,,Joseph R. Biden,DEM,98
Brookings,1-10 Volga Community Center,President,,Bernie Sanders,DEM,15
Brookings,1-10 Volga Community Center,President,,Joseph R. Biden,DEM,24
Brookings,1-2 Bethel Baptist Church,President,,Bernie Sanders,DEM,64
Brookings,1-2 Bethel Baptist Church,President,,Joseph R. Biden,DEM,116
Brookings,1-4 Aurora Little Hall,President,,Bernie Sanders,DEM,10
Brookings,1-4 Aurora Little Hall,President,,Joseph R. Biden,DEM,19
Brookings,1-5 Elkton Community Center,President,,Bernie Sanders,DEM,23
Brookings,1-5 Elkton Community Center,President,,Joseph R. Biden,DEM,56
Brookings,1-6 McKnight Hall,President,,Bernie Sanders,DEM,4
Brookings,1-6 McKnight Hall,President,,Joseph R. Biden,DEM,16
Brookings,1-7 Bruce City Hall,President,,Bernie Sanders,DEM,5
Brookings,1-7 Bruce City Hall,President,,Joseph R. Biden,DEM,12
Brookings,Absentee,President,,Bernie Sanders,DEM,238
Brookings,Absentee,President,,Joseph R. Biden,DEM,1054
Brookings,1-1 Brookings Activity Center,U.S. Senate,,Mike Rounds,REP,189
Brookings,1-1 Brookings Activity Center,U.S. Senate,,Scyller J. Borglum,REP,82
Brookings,1-10 Volga Community Center,U.S. Senate,,Mike Rounds,REP,121
Brookings,1-10 Volga Community Center,U.S. Senate,,Scyller J. Borglum,REP,52
Brookings,1-2 Bethel Baptist Church,U.S. Senate,,Mike Rounds,REP,285
Brookings,1-2 Bethel Baptist Church,U.S. Senate,,Scyller J. Borglum,REP,100
Brookings,1-4 Aurora Little Hall,U.S. Senate,,Mike Rounds,REP,49
Brookings,1-4 Aurora Little Hall,U.S. Senate,,Scyller J. Borglum,REP,18
Brookings,1-5 Elkton Community Center,U.S. Senate,,Mike Rounds,REP,88
Brookings,1-5 Elkton Community Center,U.S. Senate,,Scyller J. Borglum,REP,32
Brookings,1-6 McKnight Hall,U.S. Senate,,Mike Rounds,REP,41
Brookings,1-6 McKnight Hall,U.S. Senate,,Scyller J. Borglum,REP,24
Brookings,1-7 Bruce City Hall,U.S. Senate,,Mike Rounds,REP,56
Brookings,1-7 Bruce City Hall,U.S. Senate,,Scyller J. Borglum,REP,14
Brookings,Absentee,U.S. Senate,,Mike Rounds,REP,1128
Brookings,Absentee,U.S. Senate,,Scyller J. Borglum,REP,214
Brookings,1-1 Brookings Activity Center,U.S. Representative,1,Liz Marty May,REP,68
Brookings,1-1 Brookings Activity Center,U.S. Representative,1,Dusty Johnson,REP,198
Brookings,1-10 Volga Community Center,U.S. Representative,1,Liz Marty May,REP,31
Brookings,1-10 Volga Community Center,U.S. Representative,1,Dusty Johnson,REP,142
Brookings,1-2 Bethel Baptist Church,U.S. Representative,1,Liz Marty May,REP,78
Brookings,1-2 Bethel Baptist Church,U.S. Representative,1,Dusty Johnson,REP,304
Brookings,1-4 Aurora Little Hall,U.S. Representative,1,Liz Marty May,REP,22
Brookings,1-4 Aurora Little Hall,U.S. Representative,1,Dusty Johnson,REP,45
Brookings,1-5 Elkton Community Center,U.S. Representative,1,Liz Marty May,REP,25
Brookings,1-5 Elkton Community Center,U.S. Representative,1,Dusty Johnson,REP,93
Brookings,1-6 McKnight Hall,U.S. Representative,1,Liz Marty May,REP,14
Brookings,1-6 McKnight Hall,U.S. Representative,1,Dusty Johnson,REP,51
Brookings,1-7 Bruce City Hall,U.S. Representative,1,Liz Marty May,REP,15
Brookings,1-7 Bruce City Hall,U.S. Representative,1,Dusty Johnson,REP,54
Brookings,Absentee,U.S. Representative,1,Liz Marty May,REP,159
Brookings,Absentee,U.S. Representative,1,Dusty Johnson,REP,1179
Brookings,1-1 Brookings Activity Center,State Representative,7,Larry Tidemann,REP,155
Brookings,1-1 Brookings Activity Center,State Representative,7,Doug Post,REP,116
Brookings,1-1 Brookings Activity Center,State Representative,7,Tim Reed,REP,171
Brookings,1-10 Volga Community Center,State Representative,7,Larry Tidemann,REP,3
Brookings,1-10 Volga Community Center,State Representative,7,Doug Post,REP,8
Brookings,1-10 Volga Community Center,State Representative,7,Tim Reed,REP,3
Brookings,1-2 Bethel Baptist Church,State Representative,7,Larry Tidemann,REP,194
Brookings,1-2 Bethel Baptist Church,State Representative,7,Doug Post,REP,198
Brookings,1-2 Bethel Baptist Church,State Representative,7,Tim Reed,REP,256
Brookings,1-4 Aurora Little Hall,State Representative,7,Larry Tidemann,REP,1
Brookings,1-4 Aurora Little Hall,State Representative,7,Doug Post,REP,1
Brookings,1-4 Aurora Little Hall,State Representative,7,Tim Reed,REP,2
Brookings,1-5 Elkton Community Center,State Representative,7,Larry Tidemann,REP,2
Brookings,1-5 Elkton Community Center,State Representative,7,Doug Post,REP,2
Brookings,1-5 Elkton Community Center,State Representative,7,Tim Reed,REP,1
Brookings,1-6 McKnight Hall,State Representative,7,Larry Tidemann,REP,3
Brookings,1-6 McKnight Hall,State Representative,7,Doug Post,REP,3
Brookings,1-6 McKnight Hall,State Representative,7,Tim Reed,REP,2
Brookings,1-7 Bruce City Hall,State Representative,7,Larry Tidemann,REP,1
Brookings,1-7 Bruce City Hall,State Representative,7,Doug Post,REP,1
Brookings,1-7 Bruce City Hall,State Representative,7,Tim Reed,REP,2
Brookings,Absentee,State Representative,7,Larry Tidemann,REP,618
Brookings,Absentee,State Representative,7,Doug Post,REP,435
Brookings,Absentee,State Representative,7,Tim Reed,REP,768
Brookings,1-1 Brookings Activity Center,County Commissioner At Large,,Ryan Krogman,REP,203
Brookings,1-1 Brookings Activity Center,County Commissioner At Large,,Shawn Hostler,REP,95
Brookings,1-1 Brookings Activity Center,County Commissioner At Large,,Michael D Bartley,REP,131
Brookings,1-10 Volga Community Center,County Commissioner At Large,,Ryan Krogman,REP,119
Brookings,1-10 Volga Community Center,County Commissioner At Large,,Shawn Hostler,REP,66
Brookings,1-10 Volga Community Center,County Commissioner At Large,,Michael D Bartley,REP,82
Brookings,1-2 Bethel Baptist Church,County Commissioner At Large,,Ryan Krogman,REP,300
Brookings,1-2 Bethel Baptist Church,County Commissioner At Large,,Shawn Hostler,REP,136
Brookings,1-2 Bethel Baptist Church,County Commissioner At Large,,Michael D Bartley,REP,180
Brookings,1-4 Aurora Little Hall,County Commissioner At Large,,Ryan Krogman,REP,46
Brookings,1-4 Aurora Little Hall,County Commissioner At Large,,Shawn Hostler,REP,27
Brookings,1-4 Aurora Little Hall,County Commissioner At Large,,Michael D Bartley,REP,28
Brookings,1-5 Elkton Community Center,County Commissioner At Large,,Ryan Krogman,REP,81
Brookings,1-5 Elkton Community Center,County Commissioner At Large,,Shawn Hostler,REP,27
Brookings,1-5 Elkton Community Center,County Commissioner At Large,,Michael D Bartley,REP,52
Brookings,1-6 McKnight Hall,County Commissioner At Large,,Ryan Krogman,REP,42
Brookings,1-6 McKnight Hall,County Commissioner At Large,,Shawn Hostler,REP,18
Brookings,1-6 McKnight Hall,County Commissioner At Large,,Michael D Bartley,REP,45
Brookings,1-7 Bruce City Hall,County Commissioner At Large,,Ryan Krogman,REP,50
Brookings,1-7 Bruce City Hall,County Commissioner At Large,,Shawn Hostler,REP,29
Brookings,1-7 Bruce City Hall,County Commissioner At Large,,Michael D Bartley,REP,35
Brookings,Absentee,County Commissioner At Large,,Ryan Krogman,REP,1036
Brookings,Absentee,County Commissioner At Large,,Shawn Hostler,REP,391
Brookings,Absentee,County Commissioner At Large,,Michael D Bartley,REP,763
Brookings,1-1 Brookings Activity Center,Precinct Committeeman Precinct-05,,Leon Pesall,REP,5
Brookings,1-1 Brookings Activity Center,Precinct Committeeman Precinct-05,,Pat Powers,REP,15
Brookings,1-10 Volga Community Center,Precinct Committeeman Precinct-05,,Leon Pesall,REP,0
Brookings,1-10 Volga Community Center,Precinct Committeeman Precinct-05,,Pat Powers,REP,1
Brookings,1-2 Bethel Baptist Church,Precinct Committeeman Precinct-05,,Leon Pesall,REP,36
Brookings,1-2 Bethel Baptist Church,Precinct Committeeman Precinct-05,,Pat Powers,REP,61
Brookings,1-4 Aurora Little Hall,Precinct Committeeman Precinct-05,,Leon Pesall,REP,0
Brookings,1-4 Aurora Little Hall,Precinct Committeeman Precinct-05,,Pat Powers,REP,0
Brookings,1-5 Elkton Community Center,Precinct Committeeman Precinct-05,,Leon Pesall,REP,0
Brookings,1-5 Elkton Community Center,Precinct Committeeman Precinct-05,,Pat Powers,REP,0
Brookings,1-6 McKnight Hall,Precinct Committeeman Precinct-05,,Leon Pesall,REP,0
Brookings,1-6 McKnight Hall,Precinct Committeeman Precinct-05,,Pat Powers,REP,0
Brookings,1-7 Bruce City Hall,Precinct Committeeman Precinct-05,,Leon Pesall,REP,0
Brookings,1-7 Bruce City Hall,Precinct Committeeman Precinct-05,,Pat Powers,REP,1
Brookings,Absentee,Precinct Committeeman Precinct-05,,Leon Pesall,REP,84
Brookings,Absentee,Precinct Committeeman Precinct-05,,Pat Powers,REP,142
Brown,Aberdeen Mall,President,,Bernie Sanders,DEM,38
Brown,Aberdeen Mall,President,,Joseph R. Biden,DEM,77
Brown,Absentee,President,,Bernie Sanders,DEM,237
Brown,Absentee,President,,Joseph R. Biden,DEM,1618
Brown,Best Western Ramkota Hotel and Convention Center,President,,Bernie Sanders,DEM,35
Brown,Best Western Ramkota Hotel and Convention Center,President,,Joseph R. Biden,DEM,72
Brown,Claremont City Hall,President,,Bernie Sanders,DEM,0
Brown,Claremont City Hall,President,,Joseph R. Biden,DEM,11
Brown,Columbia Legion,President,,Bernie Sanders,DEM,3
Brown,Columbia Legion,President,,Joseph R. Biden,DEM,7
Brown,Courthouse Community Room,President,,Bernie Sanders,DEM,79
Brown,Courthouse Community Room,President,,Joseph R. Biden,DEM,157
Brown,Frederick Community Center,President,,Bernie Sanders,DEM,3
Brown,Frederick Community Center,President,,Joseph R. Biden,DEM,7
Brown,Groton Community Center,President,,Bernie Sanders,DEM,13
Brown,Groton Community Center,President,,Joseph R. Biden,DEM,42
Brown,Hecla Community Center,President,,Bernie Sanders,DEM,6
Brown,Hecla Community Center,President,,Joseph R. Biden,DEM,6
Brown,Stratford Communty Center,President,,Bernie Sanders,DEM,5
Brown,Stratford Communty Center,President,,Joseph R. Biden,DEM,10
Brown,Warner Community Center,President,,Bernie Sanders,DEM,2
Brown,Warner Community Center,President,,Joseph R. Biden,DEM,9
Brown,Westport Town Hall,President,,Bernie Sanders,DEM,1
Brown,Westport Town Hall,President,,Joseph R. Biden,DEM,8
Brown,Aberdeen Mall,U.S. Senate,,Mike Rounds,REP,225
Brown,Aberdeen Mall,U.S. Senate,,Scyller J. Borglum,REP,78
Brown,Absentee,U.S. Senate,,Mike Rounds,REP,1528
Brown,Absentee,U.S. Senate,,Scyller J. Borglum,REP,350
Brown,Best Western Ramkota Hotel and Convention Center,U.S. Senate,,Mike Rounds,REP,228
Brown,Best Western Ramkota Hotel and Convention Center,U.S. Senate,,Scyller J. Borglum,REP,62
Brown,Claremont City Hall,U.S. Senate,,Mike Rounds,REP,16
Brown,Claremont City Hall,U.S. Senate,,Scyller J. Borglum,REP,2
Brown,Columbia Legion,U.S. Senate,,Mike Rounds,REP,28
Brown,Columbia Legion,U.S. Senate,,Scyller J. Borglum,REP,10
Brown,Courthouse Community Room,U.S. Senate,,Mike Rounds,REP,310
Brown,Courthouse Community Room,U.S. Senate,,Scyller J. Borglum,REP,113
Brown,Frederick Community Center,U.S. Senate,,Mike Rounds,REP,19
Brown,Frederick Community Center,U.S. Senate,,Scyller J. Borglum,REP,6
Brown,Groton Community Center,U.S. Senate,,Mike Rounds,REP,69
Brown,Groton Community Center,U.S. Senate,,Scyller J. Borglum,REP,20
Brown,Hecla Community Center,U.S. Senate,,Mike Rounds,REP,22
Brown,Hecla Community Center,U.S. Senate,,Scyller J. Borglum,REP,5
Brown,Stratford Communty Center,U.S. Senate,,Mike Rounds,REP,11
Brown,Stratford Communty Center,U.S. Senate,,Scyller J. Borglum,REP,12
Brown,Warner Community Center,U.S. Senate,,Mike Rounds,REP,36
Brown,Warner Community Center,U.S. Senate,,Scyller J. Borglum,REP,8
Brown,Westport Town Hall,U.S. Senate,,Mike Rounds,REP,31
Brown,Westport Town Hall,U.S. Senate,,Scyller J. Borglum,REP,2
Brown,Aberdeen Mall,U.S. Representative,1,Liz Marty May,REP,69
Brown,Aberdeen Mall,U.S. Representative,1,Dusty Johnson,REP,233
Brown,Absentee,U.S. Representative,1,Liz Marty May,REP,315
Brown,Absentee,U.S. Representative,1,Dusty Johnson,REP,1558
Brown,Best Western Ramkota Hotel and Convention Center,U.S. Representative,1,Liz Marty May,REP,70
Brown,Best Western Ramkota Hotel and Convention Center,U.S. Representative,1,Dusty Johnson,REP,222
Brown,Claremont City Hall,U.S. Representative,1,Liz Marty May,REP,4
Brown,Claremont City Hall,U.S. Representative,1,Dusty Johnson,REP,14
Brown,Columbia Legion,U.S. Representative,1,Liz Marty May,REP,11
Brown,Columbia Legion,U.S. Representative,1,Dusty Johnson,REP,27
Brown,Courthouse Community Room,U.S. Representative,1,Liz Marty May,REP,123
Brown,Courthouse Community Room,U.S. Representative,1,Dusty Johnson,REP,296
Brown,Frederick Community Center,U.S. Representative,1,Liz Marty May,REP,4
Brown,Frederick Community Center,U.S. Representative,1,Dusty Johnson,REP,21
Brown,Groton Community Center,U.S. Representative,1,Liz Marty May,REP,18
Brown,Groton Community Center,U.S. Representative,1,Dusty Johnson,REP,73
Brown,Hecla Community Center,U.S. Representative,1,Liz Marty May,REP,5
Brown,Hecla Community Center,U.S. Representative,1,Dusty Johnson,REP,22
Brown,Stratford Communty Center,U.S. Representative,1,Liz Marty May,REP,8
Brown,Stratford Communty Center,U.S. Representative,1,Dusty Johnson,REP,15
Brown,Warner Community Center,U.S. Representative,1,Liz Marty May,REP,4
Brown,Warner Community Center,U.S. Representative,1,Dusty Johnson,REP,40
Brown,Westport Town Hall,U.S. Representative,1,Liz Marty May,REP,17
Brown,Westport Town Hall,U.S. Representative,1,Dusty Johnson,REP,17
Brown,Aberdeen Mall,School Board Member Aberdeen School District 6-1,,Kevin J. Burckhard,,284
Brown,Aberdeen Mall,School Board Member Aberdeen School District 6-1,,Aaron L. Schultz,,234
Brown,Aberdeen Mall,School Board Member Aberdeen School District 6-1,,Brian R. Sharp,,247
Brown,Aberdeen Mall,School Board Member Aberdeen School District 6-1,,Randy Evans,,136
Brown,Absentee,School Board Member Aberdeen School District 6-1,,Kevin J. Burckhard,,2248
Brown,Absentee,School Board Member Aberdeen School District 6-1,,Aaron L. Schultz,,2001
Brown,Absentee,School Board Member Aberdeen School District 6-1,,Brian R. Sharp,,2122
Brown,Absentee,School Board Member Aberdeen School District 6-1,,Randy Evans,,981
Brown,Best Western Ramkota Hotel and Convention Center,School Board Member Aberdeen School District 6-1,,Kevin J. Burckhard,,261
Brown,Best Western Ramkota Hotel and Convention Center,School Board Member Aberdeen School District 6-1,,Aaron L. Schultz,,232
Brown,Best Western Ramkota Hotel and Convention Center,School Board Member Aberdeen School District 6-1,,Brian R. Sharp,,232
Brown,Best Western Ramkota Hotel and Convention Center,School Board Member Aberdeen School District 6-1,,Randy Evans,,131
Brown,Claremont City Hall,School Board Member Aberdeen School District 6-1,,Kevin J. Burckhard,,0
Brown,Claremont City Hall,School Board Member Aberdeen School District 6-1,,Aaron L. Schultz,,0
Brown,Claremont City Hall,School Board Member Aberdeen School District 6-1,,Brian R. Sharp,,0
Brown,Claremont City Hall,School Board Member Aberdeen School District 6-1,,Randy Evans,,0
Brown,Columbia Legion,School Board Member Aberdeen School District 6-1,,Kevin J. Burckhard,,6
Brown,Columbia Legion,School Board Member Aberdeen School District 6-1,,Aaron L. Schultz,,7
Brown,Columbia Legion,School Board Member Aberdeen School District 6-1,,Brian R. Sharp,,9
Brown,Columbia Legion,School Board Member Aberdeen School District 6-1,,Randy Evans,,5
Brown,Courthouse Community Room,School Board Member Aberdeen School District 6-1,,Kevin J. Burckhard,,422
Brown,Courthouse Community Room,School Board Member Aberdeen School District 6-1,,Aaron L. Schultz,,364
Brown,Courthouse Community Room,School Board Member Aberdeen School District 6-1,,Brian R. Sharp,,358
Brown,Courthouse Community Room,School Board Member Aberdeen School District 6-1,,Randy Evans,,246
Brown,Frederick Community Center,School Board Member Aberdeen School District 6-1,,Kevin J. Burckhard,,0
Brown,Frederick Community Center,School Board Member Aberdeen School District 6-1,,Aaron L. Schultz,,1
Brown,Frederick Community Center,School Board Member Aberdeen School District 6-1,,Brian R. Sharp,,1
Brown,Frederick Community Center,School Board Member Aberdeen School District 6-1,,Randy Evans,,1
Brown,Groton Community Center,School Board Member Aberdeen School District 6-1,,Kevin J. Burckhard,,2
Brown,Groton Community Center,School Board Member Aberdeen School District 6-1,,Aaron L. Schultz,,2
Brown,Groton Community Center,School Board Member Aberdeen School District 6-1,,Brian R. Sharp,,1
Brown,Groton Community Center,School Board Member Aberdeen School District 6-1,,Randy Evans,,1
Brown,Hecla Community Center,School Board Member Aberdeen School District 6-1,,Kevin J. Burckhard,,0
Brown,Hecla Community Center,School Board Member Aberdeen School District 6-1,,Aaron L. Schultz,,0
Brown,Hecla Community Center,School Board Member Aberdeen School District 6-1,,Brian R. Sharp,,0
Brown,Hecla Community Center,School Board Member Aberdeen School District 6-1,,Randy Evans,,0
Brown,Stratford Communty Center,School Board Member Aberdeen School District 6-1,,Kevin J. Burckhard,,6
Brown,Stratford Communty Center,School Board Member Aberdeen School District 6-1,,Aaron L. Schultz,,6
Brown,Stratford Communty Center,School Board Member Aberdeen School District 6-1,,Brian R. Sharp,,4
Brown,Stratford Communty Center,School Board Member Aberdeen School District 6-1,,Randy Evans,,2
Brown,Warner Community Center,School Board Member Aberdeen School District 6-1,,Kevin J. Burckhard,,5
Brown,Warner Community Center,School Board Member Aberdeen School District 6-1,,Aaron L. Schultz,,4
Brown,Warner Community Center,School Board Member Aberdeen School District 6-1,,Brian R. Sharp,,7
Brown,Warner Community Center,School Board Member Aberdeen School District 6-1,,Randy Evans,,5
Brown,Westport Town Hall,School Board Member Aberdeen School District 6-1,,Kevin J. Burckhard,,3
Brown,Westport Town Hall,School Board Member Aberdeen School District 6-1,,Aaron L. Schultz,,0
Brown,Westport Town Hall,School Board Member Aberdeen School District 6-1,,Brian R. Sharp,,17
Brown,Westport Town Hall,School Board Member Aberdeen School District 6-1,,Randy Evans,,3
Brown,Aberdeen Mall,City Council Member Aberdeen Ward- SE,,David Welling,,83
Brown,Aberdeen Mall,City Council Member Aberdeen Ward- SE,,Tiffany Langer,,70
Brown,Aberdeen Mall,City Council Member Aberdeen Ward- SE,,"Dennis ""Mike"" Olson",,45
Brown,Absentee,City Council Member Aberdeen Ward- SE,,David Welling,,177
Brown,Absentee,City Council Member Aberdeen Ward- SE,,Tiffany Langer,,282
Brown,Absentee,City Council Member Aberdeen Ward- SE,,"Dennis ""Mike"" Olson",,302
Brown,Best Western Ramkota Hotel and Convention Center,City Council Member Aberdeen Ward- SE,,David Welling,,11
Brown,Best Western Ramkota Hotel and Convention Center,City Council Member Aberdeen Ward- SE,,Tiffany Langer,,17
Brown,Best Western Ramkota Hotel and Convention Center,City Council Member Aberdeen Ward- SE,,"Dennis ""Mike"" Olson",,5
Brown,Claremont City Hall,City Council Member Aberdeen Ward- SE,,David Welling,,0
Brown,Claremont City Hall,City Council Member Aberdeen Ward- SE,,Tiffany Langer,,0
Brown,Claremont City Hall,City Council Member Aberdeen Ward- SE,,"Dennis ""Mike"" Olson",,0
Brown,Columbia Legion,City Council Member Aberdeen Ward- SE,,David Welling,,0
Brown,Columbia Legion,City Council Member Aberdeen Ward- SE,,Tiffany Langer,,0
Brown,Columbia Legion,City Council Member Aberdeen Ward- SE,,"Dennis ""Mike"" Olson",,0
Brown,Courthouse Community Room,City Council Member Aberdeen Ward- SE,,David Welling,,71
Brown,Courthouse Community Room,City Council Member Aberdeen Ward- SE,,Tiffany Langer,,53
Brown,Courthouse Community Room,City Council Member Aberdeen Ward- SE,,"Dennis ""Mike"" Olson",,32
Brown,Frederick Community Center,City Council Member Aberdeen Ward- SE,,David Welling,,0
Brown,Frederick Community Center,City Council Member Aberdeen Ward- SE,,Tiffany Langer,,0
Brown,Frederick Community Center,City Council Member Aberdeen Ward- SE,,"Dennis ""Mike"" Olson",,0
Brown,Groton Community Center,City Council Member Aberdeen Ward- SE,,David Welling,,0
Brown,Groton Community Center,City Council Member Aberdeen Ward- SE,,Tiffany Langer,,0
Brown,Groton Community Center,City Council Member Aberdeen Ward- SE,,"Dennis ""Mike"" Olson",,0
Brown,Hecla Community Center,City Council Member Aberdeen Ward- SE,,David Welling,,0
Brown,Hecla Community Center,City Council Member Aberdeen Ward- SE,,Tiffany Langer,,0
Brown,Hecla Community Center,City Council Member Aberdeen Ward- SE,,"Dennis ""Mike"" Olson",,0
Brown,Stratford Communty Center,City Council Member Aberdeen Ward- SE,,David Welling,,0
Brown,Stratford Communty Center,City Council Member Aberdeen Ward- SE,,Tiffany Langer,,0
Brown,Stratford Communty Center,City Council Member Aberdeen Ward- SE,,"Dennis ""Mike"" Olson",,0
Brown,Warner Community Center,City Council Member Aberdeen Ward- SE,,David Welling,,1
Brown,Warner Community Center,City Council Member Aberdeen Ward- SE,,Tiffany Langer,,0
Brown,Warner Community Center,City Council Member Aberdeen Ward- SE,,"Dennis ""Mike"" Olson",,0
Brown,Westport Town Hall,City Council Member Aberdeen Ward- SE,,David Welling,,2
Brown,Westport Town Hall,City Council Member Aberdeen Ward- SE,,Tiffany Langer,,0
Brown,Westport Town Hall,City Council Member Aberdeen Ward- SE,,"Dennis ""Mike"" Olson",,0
Brule,1,President,,Bernie Sanders,DEM,41
Brule,1,President,,Joseph R. Biden,DEM,137
Brule,2,President,,Bernie Sanders,DEM,9
Brule,2,President,,Joseph R. Biden,DEM,46
Brule,3,President,,Bernie Sanders,DEM,7
Brule,3,President,,Joseph R. Biden,DEM,41
Brule,4,President,,Bernie Sanders,DEM,0
Brule,4,President,,Joseph R. Biden,DEM,5
Brule,5,President,,Bernie Sanders,DEM,0
Brule,5,President,,Joseph R. Biden,DEM,8
Brule,1,U.S. Senate,,Mike Rounds,REP,190
Brule,1,U.S. Senate,,Scyller J. Borglum,REP,66
Brule,2,U.S. Senate,,Mike Rounds,REP,61
Brule,2,U.S. Senate,,Scyller J. Borglum,REP,28
Brule,3,U.S. Senate,,Mike Rounds,REP,43
Brule,3,U.S. Senate,,Scyller J. Borglum,REP,30
Brule,4,U.S. Senate,,Mike Rounds,REP,9
Brule,4,U.S. Senate,,Scyller J. Borglum,REP,10
Brule,5,U.S. Senate,,Mike Rounds,REP,17
Brule,5,U.S. Senate,,Scyller J. Borglum,REP,10
Brule,1,U.S. Representative,1,Liz Marty May,REP,71
Brule,1,U.S. Representative,1,Dusty Johnson,REP,185
Brule,2,U.S. Representative,1,Liz Marty May,REP,20
Brule,2,U.S. Representative,1,Dusty Johnson,REP,69
Brule,3,U.S. Representative,1,Liz Marty May,REP,22
Brule,3,U.S. Representative,1,Dusty Johnson,REP,51
Brule,4,U.S. Representative,1,Liz Marty May,REP,13
Brule,4,U.S. Representative,1,Dusty Johnson,REP,8
Brule,5,U.S. Representative,1,Liz Marty May,REP,6
Brule,5,U.S. Representative,1,Dusty Johnson,REP,21
Buffalo,1,President,,Bernie Sanders,DEM,0
Buffalo,1,President,,Joseph R. Biden,DEM,9
Buffalo,2,President,,Bernie Sanders,DEM,4
Buffalo,2,President,,Joseph R. Biden,DEM,9
Buffalo,3,President,,Bernie Sanders,DEM,35
Buffalo,3,President,,Joseph R. Biden,DEM,41
Buffalo,1,U.S. Senate,,Mike Rounds,REP,19
Buffalo,1,U.S. Senate,,Scyller J. Borglum,REP,8
Buffalo,2,U.S. Senate,,Mike Rounds,REP,4
Buffalo,2,U.S. Senate,,Scyller J. Borglum,REP,2
Buffalo,3,U.S. Senate,,Mike Rounds,REP,8
Buffalo,3,U.S. Senate,,Scyller J. Borglum,REP,4
Buffalo,1,U.S. Representative,1,Liz Marty May,REP,7
Buffalo,1,U.S. Representative,1,Dusty Johnson,REP,20
Buffalo,2,U.S. Representative,1,Liz Marty May,REP,2
Buffalo,2,U.S. Representative,1,Dusty Johnson,REP,4
Buffalo,3,U.S. Representative,1,Liz Marty May,REP,6
Buffalo,3,U.S. Representative,1,Dusty Johnson,REP,6
Butte,6,President,,Bernie Sanders,DEM,0
Butte,6,President,,Joseph R. Biden,DEM,1
Butte,"08 (13, 14)",President,,Bernie Sanders,DEM,10
Butte,"08 (13, 14)",President,,Joseph R. Biden,DEM,20
Butte,11,President,,Bernie Sanders,DEM,1
Butte,11,President,,Joseph R. Biden,DEM,2
Butte,12,President,,Bernie Sanders,DEM,4
Butte,12,President,,Joseph R. Biden,DEM,2
Butte,16,President,,Bernie Sanders,DEM,12
Butte,16,President,,Joseph R. Biden,DEM,45
Butte,17,President,,Bernie Sanders,DEM,4
Butte,17,President,,Joseph R. Biden,DEM,11
Butte,18,President,,Bernie Sanders,DEM,4
Butte,18,President,,Joseph R. Biden,DEM,6
Butte,20,President,,Bernie Sanders,DEM,9
Butte,20,President,,Joseph R. Biden,DEM,15
Butte,21,President,,Bernie Sanders,DEM,3
Butte,21,President,,Joseph R. Biden,DEM,16
Butte,22,President,,Bernie Sanders,DEM,7
Butte,22,President,,Joseph R. Biden,DEM,17
Butte,23,President,,Bernie Sanders,DEM,3
Butte,23,President,,Joseph R. Biden,DEM,15
Butte,24,President,,Bernie Sanders,DEM,9
Butte,24,President,,Joseph R. Biden,DEM,23
Butte,25,President,,Bernie Sanders,DEM,6
Butte,25,President,,Joseph R. Biden,DEM,30
Butte,26,President,,Bernie Sanders,DEM,4
Butte,26,President,,Joseph R. Biden,DEM,17
Butte,27,President,,Bernie Sanders,DEM,5
Butte,27,President,,Joseph R. Biden,DEM,14
Butte,28,President,,Bernie Sanders,DEM,8
Butte,28,President,,Joseph R. Biden,DEM,31
Butte,6,U.S. Senate,,Mike Rounds,REP,10
Butte,6,U.S. Senate,,Scyller J. Borglum,REP,18
Butte,"08 (13, 14)",U.S. Senate,,Mike Rounds,REP,122
Butte,"08 (13, 14)",U.S. Senate,,Scyller J. Borglum,REP,97
Butte,11,U.S. Senate,,Mike Rounds,REP,15
Butte,11,U.S. Senate,,Scyller J. Borglum,REP,10
Butte,12,U.S. Senate,,Mike Rounds,REP,24
Butte,12,U.S. Senate,,Scyller J. Borglum,REP,24
Butte,16,U.S. Senate,,Mike Rounds,REP,178
Butte,16,U.S. Senate,,Scyller J. Borglum,REP,71
Butte,17,U.S. Senate,,Mike Rounds,REP,95
Butte,17,U.S. Senate,,Scyller J. Borglum,REP,43
Butte,18,U.S. Senate,,Mike Rounds,REP,23
Butte,18,U.S. Senate,,Scyller J. Borglum,REP,14
Butte,20,U.S. Senate,,Mike Rounds,REP,64
Butte,20,U.S. Senate,,Scyller J. Borglum,REP,33
Butte,21,U.S. Senate,,Mike Rounds,REP,65
Butte,21,U.S. Senate,,Scyller J. Borglum,REP,16
Butte,22,U.S. Senate,,Mike Rounds,REP,31
Butte,22,U.S. Senate,,Scyller J. Borglum,REP,9
Butte,23,U.S. Senate,,Mike Rounds,REP,53
Butte,23,U.S. Senate,,Scyller J. Borglum,REP,24
Butte,24,U.S. Senate,,Mike Rounds,REP,80
Butte,24,U.S. Senate,,Scyller J. Borglum,REP,29
Butte,25,U.S. Senate,,Mike Rounds,REP,93
Butte,25,U.S. Senate,,Scyller J. Borglum,REP,41
Butte,26,U.S. Senate,,Mike Rounds,REP,57
Butte,26,U.S. Senate,,Scyller J. Borglum,REP,21
Butte,27,U.S. Senate,,Mike Rounds,REP,52
Butte,27,U.S. Senate,,Scyller J. Borglum,REP,18
Butte,28,U.S. Senate,,Mike Rounds,REP,101
Butte,28,U.S. Senate,,Scyller J. Borglum,REP,36
Butte,6,U.S. Representative,1,Liz Marty May,REP,25
Butte,6,U.S. Representative,1,Dusty Johnson,REP,3
Butte,"08 (13, 14)",U.S. Representative,1,Liz Marty May,REP,124
Butte,"08 (13, 14)",U.S. Representative,1,Dusty Johnson,REP,95
Butte,11,U.S. Representative,1,Liz Marty May,REP,19
Butte,11,U.S. Representative,1,Dusty Johnson,REP,7
Butte,12,U.S. Representative,1,Liz Marty May,REP,22
Butte,12,U.S. Representative,1,Dusty Johnson,REP,26
Butte,16,U.S. Representative,1,Liz Marty May,REP,75
Butte,16,U.S. Representative,1,Dusty Johnson,REP,175
Butte,17,U.S. Representative,1,Liz Marty May,REP,57
Butte,17,U.S. Representative,1,Dusty Johnson,REP,81
Butte,18,U.S. Representative,1,Liz Marty May,REP,9
Butte,18,U.S. Representative,1,Dusty Johnson,REP,28
Butte,20,U.S. Representative,1,Liz Marty May,REP,40
Butte,20,U.S. Representative,1,Dusty Johnson,REP,56
Butte,21,U.S. Representative,1,Liz Marty May,REP,21
Butte,21,U.S. Representative,1,Dusty Johnson,REP,59
Butte,22,U.S. Representative,1,Liz Marty May,REP,12
Butte,22,U.S. Representative,1,Dusty Johnson,REP,27
Butte,23,U.S. Representative,1,Liz Marty May,REP,37
Butte,23,U.S. Representative,1,Dusty Johnson,REP,40
Butte,24,U.S. Representative,1,Liz Marty May,REP,41
Butte,24,U.S. Representative,1,Dusty Johnson,REP,68
Butte,25,U.S. Representative,1,Liz Marty May,REP,42
Butte,25,U.S. Representative,1,Dusty Johnson,REP,95
Butte,26,U.S. Representative,1,Liz Marty May,REP,24
Butte,26,U.S. Representative,1,Dusty Johnson,REP,54
Butte,27,U.S. Representative,1,Liz Marty May,REP,31
Butte,27,U.S. Representative,1,Dusty Johnson,REP,41
Butte,28,U.S. Representative,1,Liz Marty May,REP,45
Butte,28,U.S. Representative,1,Dusty Johnson,REP,91
Butte,"08 (13, 14)",State Senate,29,Terri Jorgenson,REP,90
Butte,"08 (13, 14)",State Senate,29,Gary L Cammack,REP,123
Butte,12,State Senate,29,Terri Jorgenson,REP,21
Butte,12,State Senate,29,Gary L Cammack,REP,26
Butte,18,State Senate,29,Terri Jorgenson,REP,16
Butte,18,State Senate,29,Gary L Cammack,REP,20
Butte,20,State Senate,29,Terri Jorgenson,REP,29
Butte,20,State Senate,29,Gary L Cammack,REP,65
Butte,"08 (13, 14)",State Representative,29,Kirk J Chaffee,REP,88
Butte,"08 (13, 14)",State Representative,29,Lincoln I Shuck,REP,55
Butte,"08 (13, 14)",State Representative,29,Thomas J Brunner,REP,129
Butte,"08 (13, 14)",State Representative,29,Dean Wink,REP,109
Butte,12,State Representative,29,Kirk J Chaffee,REP,12
Butte,12,State Representative,29,Lincoln I Shuck,REP,10
Butte,12,State Representative,29,Thomas J Brunner,REP,41
Butte,12,State Representative,29,Dean Wink,REP,21
Butte,18,State Representative,29,Kirk J Chaffee,REP,12
Butte,18,State Representative,29,Lincoln I Shuck,REP,7
Butte,18,State Representative,29,Thomas J Brunner,REP,33
Butte,18,State Representative,29,Dean Wink,REP,11
Butte,20,State Representative,29,Kirk J Chaffee,REP,43
Butte,20,State Representative,29,Lincoln I Shuck,REP,30
Butte,20,State Representative,29,Thomas J Brunner,REP,55
Butte,20,State Representative,29,Dean Wink,REP,43
Campbell,1,President,,Bernie Sanders,DEM,3
Campbell,1,President,,Joseph R. Biden,DEM,9
Campbell,2,President,,Bernie Sanders,DEM,0
Campbell,2,President,,Joseph R. Biden,DEM,6
Campbell,3,President,,Bernie Sanders,DEM,4
Campbell,3,President,,Joseph R. Biden,DEM,4
Campbell,4,President,,Bernie Sanders,DEM,3
Campbell,4,President,,Joseph R. Biden,DEM,3
Campbell,5,President,,Bernie Sanders,DEM,1
Campbell,5,President,,Joseph R. Biden,DEM,4
Campbell,1,U.S. Senate,,Mike Rounds,REP,59
Campbell,1,U.S. Senate,,Scyller J. Borglum,REP,13
Campbell,2,U.S. Senate,,Mike Rounds,REP,68
Campbell,2,U.S. Senate,,Scyller J. Borglum,REP,13
Campbell,3,U.S. Senate,,Mike Rounds,REP,58
Campbell,3,U.S. Senate,,Scyller J. Borglum,REP,19
Campbell,4,U.S. Senate,,Mike Rounds,REP,62
Campbell,4,U.S. Senate,,Scyller J. Borglum,REP,26
Campbell,5,U.S. Senate,,Mike Rounds,REP,52
Campbell,5,U.S. Senate,,Scyller J. Borglum,REP,30
Campbell,1,U.S. Representative,1,Liz Marty May,REP,18
Campbell,1,U.S. Representative,1,Dusty Johnson,REP,51
Campbell,2,U.S. Representative,1,Liz Marty May,REP,20
Campbell,2,U.S. Representative,1,Dusty Johnson,REP,62
Campbell,3,U.S. Representative,1,Liz Marty May,REP,26
Campbell,3,U.S. Representative,1,Dusty Johnson,REP,51
Campbell,4,U.S. Representative,1,Liz Marty May,REP,30
Campbell,4,U.S. Representative,1,Dusty Johnson,REP,58
Campbell,5,U.S. Representative,1,Liz Marty May,REP,40
Campbell,5,U.S. Representative,1,Dusty Johnson,REP,42
Campbell,1,State Senate,23,Bryan J Breitling,REP,26
Campbell,1,State Senate,23,Larry Nielson,REP,35
Campbell,2,State Senate,23,Bryan J Breitling,REP,32
Campbell,2,State Senate,23,Larry Nielson,REP,41
Campbell,3,State Senate,23,Bryan J Breitling,REP,29
Campbell,3,State Senate,23,Larry Nielson,REP,40
Campbell,4,State Senate,23,Bryan J Breitling,REP,43
Campbell,4,State Senate,23,Larry Nielson,REP,34
Campbell,5,State Senate,23,Bryan J Breitling,REP,36
Campbell,5,State Senate,23,Larry Nielson,REP,35
Campbell,1,State Representative,23,Kevin E Watts,REP,6
Campbell,1,State Representative,23,Spencer Gosch,REP,67
Campbell,1,State Representative,23,Charlie Hoffman,REP,54
Campbell,1,State Representative,23,James D Wangsness,REP,4
Campbell,2,State Representative,23,Kevin E Watts,REP,6
Campbell,2,State Representative,23,Spencer Gosch,REP,66
Campbell,2,State Representative,23,Charlie Hoffman,REP,67
Campbell,2,State Representative,23,James D Wangsness,REP,9
Campbell,3,State Representative,23,Kevin E Watts,REP,6
Campbell,3,State Representative,23,Spencer Gosch,REP,71
Campbell,3,State Representative,23,Charlie Hoffman,REP,61
Campbell,3,State Representative,23,James D Wangsness,REP,5
Campbell,4,State Representative,23,Kevin E Watts,REP,7
Campbell,4,State Representative,23,Spencer Gosch,REP,71
Campbell,4,State Representative,23,Charlie Hoffman,REP,69
Campbell,4,State Representative,23,James D Wangsness,REP,11
Campbell,5,State Representative,23,Kevin E Watts,REP,6
Campbell,5,State Representative,23,Spencer Gosch,REP,71
Campbell,5,State Representative,23,Charlie Hoffman,REP,56
Campbell,5,State Representative,23,James D Wangsness,REP,14
Charles Mix,1,President,,Bernie Sanders,DEM,11
Charles Mix,1,President,,Joseph R. Biden,DEM,34
Charles Mix,2,President,,Bernie Sanders,DEM,8
Charles Mix,2,President,,Joseph R. Biden,DEM,22
Charles Mix,3,President,,Bernie Sanders,DEM,27
Charles Mix,3,President,,Joseph R. Biden,DEM,62
Charles Mix,4,President,,Bernie Sanders,DEM,16
Charles Mix,4,President,,Joseph R. Biden,DEM,16
Charles Mix,5,President,,Bernie Sanders,DEM,13
Charles Mix,5,President,,Joseph R. Biden,DEM,25
Charles Mix,6,President,,Bernie Sanders,DEM,15
Charles Mix,6,President,,Joseph R. Biden,DEM,38
Charles Mix,7,President,,Bernie Sanders,DEM,3
Charles Mix,7,President,,Joseph R. Biden,DEM,18
Charles Mix,8,President,,Bernie Sanders,DEM,1
Charles Mix,8,President,,Joseph R. Biden,DEM,12
Charles Mix,9,President,,Bernie Sanders,DEM,10
Charles Mix,9,President,,Joseph R. Biden,DEM,27
Charles Mix,10,President,,Bernie Sanders,DEM,4
Charles Mix,10,President,,Joseph R. Biden,DEM,4
Charles Mix,11,President,,Bernie Sanders,DEM,23
Charles Mix,11,President,,Joseph R. Biden,DEM,73
Charles Mix,12,President,,Bernie Sanders,DEM,2
Charles Mix,12,President,,Joseph R. Biden,DEM,15
Charles Mix,13,President,,Bernie Sanders,DEM,3
Charles Mix,13,President,,Joseph R. Biden,DEM,6
Charles Mix,1,U.S. Senate,,Mike Rounds,REP,91
Charles Mix,1,U.S. Senate,,Scyller J. Borglum,REP,24
Charles Mix,2,U.S. Senate,,Mike Rounds,REP,25
Charles Mix,2,U.S. Senate,,Scyller J. Borglum,REP,14
Charles Mix,3,U.S. Senate,,Mike Rounds,REP,65
Charles Mix,3,U.S. Senate,,Scyller J. Borglum,REP,18
Charles Mix,4,U.S. Senate,,Mike Rounds,REP,27
Charles Mix,4,U.S. Senate,,Scyller J. Borglum,REP,3
Charles Mix,5,U.S. Senate,,Mike Rounds,REP,53
Charles Mix,5,U.S. Senate,,Scyller J. Borglum,REP,11
Charles Mix,6,U.S. Senate,,Mike Rounds,REP,22
Charles Mix,6,U.S. Senate,,Scyller J. Borglum,REP,4
Charles Mix,7,U.S. Senate,,Mike Rounds,REP,41
Charles Mix,7,U.S. Senate,,Scyller J. Borglum,REP,8
Charles Mix,8,U.S. Senate,,Mike Rounds,REP,49
Charles Mix,8,U.S. Senate,,Scyller J. Borglum,REP,15
Charles Mix,9,U.S. Senate,,Mike Rounds,REP,137
Charles Mix,9,U.S. Senate,,Scyller J. Borglum,REP,50
Charles Mix,10,U.S. Senate,,Mike Rounds,REP,89
Charles Mix,10,U.S. Senate,,Scyller J. Borglum,REP,22
Charles Mix,11,U.S. Senate,,Mike Rounds,REP,262
Charles Mix,11,U.S. Senate,,Scyller J. Borglum,REP,88
Charles Mix,12,U.S. Senate,,Mike Rounds,REP,14
Charles Mix,12,U.S. Senate,,Scyller J. Borglum,REP,16
Charles Mix,13,U.S. Senate,,Mike Rounds,REP,11
Charles Mix,13,U.S. Senate,,Scyller J. Borglum,REP,1
Charles Mix,1,U.S. Representative,1,Liz Marty May,REP,19
Charles Mix,1,U.S. Representative,1,Dusty Johnson,REP,94
Charles Mix,2,U.S. Representative,1,Liz Marty May,REP,8
Charles Mix,2,U.S. Representative,1,Dusty Johnson,REP,31
Charles Mix,3,U.S. Representative,1,Liz Marty May,REP,13
Charles Mix,3,U.S. Representative,1,Dusty Johnson,REP,72
Charles Mix,4,U.S. Representative,1,Liz Marty May,REP,5
Charles Mix,4,U.S. Representative,1,Dusty Johnson,REP,25
Charles Mix,5,U.S. Representative,1,Liz Marty May,REP,12
Charles Mix,5,U.S. Representative,1,Dusty Johnson,REP,51
Charles Mix,6,U.S. Representative,1,Liz Marty May,REP,3
Charles Mix,6,U.S. Representative,1,Dusty Johnson,REP,23
Charles Mix,7,U.S. Representative,1,Liz Marty May,REP,6
Charles Mix,7,U.S. Representative,1,Dusty Johnson,REP,43
Charles Mix,8,U.S. Representative,1,Liz Marty May,REP,20
Charles Mix,8,U.S. Representative,1,Dusty Johnson,REP,44
Charles Mix,9,U.S. Representative,1,Liz Marty May,REP,34
Charles Mix,9,U.S. Representative,1,Dusty Johnson,REP,149
Charles Mix,10,U.S. Representative,1,Liz Marty May,REP,20
Charles Mix,10,U.S. Representative,1,Dusty Johnson,REP,94
Charles Mix,11,U.S. Representative,1,Liz Marty May,REP,70
Charles Mix,11,U.S. Representative,1,Dusty Johnson,REP,283
Charles Mix,12,U.S. Representative,1,Liz Marty May,REP,12
Charles Mix,12,U.S. Representative,1,Dusty Johnson,REP,19
Charles Mix,13,U.S. Representative,1,Liz Marty May,REP,2
Charles Mix,13,U.S. Representative,1,Dusty Johnson,REP,10
Charles Mix,1,State Senate,21,Erin Tobin,REP,70
Charles Mix,1,State Senate,21,Lee Qualm,REP,39
Charles Mix,2,State Senate,21,Erin Tobin,REP,22
Charles Mix,2,State Senate,21,Lee Qualm,REP,17
Charles Mix,3,State Senate,21,Erin Tobin,REP,53
Charles Mix,3,State Senate,21,Lee Qualm,REP,31
Charles Mix,4,State Senate,21,Erin Tobin,REP,17
Charles Mix,4,State Senate,21,Lee Qualm,REP,11
Charles Mix,5,State Senate,21,Erin Tobin,REP,26
Charles Mix,5,State Senate,21,Lee Qualm,REP,37
Charles Mix,6,State Senate,21,Erin Tobin,REP,14
Charles Mix,6,State Senate,21,Lee Qualm,REP,12
Charles Mix,7,State Senate,21,Erin Tobin,REP,21
Charles Mix,7,State Senate,21,Lee Qualm,REP,27
Charles Mix,8,State Senate,21,Erin Tobin,REP,37
Charles Mix,8,State Senate,21,Lee Qualm,REP,27
Charles Mix,9,State Senate,21,Erin Tobin,REP,99
Charles Mix,9,State Senate,21,Lee Qualm,REP,88
Charles Mix,10,State Senate,21,Erin Tobin,REP,13
Charles Mix,10,State Senate,21,Lee Qualm,REP,103
Charles Mix,11,State Senate,21,Erin Tobin,REP,175
Charles Mix,11,State Senate,21,Lee Qualm,REP,180
Charles Mix,12,State Senate,21,Erin Tobin,REP,27
Charles Mix,12,State Senate,21,Lee Qualm,REP,4
Charles Mix,13,State Senate,21,Erin Tobin,REP,6
Charles Mix,13,State Senate,21,Lee Qualm,REP,6
Charles Mix,1,States Attorney,,Steven R. Cotton,REP,89
Charles Mix,1,States Attorney,,Pamela S. Hein,REP,24
Charles Mix,2,States Attorney,,Steven R. Cotton,REP,27
Charles Mix,2,States Attorney,,Pamela S. Hein,REP,12
Charles Mix,3,States Attorney,,Steven R. Cotton,REP,58
Charles Mix,3,States Attorney,,Pamela S. Hein,REP,24
Charles Mix,4,States Attorney,,Steven R. Cotton,REP,19
Charles Mix,4,States Attorney,,Pamela S. Hein,REP,12
Charles Mix,5,States Attorney,,Steven R. Cotton,REP,37
Charles Mix,5,States Attorney,,Pamela S. Hein,REP,27
Charles Mix,6,States Attorney,,Steven R. Cotton,REP,10
Charles Mix,6,States Attorney,,Pamela S. Hein,REP,16
Charles Mix,7,States Attorney,,Steven R. Cotton,REP,33
Charles Mix,7,States Attorney,,Pamela S. Hein,REP,12
Charles Mix,8,States Attorney,,Steven R. Cotton,REP,37
Charles Mix,8,States Attorney,,Pamela S. Hein,REP,21
Charles Mix,9,States Attorney,,Steven R. Cotton,REP,96
Charles Mix,9,States Attorney,,Pamela S. Hein,REP,58
Charles Mix,10,States Attorney,,Steven R. Cotton,REP,81
Charles Mix,10,States Attorney,,Pamela S. Hein,REP,22
Charles Mix,11,States Attorney,,Steven R. Cotton,REP,169
Charles Mix,11,States Attorney,,Pamela S. Hein,REP,120
Charles Mix,12,States Attorney,,Steven R. Cotton,REP,18
Charles Mix,12,States Attorney,,Pamela S. Hein,REP,9
Charles Mix,13,States Attorney,,Steven R. Cotton,REP,8
Charles Mix,13,States Attorney,,Pamela S. Hein,REP,4
Charles Mix,1,County Commissioner Charles Mix-2,,Neil Von Eschen,REP,27
Charles Mix,1,County Commissioner Charles Mix-2,,Colin Soukup,REP,56
Charles Mix,2,County Commissioner Charles Mix-2,,Neil Von Eschen,REP,14
Charles Mix,2,County Commissioner Charles Mix-2,,Colin Soukup,REP,25
Charles Mix,3,County Commissioner Charles Mix-2,,Neil Von Eschen,REP,38
Charles Mix,3,County Commissioner Charles Mix-2,,Colin Soukup,REP,34
Charles Mix,5,County Commissioner Charles Mix-2,,Neil Von Eschen,REP,7
Charles Mix,5,County Commissioner Charles Mix-2,,Colin Soukup,REP,16
Charles Mix,6,County Commissioner Charles Mix-2,,Neil Von Eschen,REP,6
Charles Mix,6,County Commissioner Charles Mix-2,,Colin Soukup,REP,5
Charles Mix,13,County Commissioner Charles Mix-2,,Neil Von Eschen,REP,2
Charles Mix,13,County Commissioner Charles Mix-2,,Colin Soukup,REP,3
Clark,1,President,,Bernie Sanders,DEM,3
Clark,1,President,,Joseph R. Biden,DEM,17
Clark,2,President,,Bernie Sanders,DEM,0
Clark,2,President,,Joseph R. Biden,DEM,7
Clark,3,President,,Bernie Sanders,DEM,3
Clark,3,President,,Joseph R. Biden,DEM,4
Clark,4,President,,Bernie Sanders,DEM,0
Clark,4,President,,Joseph R. Biden,DEM,8
Clark,5,President,,Bernie Sanders,DEM,0
Clark,5,President,,Joseph R. Biden,DEM,7
Clark,6,President,,Bernie Sanders,DEM,0
Clark,6,President,,Joseph R. Biden,DEM,6
Clark,7,President,,Bernie Sanders,DEM,0
Clark,7,President,,Joseph R. Biden,DEM,13
Clark,8,President,,Bernie Sanders,DEM,4
Clark,8,President,,Joseph R. Biden,DEM,10
Clark,9,President,,Bernie Sanders,DEM,0
Clark,9,President,,Joseph R. Biden,DEM,0
Clark,10,President,,Bernie Sanders,DEM,1
Clark,10,President,,Joseph R. Biden,DEM,3
Clark,11,President,,Bernie Sanders,DEM,5
Clark,11,President,,Joseph R. Biden,DEM,9
Clark,12,President,,Bernie Sanders,DEM,1
Clark,12,President,,Joseph R. Biden,DEM,12
Clark,13,President,,Bernie Sanders,DEM,2
Clark,13,President,,Joseph R. Biden,DEM,15
Clark,1,U.S. Senate,,Mike Rounds,REP,23
Clark,1,U.S. Senate,,Scyller J. Borglum,REP,11
Clark,2,U.S. Senate,,Mike Rounds,REP,13
Clark,2,U.S. Senate,,Scyller J. Borglum,REP,12
Clark,3,U.S. Senate,,Mike Rounds,REP,11
Clark,3,U.S. Senate,,Scyller J. Borglum,REP,6
Clark,4,U.S. Senate,,Mike Rounds,REP,17
Clark,4,U.S. Senate,,Scyller J. Borglum,REP,5
Clark,5,U.S. Senate,,Mike Rounds,REP,20
Clark,5,U.S. Senate,,Scyller J. Borglum,REP,6
Clark,6,U.S. Senate,,Mike Rounds,REP,9
Clark,6,U.S. Senate,,Scyller J. Borglum,REP,8
Clark,7,U.S. Senate,,Mike Rounds,REP,21
Clark,7,U.S. Senate,,Scyller J. Borglum,REP,2
Clark,8,U.S. Senate,,Mike Rounds,REP,21
Clark,8,U.S. Senate,,Scyller J. Borglum,REP,3
Clark,9,U.S. Senate,,Mike Rounds,REP,5
Clark,9,U.S. Senate,,Scyller J. Borglum,REP,1
Clark,10,U.S. Senate,,Mike Rounds,REP,13
Clark,10,U.S. Senate,,Scyller J. Borglum,REP,3
Clark,11,U.S. Senate,,Mike Rounds,REP,19
Clark,11,U.S. Senate,,Scyller J. Borglum,REP,7
Clark,12,U.S. Senate,,Mike Rounds,REP,25
Clark,12,U.S. Senate,,Scyller J. Borglum,REP,9
Clark,13,U.S. Senate,,Mike Rounds,REP,49
Clark,13,U.S. Senate,,Scyller J. Borglum,REP,10
Clark,1,U.S. Representative,1,Liz Marty May,REP,13
Clark,1,U.S. Representative,1,Dusty Johnson,REP,21
Clark,2,U.S. Representative,1,Liz Marty May,REP,12
Clark,2,U.S. Representative,1,Dusty Johnson,REP,13
Clark,3,U.S. Representative,1,Liz Marty May,REP,4
Clark,3,U.S. Representative,1,Dusty Johnson,REP,13
Clark,4,U.S. Representative,1,Liz Marty May,REP,3
Clark,4,U.S. Representative,1,Dusty Johnson,REP,18
Clark,5,U.S. Representative,1,Liz Marty May,REP,6
Clark,5,U.S. Representative,1,Dusty Johnson,REP,20
Clark,6,U.S. Representative,1,Liz Marty May,REP,3
Clark,6,U.S. Representative,1,Dusty Johnson,REP,14
Clark,7,U.S. Representative,1,Liz Marty May,REP,6
Clark,7,U.S. Representative,1,Dusty Johnson,REP,17
Clark,8,U.S. Representative,1,Liz Marty May,REP,3
Clark,8,U.S. Representative,1,Dusty Johnson,REP,21
Clark,9,U.S. Representative,1,Liz Marty May,REP,1
Clark,9,U.S. Representative,1,Dusty Johnson,REP,5
Clark,10,U.S. Representative,1,Liz Marty May,REP,3
Clark,10,U.S. Representative,1,Dusty Johnson,REP,13
Clark,11,U.S. Representative,1,Liz Marty May,REP,6
Clark,11,U.S. Representative,1,Dusty Johnson,REP,20
Clark,12,U.S. Representative,1,Liz Marty May,REP,9
Clark,12,U.S. Representative,1,Dusty Johnson,REP,24
Clark,13,U.S. Representative,1,Liz Marty May,REP,12
Clark,13,U.S. Representative,1,Dusty Johnson,REP,47
Clay,1,President,,Bernie Sanders,DEM,7
Clay,1,President,,Joseph R. Biden,DEM,41
Clay,2,President,,Bernie Sanders,DEM,10
Clay,2,President,,Joseph R. Biden,DEM,62
Clay,3,President,,Bernie Sanders,DEM,58
Clay,3,President,,Joseph R. Biden,DEM,198
Clay,C1 (C2),President,,Bernie Sanders,DEM,64
Clay,C1 (C2),President,,Joseph R. Biden,DEM,132
Clay,E1 (E2),President,,Bernie Sanders,DEM,33
Clay,E1 (E2),President,,Joseph R. Biden,DEM,53
Clay,S1 (S2),President,,Bernie Sanders,DEM,91
Clay,S1 (S2),President,,Joseph R. Biden,DEM,412
Clay,W1 (W2),President,,Bernie Sanders,DEM,68
Clay,W1 (W2),President,,Joseph R. Biden,DEM,193
Clay,1,U.S. Senate,,Mike Rounds,REP,78
Clay,1,U.S. Senate,,Scyller J. Borglum,REP,21
Clay,2,U.S. Senate,,Mike Rounds,REP,45
Clay,2,U.S. Senate,,Scyller J. Borglum,REP,13
Clay,3,U.S. Senate,,Mike Rounds,REP,167
Clay,3,U.S. Senate,,Scyller J. Borglum,REP,28
Clay,C1 (C2),U.S. Senate,,Mike Rounds,REP,36
Clay,C1 (C2),U.S. Senate,,Scyller J. Borglum,REP,15
Clay,E1 (E2),U.S. Senate,,Mike Rounds,REP,62
Clay,E1 (E2),U.S. Senate,,Scyller J. Borglum,REP,6
Clay,S1 (S2),U.S. Senate,,Mike Rounds,REP,224
Clay,S1 (S2),U.S. Senate,,Scyller J. Borglum,REP,44
Clay,W1 (W2),U.S. Senate,,Mike Rounds,REP,132
Clay,W1 (W2),U.S. Senate,,Scyller J. Borglum,REP,30
Clay,1,U.S. Representative,1,Liz Marty May,REP,16
Clay,1,U.S. Representative,1,Dusty Johnson,REP,83
Clay,2,U.S. Representative,1,Liz Marty May,REP,6
Clay,2,U.S. Representative,1,Dusty Johnson,REP,53
Clay,3,U.S. Representative,1,Liz Marty May,REP,24
Clay,3,U.S. Representative,1,Dusty Johnson,REP,171
Clay,C1 (C2),U.S. Representative,1,Liz Marty May,REP,8
Clay,C1 (C2),U.S. Representative,1,Dusty Johnson,REP,44
Clay,E1 (E2),U.S. Representative,1,Liz Marty May,REP,12
Clay,E1 (E2),U.S. Representative,1,Dusty Johnson,REP,55
Clay,S1 (S2),U.S. Representative,1,Liz Marty May,REP,28
Clay,S1 (S2),U.S. Representative,1,Dusty Johnson,REP,242
Clay,W1 (W2),U.S. Representative,1,Liz Marty May,REP,35
Clay,W1 (W2),U.S. Representative,1,Dusty Johnson,REP,127
Clay,1,State Senate,17,Arthur Rusch,REP,42
Clay,1,State Senate,17,Nancy Rasmussen,REP,54
Clay,2,State Senate,17,Arthur Rusch,REP,29
Clay,2,State Senate,17,Nancy Rasmussen,REP,29
Clay,3,State Senate,17,Arthur Rusch,REP,125
Clay,3,State Senate,17,Nancy Rasmussen,REP,66
Clay,C1 (C2),State Senate,17,Arthur Rusch,REP,39
Clay,C1 (C2),State Senate,17,Nancy Rasmussen,REP,13
Clay,E1 (E2),State Senate,17,Arthur Rusch,REP,39
Clay,E1 (E2),State Senate,17,Nancy Rasmussen,REP,28
Clay,S1 (S2),State Senate,17,Arthur Rusch,REP,220
Clay,S1 (S2),State Senate,17,Nancy Rasmussen,REP,49
Clay,W1 (W2),State Senate,17,Arthur Rusch,REP,106
Clay,W1 (W2),State Senate,17,Nancy Rasmussen,REP,52
Clay,1,State Representative,17,Richard Vasgaard,REP,56
Clay,1,State Representative,17,Dan Werner,REP,19
Clay,1,State Representative,17,Sydney Davis,REP,69
Clay,1,State Representative,17,Charles Kludt,REP,15
Clay,2,State Representative,17,Richard Vasgaard,REP,26
Clay,2,State Representative,17,Dan Werner,REP,17
Clay,2,State Representative,17,Sydney Davis,REP,28
Clay,2,State Representative,17,Charles Kludt,REP,16
Clay,3,State Representative,17,Richard Vasgaard,REP,66
Clay,3,State Representative,17,Dan Werner,REP,38
Clay,3,State Representative,17,Sydney Davis,REP,144
Clay,3,State Representative,17,Charles Kludt,REP,20
Clay,C1 (C2),State Representative,17,Richard Vasgaard,REP,19
Clay,C1 (C2),State Representative,17,Dan Werner,REP,7
Clay,C1 (C2),State Representative,17,Sydney Davis,REP,41
Clay,C1 (C2),State Representative,17,Charles Kludt,REP,4
Clay,E1 (E2),State Representative,17,Richard Vasgaard,REP,25
Clay,E1 (E2),State Representative,17,Dan Werner,REP,17
Clay,E1 (E2),State Representative,17,Sydney Davis,REP,47
Clay,E1 (E2),State Representative,17,Charles Kludt,REP,6
Clay,S1 (S2),State Representative,17,Richard Vasgaard,REP,82
Clay,S1 (S2),State Representative,17,Dan Werner,REP,50
Clay,S1 (S2),State Representative,17,Sydney Davis,REP,205
Clay,S1 (S2),State Representative,17,Charles Kludt,REP,19
Clay,W1 (W2),State Representative,17,Richard Vasgaard,REP,56
Clay,W1 (W2),State Representative,17,Dan Werner,REP,33
Clay,W1 (W2),State Representative,17,Sydney Davis,REP,115
Clay,W1 (W2),State Representative,17,Charles Kludt,REP,20
Clay,1,County Commissioner At Large,,Cynthia Aden,DEM,38
Clay,1,County Commissioner At Large,,"Elizabeth ""Betty"" Smith",DEM,25
Clay,1,County Commissioner At Large,,Mark Winegar,DEM,22
Clay,1,County Commissioner At Large,,Richard Hammond,DEM,28
Clay,2,County Commissioner At Large,,Cynthia Aden,DEM,50
Clay,2,County Commissioner At Large,,"Elizabeth ""Betty"" Smith",DEM,26
Clay,2,County Commissioner At Large,,Mark Winegar,DEM,28
Clay,2,County Commissioner At Large,,Richard Hammond,DEM,42
Clay,3,County Commissioner At Large,,Cynthia Aden,DEM,136
Clay,3,County Commissioner At Large,,"Elizabeth ""Betty"" Smith",DEM,143
Clay,3,County Commissioner At Large,,Mark Winegar,DEM,150
Clay,3,County Commissioner At Large,,Richard Hammond,DEM,137
Clay,C1 (C2),County Commissioner At Large,,Cynthia Aden,DEM,68
Clay,C1 (C2),County Commissioner At Large,,"Elizabeth ""Betty"" Smith",DEM,150
Clay,C1 (C2),County Commissioner At Large,,Mark Winegar,DEM,137
Clay,C1 (C2),County Commissioner At Large,,Richard Hammond,DEM,95
Clay,E1 (E2),County Commissioner At Large,,Cynthia Aden,DEM,45
Clay,E1 (E2),County Commissioner At Large,,"Elizabeth ""Betty"" Smith",DEM,53
Clay,E1 (E2),County Commissioner At Large,,Mark Winegar,DEM,58
Clay,E1 (E2),County Commissioner At Large,,Richard Hammond,DEM,41
Clay,S1 (S2),County Commissioner At Large,,Cynthia Aden,DEM,213
Clay,S1 (S2),County Commissioner At Large,,"Elizabeth ""Betty"" Smith",DEM,336
Clay,S1 (S2),County Commissioner At Large,,Mark Winegar,DEM,285
Clay,S1 (S2),County Commissioner At Large,,Richard Hammond,DEM,255
Clay,W1 (W2),County Commissioner At Large,,Cynthia Aden,DEM,116
Clay,W1 (W2),County Commissioner At Large,,"Elizabeth ""Betty"" Smith",DEM,173
Clay,W1 (W2),County Commissioner At Large,,Mark Winegar,DEM,173
Clay,W1 (W2),County Commissioner At Large,,Richard Hammond,DEM,120
Clay,1,School Board Member Vermillion School District 13-1,,Shane Nordyke,,1
Clay,1,School Board Member Vermillion School District 13-1,,Curt Kevin Cameron,,5
Clay,1,School Board Member Vermillion School District 13-1,,Carol Voss-Ward,,6
Clay,3,School Board Member Vermillion School District 13-1,,Shane Nordyke,,85
Clay,3,School Board Member Vermillion School District 13-1,,Curt Kevin Cameron,,161
Clay,3,School Board Member Vermillion School District 13-1,,Carol Voss-Ward,,155
Clay,C1 (C2),School Board Member Vermillion School District 13-1,,Shane Nordyke,,106
Clay,C1 (C2),School Board Member Vermillion School District 13-1,,Curt Kevin Cameron,,48
Clay,C1 (C2),School Board Member Vermillion School District 13-1,,Carol Voss-Ward,,113
Clay,E1 (E2),School Board Member Vermillion School District 13-1,,Shane Nordyke,,38
Clay,E1 (E2),School Board Member Vermillion School District 13-1,,Curt Kevin Cameron,,41
Clay,E1 (E2),School Board Member Vermillion School District 13-1,,Carol Voss-Ward,,72
Clay,S1 (S2),School Board Member Vermillion School District 13-1,,Shane Nordyke,,192
Clay,S1 (S2),School Board Member Vermillion School District 13-1,,Curt Kevin Cameron,,208
Clay,S1 (S2),School Board Member Vermillion School District 13-1,,Carol Voss-Ward,,407
Clay,W1 (W2),School Board Member Vermillion School District 13-1,,Shane Nordyke,,109
Clay,W1 (W2),School Board Member Vermillion School District 13-1,,Curt Kevin Cameron,,157
Clay,W1 (W2),School Board Member Vermillion School District 13-1,,Carol Voss-Ward,,192
Codington,DEXTER,President,,Bernie Sanders,DEM,3
Codington,DEXTER,President,,Joseph R. Biden,DEM,8
Codington,"EDEN, PHIPPS, WALLACE",President,,Bernie Sanders,DEM,2
Codington,"EDEN, PHIPPS, WALLACE",President,,Joseph R. Biden,DEM,9
Codington,ELMIRA,President,,Bernie Sanders,DEM,0
Codington,ELMIRA,President,,Joseph R. Biden,DEM,27
Codington,"FULLER, FLORENCE",President,,Bernie Sanders,DEM,11
Codington,"FULLER, FLORENCE",President,,Joseph R. Biden,DEM,33
Codington,GERMANTOWN (RAUVILLE),President,,Bernie Sanders,DEM,1
Codington,GERMANTOWN (RAUVILLE),President,,Joseph R. Biden,DEM,20
Codington,"GRACELAND, HENRY, HENRY",President,,Bernie Sanders,DEM,2
Codington,"GRACELAND, HENRY, HENRY",President,,Joseph R. Biden,DEM,14
Codington,KAMPESKA (RICHLAND),President,,Bernie Sanders,DEM,4
Codington,KAMPESKA (RICHLAND),President,,Joseph R. Biden,DEM,13
Codington,"KRANZBURG, KRANZBURG",President,,Bernie Sanders,DEM,1
Codington,"KRANZBURG, KRANZBURG",President,,Joseph R. Biden,DEM,13
Codington,"LEOLA, SOUTH SHORE",President,,Bernie Sanders,DEM,3
Codington,"LEOLA, SOUTH SHORE",President,,Joseph R. Biden,DEM,20
Codington,"A1 (A2, A3, A4, D1)",President,,Bernie Sanders,DEM,41
Codington,"A1 (A2, A3, A4, D1)",President,,Joseph R. Biden,DEM,256
Codington,"B1 (B2, B3, B4, C1, E5)",President,,Bernie Sanders,DEM,46
Codington,"B1 (B2, B3, B4, C1, E5)",President,,Joseph R. Biden,DEM,230
Codington,"C2 (D2, D3, D4)",President,,Bernie Sanders,DEM,30
Codington,"C2 (D2, D3, D4)",President,,Joseph R. Biden,DEM,144
Codington,"C3 (PELICAN, C4)",President,,Bernie Sanders,DEM,20
Codington,"C3 (PELICAN, C4)",President,,Joseph R. Biden,DEM,99
Codington,"E1 (LAKE, E2, E3, E4)",President,,Bernie Sanders,DEM,37
Codington,"E1 (LAKE, E2, E3, E4)",President,,Joseph R. Biden,DEM,186
Codington,SHERIDAN,President,,Bernie Sanders,DEM,4
Codington,SHERIDAN,President,,Joseph R. Biden,DEM,17
Codington,WAVERLY,President,,Bernie Sanders,DEM,2
Codington,WAVERLY,President,,Joseph R. Biden,DEM,8
Codington,DEXTER,U.S. Senate,,Mike Rounds,REP,7
Codington,DEXTER,U.S. Senate,,Scyller J. Borglum,REP,3
Codington,"EDEN, PHIPPS, WALLACE",U.S. Senate,,Mike Rounds,REP,14
Codington,"EDEN, PHIPPS, WALLACE",U.S. Senate,,Scyller J. Borglum,REP,11
Codington,ELMIRA,U.S. Senate,,Mike Rounds,REP,38
Codington,ELMIRA,U.S. Senate,,Scyller J. Borglum,REP,16
Codington,"FULLER, FLORENCE",U.S. Senate,,Mike Rounds,REP,34
Codington,"FULLER, FLORENCE",U.S. Senate,,Scyller J. Borglum,REP,18
Codington,GERMANTOWN (RAUVILLE),U.S. Senate,,Mike Rounds,REP,28
Codington,GERMANTOWN (RAUVILLE),U.S. Senate,,Scyller J. Borglum,REP,5
Codington,"GRACELAND, HENRY, HENRY",U.S. Senate,,Mike Rounds,REP,48
Codington,"GRACELAND, HENRY, HENRY",U.S. Senate,,Scyller J. Borglum,REP,10
Codington,KAMPESKA (RICHLAND),U.S. Senate,,Mike Rounds,REP,36
Codington,KAMPESKA (RICHLAND),U.S. Senate,,Scyller J. Borglum,REP,25
Codington,"KRANZBURG, KRANZBURG",U.S. Senate,,Mike Rounds,REP,41
Codington,"KRANZBURG, KRANZBURG",U.S. Senate,,Scyller J. Borglum,REP,6
Codington,"LEOLA, SOUTH SHORE",U.S. Senate,,Mike Rounds,REP,24
Codington,"LEOLA, SOUTH SHORE",U.S. Senate,,Scyller J. Borglum,REP,6
Codington,"A1 (A2, A3, A4, D1)",U.S. Senate,,Mike Rounds,REP,640
Codington,"A1 (A2, A3, A4, D1)",U.S. Senate,,Scyller J. Borglum,REP,146
Codington,"B1 (B2, B3, B4, C1, E5)",U.S. Senate,,Mike Rounds,REP,387
Codington,"B1 (B2, B3, B4, C1, E5)",U.S. Senate,,Scyller J. Borglum,REP,87
Codington,"C2 (D2, D3, D4)",U.S. Senate,,Mike Rounds,REP,182
Codington,"C2 (D2, D3, D4)",U.S. Senate,,Scyller J. Borglum,REP,46
Codington,"C3 (PELICAN, C4)",U.S. Senate,,Mike Rounds,REP,186
Codington,"C3 (PELICAN, C4)",U.S. Senate,,Scyller J. Borglum,REP,67
Codington,"E1 (LAKE, E2, E3, E4)",U.S. Senate,,Mike Rounds,REP,485
Codington,"E1 (LAKE, E2, E3, E4)",U.S. Senate,,Scyller J. Borglum,REP,135
Codington,SHERIDAN,U.S. Senate,,Mike Rounds,REP,47
Codington,SHERIDAN,U.S. Senate,,Scyller J. Borglum,REP,10
Codington,WAVERLY,U.S. Senate,,Mike Rounds,REP,12
Codington,WAVERLY,U.S. Senate,,Scyller J. Borglum,REP,5
Codington,DEXTER,U.S. Representative,1,Liz Marty May,REP,3
Codington,DEXTER,U.S. Representative,1,Dusty Johnson,REP,7
Codington,"EDEN, PHIPPS, WALLACE",U.S. Representative,1,Liz Marty May,REP,9
Codington,"EDEN, PHIPPS, WALLACE",U.S. Representative,1,Dusty Johnson,REP,16
Codington,ELMIRA,U.S. Representative,1,Liz Marty May,REP,11
Codington,ELMIRA,U.S. Representative,1,Dusty Johnson,REP,43
Codington,"FULLER, FLORENCE",U.S. Representative,1,Liz Marty May,REP,11
Codington,"FULLER, FLORENCE",U.S. Representative,1,Dusty Johnson,REP,41
Codington,GERMANTOWN (RAUVILLE),U.S. Representative,1,Liz Marty May,REP,4
Codington,GERMANTOWN (RAUVILLE),U.S. Representative,1,Dusty Johnson,REP,29
Codington,"GRACELAND, HENRY, HENRY",U.S. Representative,1,Liz Marty May,REP,8
Codington,"GRACELAND, HENRY, HENRY",U.S. Representative,1,Dusty Johnson,REP,49
Codington,KAMPESKA (RICHLAND),U.S. Representative,1,Liz Marty May,REP,23
Codington,KAMPESKA (RICHLAND),U.S. Representative,1,Dusty Johnson,REP,38
Codington,"KRANZBURG, KRANZBURG",U.S. Representative,1,Liz Marty May,REP,7
Codington,"KRANZBURG, KRANZBURG",U.S. Representative,1,Dusty Johnson,REP,40
Codington,"LEOLA, SOUTH SHORE",U.S. Representative,1,Liz Marty May,REP,4
Codington,"LEOLA, SOUTH SHORE",U.S. Representative,1,Dusty Johnson,REP,27
Codington,"A1 (A2, A3, A4, D1)",U.S. Representative,1,Liz Marty May,REP,134
Codington,"A1 (A2, A3, A4, D1)",U.S. Representative,1,Dusty Johnson,REP,652
Codington,"B1 (B2, B3, B4, C1, E5)",U.S. Representative,1,Liz Marty May,REP,76
Codington,"B1 (B2, B3, B4, C1, E5)",U.S. Representative,1,Dusty Johnson,REP,402
Codington,"C2 (D2, D3, D4)",U.S. Representative,1,Liz Marty May,REP,46
Codington,"C2 (D2, D3, D4)",U.S. Representative,1,Dusty Johnson,REP,182
Codington,"C3 (PELICAN, C4)",U.S. Representative,1,Liz Marty May,REP,49
Codington,"C3 (PELICAN, C4)",U.S. Representative,1,Dusty Johnson,REP,199
Codington,"E1 (LAKE, E2, E3, E4)",U.S. Representative,1,Liz Marty May,REP,120
Codington,"E1 (LAKE, E2, E3, E4)",U.S. Representative,1,Dusty Johnson,REP,493
Codington,SHERIDAN,U.S. Representative,1,Liz Marty May,REP,13
Codington,SHERIDAN,U.S. Representative,1,Dusty Johnson,REP,44
Codington,WAVERLY,U.S. Representative,1,Liz Marty May,REP,7
Codington,WAVERLY,U.S. Representative,1,Dusty Johnson,REP,10
Codington,ELMIRA,State Representative,5,Nancy York,REP,39
Codington,ELMIRA,State Representative,5,Jacob Sigurdson,REP,19
Codington,ELMIRA,State Representative,5,Hugh M. Bartels,REP,41
Codington,"A1 (A2, A3, A4, D1)",State Representative,5,Nancy York,REP,545
Codington,"A1 (A2, A3, A4, D1)",State Representative,5,Jacob Sigurdson,REP,235
Codington,"A1 (A2, A3, A4, D1)",State Representative,5,Hugh M. Bartels,REP,590
Codington,"B1 (B2, B3, B4, C1, E5)",State Representative,5,Nancy York,REP,331
Codington,"B1 (B2, B3, B4, C1, E5)",State Representative,5,Jacob Sigurdson,REP,144
Codington,"B1 (B2, B3, B4, C1, E5)",State Representative,5,Hugh M. Bartels,REP,350
Codington,"C2 (D2, D3, D4)",State Representative,5,Nancy York,REP,155
Codington,"C2 (D2, D3, D4)",State Representative,5,Jacob Sigurdson,REP,73
Codington,"C2 (D2, D3, D4)",State Representative,5,Hugh M. Bartels,REP,139
Codington,"C3 (PELICAN, C4)",State Representative,5,Nancy York,REP,169
Codington,"C3 (PELICAN, C4)",State Representative,5,Jacob Sigurdson,REP,88
Codington,"C3 (PELICAN, C4)",State Representative,5,Hugh M. Bartels,REP,163
Codington,"E1 (LAKE, E2, E3, E4)",State Representative,5,Nancy York,REP,416
Codington,"E1 (LAKE, E2, E3, E4)",State Representative,5,Jacob Sigurdson,REP,192
Codington,"E1 (LAKE, E2, E3, E4)",State Representative,5,Hugh M. Bartels,REP,476
Codington,SHERIDAN,State Representative,5,Nancy York,REP,33
Codington,SHERIDAN,State Representative,5,Jacob Sigurdson,REP,22
Codington,SHERIDAN,State Representative,5,Hugh M. Bartels,REP,43
Codington,"EDEN, PHIPPS, WALLACE",County Commissioner Codington-2,,Jim Didier,REP,8
Codington,"EDEN, PHIPPS, WALLACE",County Commissioner Codington-2,,Charlie Waterman,REP,15
Codington,"FULLER, FLORENCE",County Commissioner Codington-2,,Jim Didier,REP,15
Codington,"FULLER, FLORENCE",County Commissioner Codington-2,,Charlie Waterman,REP,34
Codington,"GRACELAND, HENRY, HENRY",County Commissioner Codington-2,,Jim Didier,REP,12
Codington,"GRACELAND, HENRY, HENRY",County Commissioner Codington-2,,Charlie Waterman,REP,42
Codington,KAMPESKA (RICHLAND),County Commissioner Codington-2,,Jim Didier,REP,15
Codington,KAMPESKA (RICHLAND),County Commissioner Codington-2,,Charlie Waterman,REP,37
Codington,"C3 (PELICAN, C4)",County Commissioner Codington-2,,Jim Didier,REP,87
Codington,"C3 (PELICAN, C4)",County Commissioner Codington-2,,Charlie Waterman,REP,134
Codington,"A1 (A2, A3, A4, D1)",County Commissioner Codington-4,,Toby Wishard,REP,345
Codington,"A1 (A2, A3, A4, D1)",County Commissioner Codington-4,,Troy VanDusen,REP,430
Corson,Bullhead,President,,Bernie Sanders,DEM,11
Corson,Bullhead,President,,Joseph R. Biden,DEM,8
Corson,Grand Valley,President,,Bernie Sanders,DEM,1
Corson,Grand Valley,President,,Joseph R. Biden,DEM,1
Corson,Kenel,President,,Bernie Sanders,DEM,5
Corson,Kenel,President,,Joseph R. Biden,DEM,6
Corson,Lincoln,President,,Bernie Sanders,DEM,0
Corson,Lincoln,President,,Joseph R. Biden,DEM,3
Corson,Little Eagle,President,,Bernie Sanders,DEM,18
Corson,Little Eagle,President,,Joseph R. Biden,DEM,13
Corson,McIntosh,President,,Bernie Sanders,DEM,4
Corson,McIntosh,President,,Joseph R. Biden,DEM,18
Corson,McLaughlin,President,,Bernie Sanders,DEM,21
Corson,McLaughlin,President,,Joseph R. Biden,DEM,22
Corson,Morristown,President,,Bernie Sanders,DEM,1
Corson,Morristown,President,,Joseph R. Biden,DEM,11
Corson,Oak Creek,President,,Bernie Sanders,DEM,3
Corson,Oak Creek,President,,Joseph R. Biden,DEM,8
Corson,Ridgeland,President,,Bernie Sanders,DEM,4
Corson,Ridgeland,President,,Joseph R. Biden,DEM,3
Corson,South McIntosh,President,,Bernie Sanders,DEM,0
Corson,South McIntosh,President,,Joseph R. Biden,DEM,4
Corson,Stone Church,President,,Bernie Sanders,DEM,1
Corson,Stone Church,President,,Joseph R. Biden,DEM,0
Corson,Wakpala,President,,Bernie Sanders,DEM,19
Corson,Wakpala,President,,Joseph R. Biden,DEM,25
Corson,West Rural McLaughlin,President,,Bernie Sanders,DEM,9
Corson,West Rural McLaughlin,President,,Joseph R. Biden,DEM,4
Corson,Bullhead,U.S. Senate,,Mike Rounds,REP,0
Corson,Bullhead,U.S. Senate,,Scyller J. Borglum,REP,1
Corson,Grand Valley,U.S. Senate,,Mike Rounds,REP,22
Corson,Grand Valley,U.S. Senate,,Scyller J. Borglum,REP,17
Corson,Kenel,U.S. Senate,,Mike Rounds,REP,3
Corson,Kenel,U.S. Senate,,Scyller J. Borglum,REP,1
Corson,Lincoln,U.S. Senate,,Mike Rounds,REP,4
Corson,Lincoln,U.S. Senate,,Scyller J. Borglum,REP,4
Corson,Little Eagle,U.S. Senate,,Mike Rounds,REP,4
Corson,Little Eagle,U.S. Senate,,Scyller J. Borglum,REP,1
Corson,McIntosh,U.S. Senate,,Mike Rounds,REP,49
Corson,McIntosh,U.S. Senate,,Scyller J. Borglum,REP,21
Corson,McLaughlin,U.S. Senate,,Mike Rounds,REP,10
Corson,McLaughlin,U.S. Senate,,Scyller J. Borglum,REP,10
Corson,Morristown,U.S. Senate,,Mike Rounds,REP,24
Corson,Morristown,U.S. Senate,,Scyller J. Borglum,REP,9
Corson,Oak Creek,U.S. Senate,,Mike Rounds,REP,12
Corson,Oak Creek,U.S. Senate,,Scyller J. Borglum,REP,5
Corson,Ridgeland,U.S. Senate,,Mike Rounds,REP,10
Corson,Ridgeland,U.S. Senate,,Scyller J. Borglum,REP,6
Corson,South McIntosh,U.S. Senate,,Mike Rounds,REP,8
Corson,South McIntosh,U.S. Senate,,Scyller J. Borglum,REP,3
Corson,Stone Church,U.S. Senate,,Mike Rounds,REP,33
Corson,Stone Church,U.S. Senate,,Scyller J. Borglum,REP,11
Corson,Wakpala,U.S. Senate,,Mike Rounds,REP,3
Corson,Wakpala,U.S. Senate,,Scyller J. Borglum,REP,3
Corson,West Rural McLaughlin,U.S. Senate,,Mike Rounds,REP,2
Corson,West Rural McLaughlin,U.S. Senate,,Scyller J. Borglum,REP,2
Corson,Bullhead,U.S. Representative,1,Liz Marty May,REP,1
Corson,Bullhead,U.S. Representative,1,Dusty Johnson,REP,0
Corson,Grand Valley,U.S. Representative,1,Liz Marty May,REP,17
Corson,Grand Valley,U.S. Representative,1,Dusty Johnson,REP,22
Corson,Kenel,U.S. Representative,1,Liz Marty May,REP,2
Corson,Kenel,U.S. Representative,1,Dusty Johnson,REP,2
Corson,Lincoln,U.S. Representative,1,Liz Marty May,REP,2
Corson,Lincoln,U.S. Representative,1,Dusty Johnson,REP,6
Corson,Little Eagle,U.S. Representative,1,Liz Marty May,REP,2
Corson,Little Eagle,U.S. Representative,1,Dusty Johnson,REP,3
Corson,McIntosh,U.S. Representative,1,Liz Marty May,REP,17
Corson,McIntosh,U.S. Representative,1,Dusty Johnson,REP,53
Corson,McLaughlin,U.S. Representative,1,Liz Marty May,REP,4
Corson,McLaughlin,U.S. Representative,1,Dusty Johnson,REP,16
Corson,Morristown,U.S. Representative,1,Liz Marty May,REP,14
Corson,Morristown,U.S. Representative,1,Dusty Johnson,REP,21
Corson,Oak Creek,U.S. Representative,1,Liz Marty May,REP,6
Corson,Oak Creek,U.S. Representative,1,Dusty Johnson,REP,11
Corson,Ridgeland,U.S. Representative,1,Liz Marty May,REP,7
Corson,Ridgeland,U.S. Representative,1,Dusty Johnson,REP,9
Corson,South McIntosh,U.S. Representative,1,Liz Marty May,REP,2
Corson,South McIntosh,U.S. Representative,1,Dusty Johnson,REP,9
Corson,Stone Church,U.S. Representative,1,Liz Marty May,REP,13
Corson,Stone Church,U.S. Representative,1,Dusty Johnson,REP,31
Corson,Wakpala,U.S. Representative,1,Liz Marty May,REP,2
Corson,Wakpala,U.S. Representative,1,Dusty Johnson,REP,4
Corson,West Rural McLaughlin,U.S. Representative,1,Liz Marty May,REP,1
Corson,West Rural McLaughlin,U.S. Representative,1,Dusty Johnson,REP,3
Corson,Bullhead,State Representative,28A,Oren Lee Lesmeister,DEM,9
Corson,Bullhead,State Representative,28A,Dean Schrempp,DEM,10
Corson,Grand Valley,State Representative,28A,Oren Lee Lesmeister,DEM,0
Corson,Grand Valley,State Representative,28A,Dean Schrempp,DEM,4
Corson,Kenel,State Representative,28A,Oren Lee Lesmeister,DEM,7
Corson,Kenel,State Representative,28A,Dean Schrempp,DEM,2
Corson,Lincoln,State Representative,28A,Oren Lee Lesmeister,DEM,2
Corson,Lincoln,State Representative,28A,Dean Schrempp,DEM,2
Corson,Little Eagle,State Representative,28A,Oren Lee Lesmeister,DEM,19
Corson,Little Eagle,State Representative,28A,Dean Schrempp,DEM,10
Corson,McIntosh,State Representative,28A,Oren Lee Lesmeister,DEM,16
Corson,McIntosh,State Representative,28A,Dean Schrempp,DEM,11
Corson,McLaughlin,State Representative,28A,Oren Lee Lesmeister,DEM,27
Corson,McLaughlin,State Representative,28A,Dean Schrempp,DEM,16
Corson,Morristown,State Representative,28A,Oren Lee Lesmeister,DEM,13
Corson,Morristown,State Representative,28A,Dean Schrempp,DEM,8
Corson,Oak Creek,State Representative,28A,Oren Lee Lesmeister,DEM,8
Corson,Oak Creek,State Representative,28A,Dean Schrempp,DEM,3
Corson,Ridgeland,State Representative,28A,Oren Lee Lesmeister,DEM,7
Corson,Ridgeland,State Representative,28A,Dean Schrempp,DEM,3
Corson,South McIntosh,State Representative,28A,Oren Lee Lesmeister,DEM,3
Corson,South McIntosh,State Representative,28A,Dean Schrempp,DEM,1
Corson,Stone Church,State Representative,28A,Oren Lee Lesmeister,DEM,3
Corson,Stone Church,State Representative,28A,Dean Schrempp,DEM,2
Corson,Wakpala,State Representative,28A,Oren Lee Lesmeister,DEM,22
Corson,Wakpala,State Representative,28A,Dean Schrempp,DEM,18
Corson,West Rural McLaughlin,State Representative,28A,Oren Lee Lesmeister,DEM,5
Corson,West Rural McLaughlin,State Representative,28A,Dean Schrempp,DEM,5
Corson,Grand Valley,County Commissioner Corson-3,,Jacob D Nehl,REP,36
Corson,Grand Valley,County Commissioner Corson-3,,Francis C Elder,REP,1
Corson,McIntosh,County Commissioner Corson-3,,Jacob D Nehl,REP,49
Corson,McIntosh,County Commissioner Corson-3,,Francis C Elder,REP,23
Corson,Morristown,County Commissioner Corson-3,,Jacob D Nehl,REP,32
Corson,Morristown,County Commissioner Corson-3,,Francis C Elder,REP,3
Corson,Stone Church,County Commissioner Corson-3,,Jacob D Nehl,REP,31
Corson,Stone Church,County Commissioner Corson-3,,Francis C Elder,REP,12
Corson,Bullhead,School Board Member McIntosh School District 15-1,,Ron Brownotter,,17
Corson,Bullhead,School Board Member McIntosh School District 15-1,,Chris Bailey,,3
Corson,Bullhead,School Board Member McIntosh School District 15-1,,John E Powell Jr,,2
Corson,Grand Valley,School Board Member McIntosh School District 15-1,,Ron Brownotter,,0
Corson,Grand Valley,School Board Member McIntosh School District 15-1,,Chris Bailey,,4
Corson,Grand Valley,School Board Member McIntosh School District 15-1,,John E Powell Jr,,5
Corson,McIntosh,School Board Member McIntosh School District 15-1,,Ron Brownotter,,65
Corson,McIntosh,School Board Member McIntosh School District 15-1,,Chris Bailey,,53
Corson,McIntosh,School Board Member McIntosh School District 15-1,,John E Powell Jr,,59
Corson,Morristown,School Board Member McIntosh School District 15-1,,Ron Brownotter,,20
Corson,Morristown,School Board Member McIntosh School District 15-1,,Chris Bailey,,26
Corson,Morristown,School Board Member McIntosh School District 15-1,,John E Powell Jr,,24
Corson,South McIntosh,School Board Member McIntosh School District 15-1,,Ron Brownotter,,4
Corson,South McIntosh,School Board Member McIntosh School District 15-1,,Chris Bailey,,11
Corson,South McIntosh,School Board Member McIntosh School District 15-1,,John E Powell Jr,,13
Corson,Stone Church,School Board Member McIntosh School District 15-1,,Ron Brownotter,,7
Corson,Stone Church,School Board Member McIntosh School District 15-1,,Chris Bailey,,21
Corson,Stone Church,School Board Member McIntosh School District 15-1,,John E Powell Jr,,25
Custer,1,President,,Bernie Sanders,DEM,18
Custer,1,President,,Joseph R. Biden,DEM,80
Custer,2,President,,Bernie Sanders,DEM,4
Custer,2,President,,Joseph R. Biden,DEM,12
Custer,3,President,,Bernie Sanders,DEM,2
Custer,3,President,,Joseph R. Biden,DEM,21
Custer,4,President,,Bernie Sanders,DEM,6
Custer,4,President,,Joseph R. Biden,DEM,35
Custer,5,President,,Bernie Sanders,DEM,11
Custer,5,President,,Joseph R. Biden,DEM,54
Custer,6,President,,Bernie Sanders,DEM,9
Custer,6,President,,Joseph R. Biden,DEM,34
Custer,7,President,,Bernie Sanders,DEM,4
Custer,7,President,,Joseph R. Biden,DEM,27
Custer,8,President,,Bernie Sanders,DEM,5
Custer,8,President,,Joseph R. Biden,DEM,59
Custer,9,President,,Bernie Sanders,DEM,32
Custer,9,President,,Joseph R. Biden,DEM,131
Custer,10,President,,Bernie Sanders,DEM,1
Custer,10,President,,Joseph R. Biden,DEM,8
Custer,1,U.S. Senate,,Mike Rounds,REP,248
Custer,1,U.S. Senate,,Scyller J. Borglum,REP,140
Custer,2,U.S. Senate,,Mike Rounds,REP,41
Custer,2,U.S. Senate,,Scyller J. Borglum,REP,48
Custer,3,U.S. Senate,,Mike Rounds,REP,29
Custer,3,U.S. Senate,,Scyller J. Borglum,REP,19
Custer,4,U.S. Senate,,Mike Rounds,REP,113
Custer,4,U.S. Senate,,Scyller J. Borglum,REP,52
Custer,5,U.S. Senate,,Mike Rounds,REP,169
Custer,5,U.S. Senate,,Scyller J. Borglum,REP,73
Custer,6,U.S. Senate,,Mike Rounds,REP,87
Custer,6,U.S. Senate,,Scyller J. Borglum,REP,30
Custer,7,U.S. Senate,,Mike Rounds,REP,53
Custer,7,U.S. Senate,,Scyller J. Borglum,REP,16
Custer,8,U.S. Senate,,Mike Rounds,REP,119
Custer,8,U.S. Senate,,Scyller J. Borglum,REP,49
Custer,9,U.S. Senate,,Mike Rounds,REP,365
Custer,9,U.S. Senate,,Scyller J. Borglum,REP,137
Custer,10,U.S. Senate,,Mike Rounds,REP,43
Custer,10,U.S. Senate,,Scyller J. Borglum,REP,4
Custer,1,U.S. Representative,1,Liz Marty May,REP,153
Custer,1,U.S. Representative,1,Dusty Johnson,REP,234
Custer,2,U.S. Representative,1,Liz Marty May,REP,52
Custer,2,U.S. Representative,1,Dusty Johnson,REP,39
Custer,3,U.S. Representative,1,Liz Marty May,REP,12
Custer,3,U.S. Representative,1,Dusty Johnson,REP,37
Custer,4,U.S. Representative,1,Liz Marty May,REP,51
Custer,4,U.S. Representative,1,Dusty Johnson,REP,117
Custer,5,U.S. Representative,1,Liz Marty May,REP,74
Custer,5,U.S. Representative,1,Dusty Johnson,REP,164
Custer,6,U.S. Representative,1,Liz Marty May,REP,26
Custer,6,U.S. Representative,1,Dusty Johnson,REP,89
Custer,7,U.S. Representative,1,Liz Marty May,REP,20
Custer,7,U.S. Representative,1,Dusty Johnson,REP,48
Custer,8,U.S. Representative,1,Liz Marty May,REP,36
Custer,8,U.S. Representative,1,Dusty Johnson,REP,133
Custer,9,U.S. Representative,1,Liz Marty May,REP,127
Custer,9,U.S. Representative,1,Dusty Johnson,REP,370
Custer,10,U.S. Representative,1,Liz Marty May,REP,16
Custer,10,U.S. Representative,1,Dusty Johnson,REP,30
Custer,1,State Senate,30,Julie Frye-Mueller,REP,210
Custer,1,State Senate,30,George H Kotti,REP,157
Custer,2,State Senate,30,Julie Frye-Mueller,REP,52
Custer,2,State Senate,30,George H Kotti,REP,31
Custer,3,State Senate,30,Julie Frye-Mueller,REP,20
Custer,3,State Senate,30,George H Kotti,REP,24
Custer,4,State Senate,30,Julie Frye-Mueller,REP,104
Custer,4,State Senate,30,George H Kotti,REP,58
Custer,5,State Senate,30,Julie Frye-Mueller,REP,115
Custer,5,State Senate,30,George H Kotti,REP,117
Custer,6,State Senate,30,Julie Frye-Mueller,REP,57
Custer,6,State Senate,30,George H Kotti,REP,53
Custer,7,State Senate,30,Julie Frye-Mueller,REP,21
Custer,7,State Senate,30,George H Kotti,REP,41
Custer,8,State Senate,30,Julie Frye-Mueller,REP,85
Custer,8,State Senate,30,George H Kotti,REP,75
Custer,9,State Senate,30,Julie Frye-Mueller,REP,277
Custer,9,State Senate,30,George H Kotti,REP,196
Custer,10,State Senate,30,Julie Frye-Mueller,REP,21
Custer,10,State Senate,30,George H Kotti,REP,23
Custer,1,State Representative,30,Tim R Goodwin,REP,239
Custer,1,State Representative,30,Kwinn Neff,REP,85
Custer,1,State Representative,30,Trish Ladner,REP,107
Custer,1,State Representative,30,Florence Thompson,REP,129
Custer,2,State Representative,30,Tim R Goodwin,REP,53
Custer,2,State Representative,30,Kwinn Neff,REP,22
Custer,2,State Representative,30,Trish Ladner,REP,19
Custer,2,State Representative,30,Florence Thompson,REP,41
Custer,3,State Representative,30,Tim R Goodwin,REP,37
Custer,3,State Representative,30,Kwinn Neff,REP,12
Custer,3,State Representative,30,Trish Ladner,REP,13
Custer,3,State Representative,30,Florence Thompson,REP,11
Custer,4,State Representative,30,Tim R Goodwin,REP,112
Custer,4,State Representative,30,Kwinn Neff,REP,41
Custer,4,State Representative,30,Trish Ladner,REP,48
Custer,4,State Representative,30,Florence Thompson,REP,49
Custer,5,State Representative,30,Tim R Goodwin,REP,189
Custer,5,State Representative,30,Kwinn Neff,REP,76
Custer,5,State Representative,30,Trish Ladner,REP,60
Custer,5,State Representative,30,Florence Thompson,REP,63
Custer,6,State Representative,30,Tim R Goodwin,REP,92
Custer,6,State Representative,30,Kwinn Neff,REP,35
Custer,6,State Representative,30,Trish Ladner,REP,36
Custer,6,State Representative,30,Florence Thompson,REP,24
Custer,7,State Representative,30,Tim R Goodwin,REP,48
Custer,7,State Representative,30,Kwinn Neff,REP,25
Custer,7,State Representative,30,Trish Ladner,REP,16
Custer,7,State Representative,30,Florence Thompson,REP,20
Custer,8,State Representative,30,Tim R Goodwin,REP,129
Custer,8,State Representative,30,Kwinn Neff,REP,50
Custer,8,State Representative,30,Trish Ladner,REP,46
Custer,8,State Representative,30,Florence Thompson,REP,40
Custer,9,State Representative,30,Tim R Goodwin,REP,390
Custer,9,State Representative,30,Kwinn Neff,REP,127
Custer,9,State Representative,30,Trish Ladner,REP,114
Custer,9,State Representative,30,Florence Thompson,REP,131
Custer,10,State Representative,30,Tim R Goodwin,REP,37
Custer,10,State Representative,30,Kwinn Neff,REP,11
Custer,10,State Representative,30,Trish Ladner,REP,9
Custer,10,State Representative,30,Florence Thompson,REP,11
Custer,1,County Commissioner At Large,,Matt Steen,REP,170
Custer,1,County Commissioner At Large,,Mark Hartman,REP,78
Custer,1,County Commissioner At Large,,Ellen Ballard,REP,78
Custer,1,County Commissioner At Large,,Jesse Sorenson,REP,118
Custer,1,County Commissioner At Large,,Travis L Bies,REP,168
Custer,2,County Commissioner At Large,,Matt Steen,REP,39
Custer,2,County Commissioner At Large,,Mark Hartman,REP,22
Custer,2,County Commissioner At Large,,Ellen Ballard,REP,20
Custer,2,County Commissioner At Large,,Jesse Sorenson,REP,35
Custer,2,County Commissioner At Large,,Travis L Bies,REP,34
Custer,3,County Commissioner At Large,,Matt Steen,REP,12
Custer,3,County Commissioner At Large,,Mark Hartman,REP,12
Custer,3,County Commissioner At Large,,Ellen Ballard,REP,19
Custer,3,County Commissioner At Large,,Jesse Sorenson,REP,13
Custer,3,County Commissioner At Large,,Travis L Bies,REP,14
Custer,4,County Commissioner At Large,,Matt Steen,REP,32
Custer,4,County Commissioner At Large,,Mark Hartman,REP,72
Custer,4,County Commissioner At Large,,Ellen Ballard,REP,43
Custer,4,County Commissioner At Large,,Jesse Sorenson,REP,60
Custer,4,County Commissioner At Large,,Travis L Bies,REP,58
Custer,5,County Commissioner At Large,,Matt Steen,REP,57
Custer,5,County Commissioner At Large,,Mark Hartman,REP,125
Custer,5,County Commissioner At Large,,Ellen Ballard,REP,88
Custer,5,County Commissioner At Large,,Jesse Sorenson,REP,72
Custer,5,County Commissioner At Large,,Travis L Bies,REP,93
Custer,6,County Commissioner At Large,,Matt Steen,REP,12
Custer,6,County Commissioner At Large,,Mark Hartman,REP,54
Custer,6,County Commissioner At Large,,Ellen Ballard,REP,31
Custer,6,County Commissioner At Large,,Jesse Sorenson,REP,55
Custer,6,County Commissioner At Large,,Travis L Bies,REP,54
Custer,7,County Commissioner At Large,,Matt Steen,REP,7
Custer,7,County Commissioner At Large,,Mark Hartman,REP,34
Custer,7,County Commissioner At Large,,Ellen Ballard,REP,20
Custer,7,County Commissioner At Large,,Jesse Sorenson,REP,30
Custer,7,County Commissioner At Large,,Travis L Bies,REP,30
Custer,8,County Commissioner At Large,,Matt Steen,REP,20
Custer,8,County Commissioner At Large,,Mark Hartman,REP,78
Custer,8,County Commissioner At Large,,Ellen Ballard,REP,64
Custer,8,County Commissioner At Large,,Jesse Sorenson,REP,71
Custer,8,County Commissioner At Large,,Travis L Bies,REP,73
Custer,9,County Commissioner At Large,,Matt Steen,REP,84
Custer,9,County Commissioner At Large,,Mark Hartman,REP,244
Custer,9,County Commissioner At Large,,Ellen Ballard,REP,152
Custer,9,County Commissioner At Large,,Jesse Sorenson,REP,180
Custer,9,County Commissioner At Large,,Travis L Bies,REP,195
Custer,10,County Commissioner At Large,,Matt Steen,REP,8
Custer,10,County Commissioner At Large,,Mark Hartman,REP,25
Custer,10,County Commissioner At Large,,Ellen Ballard,REP,10
Custer,10,County Commissioner At Large,,Jesse Sorenson,REP,25
Custer,10,County Commissioner At Large,,Travis L Bies,REP,11
Custer,3,School Board Member Hot Springs School District 23- 2,,Petra Wilson,,28
Custer,3,School Board Member Hot Springs School District 23- 2,,Malisa Niles,,16
Custer,4,School Board Member Hot Springs School District 23- 2,,Petra Wilson,,9
Custer,4,School Board Member Hot Springs School District 23- 2,,Malisa Niles,,3
Custer,2,City Council Member Fairburn,,Sally Nordstrom,,20
Custer,2,City Council Member Fairburn,,Bradley Mikkelson,,10
Custer,8,City Council Member Custer Ward-3,,Todd Pechota,,124
Custer,8,City Council Member Custer Ward-3,,Carrie Moore,,124
Davison,"01 (02, 03, 04, 05)",President,,Bernie Sanders,DEM,42
Davison,"01 (02, 03, 04, 05)",President,,Joseph R. Biden,DEM,154
Davison,"06 (07, 08)",President,,Bernie Sanders,DEM,33
Davison,"06 (07, 08)",President,,Joseph R. Biden,DEM,153
Davison,9,President,,Bernie Sanders,DEM,16
Davison,9,President,,Joseph R. Biden,DEM,41
Davison,"10 (11, 12, 13)",President,,Bernie Sanders,DEM,30
Davison,"10 (11, 12, 13)",President,,Joseph R. Biden,DEM,176
Davison,"14 (15, 16, 17)",President,,Bernie Sanders,DEM,34
Davison,"14 (15, 16, 17)",President,,Joseph R. Biden,DEM,152
Davison,"18 (19, 20)",President,,Bernie Sanders,DEM,40
Davison,"18 (19, 20)",President,,Joseph R. Biden,DEM,163
Davison,"01 (02, 03, 04, 05)",U.S. Senate,,Mike Rounds,REP,397
Davison,"01 (02, 03, 04, 05)",U.S. Senate,,Scyller J. Borglum,REP,122
Davison,"06 (07, 08)",U.S. Senate,,Mike Rounds,REP,285
Davison,"06 (07, 08)",U.S. Senate,,Scyller J. Borglum,REP,71
Davison,9,U.S. Senate,,Mike Rounds,REP,62
Davison,9,U.S. Senate,,Scyller J. Borglum,REP,15
Davison,"10 (11, 12, 13)",U.S. Senate,,Mike Rounds,REP,320
Davison,"10 (11, 12, 13)",U.S. Senate,,Scyller J. Borglum,REP,80
Davison,"14 (15, 16, 17)",U.S. Senate,,Mike Rounds,REP,195
Davison,"14 (15, 16, 17)",U.S. Senate,,Scyller J. Borglum,REP,59
Davison,"18 (19, 20)",U.S. Senate,,Mike Rounds,REP,310
Davison,"18 (19, 20)",U.S. Senate,,Scyller J. Borglum,REP,56
Davison,"01 (02, 03, 04, 05)",U.S. Representative,1,Liz Marty May,REP,97
Davison,"01 (02, 03, 04, 05)",U.S. Representative,1,Dusty Johnson,REP,422
Davison,"06 (07, 08)",U.S. Representative,1,Liz Marty May,REP,46
Davison,"06 (07, 08)",U.S. Representative,1,Dusty Johnson,REP,308
Davison,9,U.S. Representative,1,Liz Marty May,REP,21
Davison,9,U.S. Representative,1,Dusty Johnson,REP,56
Davison,"10 (11, 12, 13)",U.S. Representative,1,Liz Marty May,REP,79
Davison,"10 (11, 12, 13)",U.S. Representative,1,Dusty Johnson,REP,319
Davison,"14 (15, 16, 17)",U.S. Representative,1,Liz Marty May,REP,39
Davison,"14 (15, 16, 17)",U.S. Representative,1,Dusty Johnson,REP,215
Davison,"18 (19, 20)",U.S. Representative,1,Liz Marty May,REP,51
Davison,"18 (19, 20)",U.S. Representative,1,Dusty Johnson,REP,314
Davison,"01 (02, 03, 04, 05)",State Representative,20,Lance Koth,REP,362
Davison,"01 (02, 03, 04, 05)",State Representative,20,Barry Volk,REP,233
Davison,"01 (02, 03, 04, 05)",State Representative,20,Paul R Miskimins,REP,328
Davison,"06 (07, 08)",State Representative,20,Lance Koth,REP,258
Davison,"06 (07, 08)",State Representative,20,Barry Volk,REP,148
Davison,"06 (07, 08)",State Representative,20,Paul R Miskimins,REP,228
Davison,9,State Representative,20,Lance Koth,REP,46
Davison,9,State Representative,20,Barry Volk,REP,48
Davison,9,State Representative,20,Paul R Miskimins,REP,35
Davison,"10 (11, 12, 13)",State Representative,20,Lance Koth,REP,268
Davison,"10 (11, 12, 13)",State Representative,20,Barry Volk,REP,175
Davison,"10 (11, 12, 13)",State Representative,20,Paul R Miskimins,REP,255
Davison,"14 (15, 16, 17)",State Representative,20,Lance Koth,REP,183
Davison,"14 (15, 16, 17)",State Representative,20,Barry Volk,REP,115
Davison,"14 (15, 16, 17)",State Representative,20,Paul R Miskimins,REP,149
Davison,"18 (19, 20)",State Representative,20,Lance Koth,REP,274
Davison,"18 (19, 20)",State Representative,20,Barry Volk,REP,152
Davison,"18 (19, 20)",State Representative,20,Paul R Miskimins,REP,227
Davison,9,Precinct Committeeman Precinct-09,,Dwight D. Stadler,REP,28
Davison,9,Precinct Committeeman Precinct-09,,Eric Gene Krietlow,REP,26
Davison,"10 (11, 12, 13)",Alderman Mitchell Ward- 001,,Tim Goldammer,,286
Davison,"10 (11, 12, 13)",Alderman Mitchell Ward- 001,,Steve Rice,,348
Day,1,President,,Bernie Sanders,DEM,4
Day,1,President,,Joseph R. Biden,DEM,42
Day,2,President,,Bernie Sanders,DEM,15
Day,2,President,,Joseph R. Biden,DEM,35
Day,3,President,,Bernie Sanders,DEM,2
Day,3,President,,Joseph R. Biden,DEM,24
Day,4,President,,Bernie Sanders,DEM,2
Day,4,President,,Joseph R. Biden,DEM,38
Day,5,President,,Bernie Sanders,DEM,5
Day,5,President,,Joseph R. Biden,DEM,21
Day,6,President,,Bernie Sanders,DEM,6
Day,6,President,,Joseph R. Biden,DEM,48
Day,7,President,,Bernie Sanders,DEM,2
Day,7,President,,Joseph R. Biden,DEM,30
Day,8,President,,Bernie Sanders,DEM,6
Day,8,President,,Joseph R. Biden,DEM,27
Day,9,President,,Bernie Sanders,DEM,2
Day,9,President,,Joseph R. Biden,DEM,20
Day,10,President,,Bernie Sanders,DEM,0
Day,10,President,,Joseph R. Biden,DEM,7
Day,11,President,,Bernie Sanders,DEM,9
Day,11,President,,Joseph R. Biden,DEM,29
Day,12,President,,Bernie Sanders,DEM,3
Day,12,President,,Joseph R. Biden,DEM,26
Day,13,President,,Bernie Sanders,DEM,5
Day,13,President,,Joseph R. Biden,DEM,28
Day,14,President,,Bernie Sanders,DEM,0
Day,14,President,,Joseph R. Biden,DEM,41
Day,1,U.S. Senate,,Mike Rounds,REP,45
Day,1,U.S. Senate,,Scyller J. Borglum,REP,15
Day,2,U.S. Senate,,Mike Rounds,REP,33
Day,2,U.S. Senate,,Scyller J. Borglum,REP,15
Day,3,U.S. Senate,,Mike Rounds,REP,28
Day,3,U.S. Senate,,Scyller J. Borglum,REP,9
Day,4,U.S. Senate,,Mike Rounds,REP,34
Day,4,U.S. Senate,,Scyller J. Borglum,REP,10
Day,5,U.S. Senate,,Mike Rounds,REP,28
Day,5,U.S. Senate,,Scyller J. Borglum,REP,6
Day,6,U.S. Senate,,Mike Rounds,REP,29
Day,6,U.S. Senate,,Scyller J. Borglum,REP,11
Day,7,U.S. Senate,,Mike Rounds,REP,26
Day,7,U.S. Senate,,Scyller J. Borglum,REP,6
Day,8,U.S. Senate,,Mike Rounds,REP,23
Day,8,U.S. Senate,,Scyller J. Borglum,REP,8
Day,9,U.S. Senate,,Mike Rounds,REP,38
Day,9,U.S. Senate,,Scyller J. Borglum,REP,14
Day,10,U.S. Senate,,Mike Rounds,REP,15
Day,10,U.S. Senate,,Scyller J. Borglum,REP,9
Day,11,U.S. Senate,,Mike Rounds,REP,20
Day,11,U.S. Senate,,Scyller J. Borglum,REP,7
Day,12,U.S. Senate,,Mike Rounds,REP,13
Day,12,U.S. Senate,,Scyller J. Borglum,REP,6
Day,13,U.S. Senate,,Mike Rounds,REP,10
Day,13,U.S. Senate,,Scyller J. Borglum,REP,7
Day,14,U.S. Senate,,Mike Rounds,REP,31
Day,14,U.S. Senate,,Scyller J. Borglum,REP,13
Day,1,U.S. Representative,1,Liz Marty May,REP,11
Day,1,U.S. Representative,1,Dusty Johnson,REP,48
Day,2,U.S. Representative,1,Liz Marty May,REP,10
Day,2,U.S. Representative,1,Dusty Johnson,REP,35
Day,3,U.S. Representative,1,Liz Marty May,REP,12
Day,3,U.S. Representative,1,Dusty Johnson,REP,25
Day,4,U.S. Representative,1,Liz Marty May,REP,7
Day,4,U.S. Representative,1,Dusty Johnson,REP,36
Day,5,U.S. Representative,1,Liz Marty May,REP,4
Day,5,U.S. Representative,1,Dusty Johnson,REP,30
Day,6,U.S. Representative,1,Liz Marty May,REP,5
Day,6,U.S. Representative,1,Dusty Johnson,REP,35
Day,7,U.S. Representative,1,Liz Marty May,REP,5
Day,7,U.S. Representative,1,Dusty Johnson,REP,27
Day,8,U.S. Representative,1,Liz Marty May,REP,8
Day,8,U.S. Representative,1,Dusty Johnson,REP,23
Day,9,U.S. Representative,1,Liz Marty May,REP,10
Day,9,U.S. Representative,1,Dusty Johnson,REP,41
Day,10,U.S. Representative,1,Liz Marty May,REP,6
Day,10,U.S. Representative,1,Dusty Johnson,REP,18
Day,11,U.S. Representative,1,Liz Marty May,REP,6
Day,11,U.S. Representative,1,Dusty Johnson,REP,21
Day,12,U.S. Representative,1,Liz Marty May,REP,5
Day,12,U.S. Representative,1,Dusty Johnson,REP,14
Day,13,U.S. Representative,1,Liz Marty May,REP,5
Day,13,U.S. Representative,1,Dusty Johnson,REP,12
Day,14,U.S. Representative,1,Liz Marty May,REP,9
Day,14,U.S. Representative,1,Dusty Johnson,REP,35
Deuel,1,President,,Bernie Sanders,DEM,3
Deuel,1,President,,Joseph R. Biden,DEM,10
Deuel,3,President,,Bernie Sanders,DEM,3
Deuel,3,President,,Joseph R. Biden,DEM,20
Deuel,4,President,,Bernie Sanders,DEM,5
Deuel,4,President,,Joseph R. Biden,DEM,10
Deuel,5,President,,Bernie Sanders,DEM,5
Deuel,5,President,,Joseph R. Biden,DEM,16
Deuel,6,President,,Bernie Sanders,DEM,6
Deuel,6,President,,Joseph R. Biden,DEM,17
Deuel,7,President,,Bernie Sanders,DEM,2
Deuel,7,President,,Joseph R. Biden,DEM,7
Deuel,8,President,,Bernie Sanders,DEM,2
Deuel,8,President,,Joseph R. Biden,DEM,19
Deuel,9,President,,Bernie Sanders,DEM,4
Deuel,9,President,,Joseph R. Biden,DEM,18
Deuel,10,President,,Bernie Sanders,DEM,1
Deuel,10,President,,Joseph R. Biden,DEM,11
Deuel,11,President,,Bernie Sanders,DEM,7
Deuel,11,President,,Joseph R. Biden,DEM,17
Deuel,1,U.S. Senate,,Mike Rounds,REP,14
Deuel,1,U.S. Senate,,Scyller J. Borglum,REP,3
Deuel,3,U.S. Senate,,Mike Rounds,REP,27
Deuel,3,U.S. Senate,,Scyller J. Borglum,REP,9
Deuel,4,U.S. Senate,,Mike Rounds,REP,26
Deuel,4,U.S. Senate,,Scyller J. Borglum,REP,8
Deuel,5,U.S. Senate,,Mike Rounds,REP,26
Deuel,5,U.S. Senate,,Scyller J. Borglum,REP,12
Deuel,6,U.S. Senate,,Mike Rounds,REP,43
Deuel,6,U.S. Senate,,Scyller J. Borglum,REP,11
Deuel,7,U.S. Senate,,Mike Rounds,REP,30
Deuel,7,U.S. Senate,,Scyller J. Borglum,REP,8
Deuel,8,U.S. Senate,,Mike Rounds,REP,29
Deuel,8,U.S. Senate,,Scyller J. Borglum,REP,10
Deuel,9,U.S. Senate,,Mike Rounds,REP,50
Deuel,9,U.S. Senate,,Scyller J. Borglum,REP,19
Deuel,10,U.S. Senate,,Mike Rounds,REP,27
Deuel,10,U.S. Senate,,Scyller J. Borglum,REP,3
Deuel,11,U.S. Senate,,Mike Rounds,REP,29
Deuel,11,U.S. Senate,,Scyller J. Borglum,REP,12
Deuel,1,U.S. Representative,1,Liz Marty May,REP,1
Deuel,1,U.S. Representative,1,Dusty Johnson,REP,16
Deuel,3,U.S. Representative,1,Liz Marty May,REP,3
Deuel,3,U.S. Representative,1,Dusty Johnson,REP,33
Deuel,4,U.S. Representative,1,Liz Marty May,REP,2
Deuel,4,U.S. Representative,1,Dusty Johnson,REP,32
Deuel,5,U.S. Representative,1,Liz Marty May,REP,11
Deuel,5,U.S. Representative,1,Dusty Johnson,REP,27
Deuel,6,U.S. Representative,1,Liz Marty May,REP,9
Deuel,6,U.S. Representative,1,Dusty Johnson,REP,45
Deuel,7,U.S. Representative,1,Liz Marty May,REP,6
Deuel,7,U.S. Representative,1,Dusty Johnson,REP,32
Deuel,8,U.S. Representative,1,Liz Marty May,REP,3
Deuel,8,U.S. Representative,1,Dusty Johnson,REP,36
Deuel,9,U.S. Representative,1,Liz Marty May,REP,17
Deuel,9,U.S. Representative,1,Dusty Johnson,REP,53
Deuel,10,U.S. Representative,1,Liz Marty May,REP,6
Deuel,10,U.S. Representative,1,Dusty Johnson,REP,24
Deuel,11,U.S. Representative,1,Liz Marty May,REP,11
Deuel,11,U.S. Representative,1,Dusty Johnson,REP,30
Dewey,02 Trail City,President,,Bernie Sanders,DEM,1
Dewey,02 Trail City,President,,Joseph R. Biden,DEM,0
Dewey,04 Timber Lake,President,,Bernie Sanders,DEM,20
Dewey,04 Timber Lake,President,,Joseph R. Biden,DEM,46
Dewey,05 Firesteel,President,,Bernie Sanders,DEM,0
Dewey,05 Firesteel,President,,Joseph R. Biden,DEM,13
Dewey,06 Isabel,President,,Bernie Sanders,DEM,6
Dewey,06 Isabel,President,,Joseph R. Biden,DEM,5
Dewey,07 Eagle Butte East,President,,Bernie Sanders,DEM,37
Dewey,07 Eagle Butte East,President,,Joseph R. Biden,DEM,48
Dewey,08 White Horse,President,,Bernie Sanders,DEM,4
Dewey,08 White Horse,President,,Joseph R. Biden,DEM,22
Dewey,09 Promise,President,,Bernie Sanders,DEM,6
Dewey,09 Promise,President,,Joseph R. Biden,DEM,10
Dewey,11 Swiftbird/LaPlant,President,,Bernie Sanders,DEM,16
Dewey,11 Swiftbird/LaPlant,President,,Joseph R. Biden,DEM,20
Dewey,12 Eagle Butte North (13 Eagle Butte North),President,,Bernie Sanders,DEM,32
Dewey,12 Eagle Butte North (13 Eagle Butte North),President,,Joseph R. Biden,DEM,35
Dewey,14 Eagle Butte South,President,,Bernie Sanders,DEM,46
Dewey,14 Eagle Butte South,President,,Joseph R. Biden,DEM,78
Dewey,15 Eagle Butte West,President,,Bernie Sanders,DEM,25
Dewey,15 Eagle Butte West,President,,Joseph R. Biden,DEM,24
Dewey,02 Trail City,U.S. Senate,,Mike Rounds,REP,14
Dewey,02 Trail City,U.S. Senate,,Scyller J. Borglum,REP,9
Dewey,04 Timber Lake,U.S. Senate,,Mike Rounds,REP,71
Dewey,04 Timber Lake,U.S. Senate,,Scyller J. Borglum,REP,27
Dewey,05 Firesteel,U.S. Senate,,Mike Rounds,REP,4
Dewey,05 Firesteel,U.S. Senate,,Scyller J. Borglum,REP,7
Dewey,06 Isabel,U.S. Senate,,Mike Rounds,REP,32
Dewey,06 Isabel,U.S. Senate,,Scyller J. Borglum,REP,15
Dewey,07 Eagle Butte East,U.S. Senate,,Mike Rounds,REP,9
Dewey,07 Eagle Butte East,U.S. Senate,,Scyller J. Borglum,REP,1
Dewey,08 White Horse,U.S. Senate,,Mike Rounds,REP,2
Dewey,08 White Horse,U.S. Senate,,Scyller J. Borglum,REP,0
Dewey,09 Promise,U.S. Senate,,Mike Rounds,REP,5
Dewey,09 Promise,U.S. Senate,,Scyller J. Borglum,REP,6
Dewey,11 Swiftbird/LaPlant,U.S. Senate,,Mike Rounds,REP,3
Dewey,11 Swiftbird/LaPlant,U.S. Senate,,Scyller J. Borglum,REP,1
Dewey,12 Eagle Butte North (13 Eagle Butte North),U.S. Senate,,Mike Rounds,REP,11
Dewey,12 Eagle Butte North (13 Eagle Butte North),U.S. Senate,,Scyller J. Borglum,REP,7
Dewey,14 Eagle Butte South,U.S. Senate,,Mike Rounds,REP,19
Dewey,14 Eagle Butte South,U.S. Senate,,Scyller J. Borglum,REP,2
Dewey,15 Eagle Butte West,U.S. Senate,,Mike Rounds,REP,16
Dewey,15 Eagle Butte West,U.S. Senate,,Scyller J. Borglum,REP,2
Dewey,02 Trail City,U.S. Representative,1,Liz Marty May,REP,10
Dewey,02 Trail City,U.S. Representative,1,Dusty Johnson,REP,13
Dewey,04 Timber Lake,U.S. Representative,1,Liz Marty May,REP,30
Dewey,04 Timber Lake,U.S. Representative,1,Dusty Johnson,REP,67
Dewey,05 Firesteel,U.S. Representative,1,Liz Marty May,REP,7
Dewey,05 Firesteel,U.S. Representative,1,Dusty Johnson,REP,4
Dewey,06 Isabel,U.S. Representative,1,Liz Marty May,REP,17
Dewey,06 Isabel,U.S. Representative,1,Dusty Johnson,REP,29
Dewey,07 Eagle Butte East,U.S. Representative,1,Liz Marty May,REP,2
Dewey,07 Eagle Butte East,U.S. Representative,1,Dusty Johnson,REP,8
Dewey,08 White Horse,U.S. Representative,1,Liz Marty May,REP,0
Dewey,08 White Horse,U.S. Representative,1,Dusty Johnson,REP,2
Dewey,09 Promise,U.S. Representative,1,Liz Marty May,REP,8
Dewey,09 Promise,U.S. Representative,1,Dusty Johnson,REP,3
Dewey,11 Swiftbird/LaPlant,U.S. Representative,1,Liz Marty May,REP,1
Dewey,11 Swiftbird/LaPlant,U.S. Representative,1,Dusty Johnson,REP,3
Dewey,12 Eagle Butte North (13 Eagle Butte North),U.S. Representative,1,Liz Marty May,REP,10
Dewey,12 Eagle Butte North (13 Eagle Butte North),U.S. Representative,1,Dusty Johnson,REP,8
Dewey,14 Eagle Butte South,U.S. Representative,1,Liz Marty May,REP,5
Dewey,14 Eagle Butte South,U.S. Representative,1,Dusty Johnson,REP,16
Dewey,15 Eagle Butte West,U.S. Representative,1,Liz Marty May,REP,4
Dewey,15 Eagle Butte West,U.S. Representative,1,Dusty Johnson,REP,14
Dewey,02 Trail City,State Representative,28A,Oren Lee Lesmeister,DEM,1
Dewey,02 Trail City,State Representative,28A,Dean Schrempp,DEM,0
Dewey,04 Timber Lake,State Representative,28A,Oren Lee Lesmeister,DEM,46
Dewey,04 Timber Lake,State Representative,28A,Dean Schrempp,DEM,27
Dewey,05 Firesteel,State Representative,28A,Oren Lee Lesmeister,DEM,10
Dewey,05 Firesteel,State Representative,28A,Dean Schrempp,DEM,5
Dewey,06 Isabel,State Representative,28A,Oren Lee Lesmeister,DEM,7
Dewey,06 Isabel,State Representative,28A,Dean Schrempp,DEM,8
Dewey,07 Eagle Butte East,State Representative,28A,Oren Lee Lesmeister,DEM,79
Dewey,07 Eagle Butte East,State Representative,28A,Dean Schrempp,DEM,11
Dewey,08 White Horse,State Representative,28A,Oren Lee Lesmeister,DEM,23
Dewey,08 White Horse,State Representative,28A,Dean Schrempp,DEM,3
Dewey,09 Promise,State Representative,28A,Oren Lee Lesmeister,DEM,15
Dewey,09 Promise,State Representative,28A,Dean Schrempp,DEM,2
Dewey,11 Swiftbird/LaPlant,State Representative,28A,Oren Lee Lesmeister,DEM,33
Dewey,11 Swiftbird/LaPlant,State Representative,28A,Dean Schrempp,DEM,3
Dewey,12 Eagle Butte North (13 Eagle Butte North),State Representative,28A,Oren Lee Lesmeister,DEM,60
Dewey,12 Eagle Butte North (13 Eagle Butte North),State Representative,28A,Dean Schrempp,DEM,16
Dewey,14 Eagle Butte South,State Representative,28A,Oren Lee Lesmeister,DEM,104
Dewey,14 Eagle Butte South,State Representative,28A,Dean Schrempp,DEM,19
Dewey,15 Eagle Butte West,State Representative,28A,Oren Lee Lesmeister,DEM,48
Dewey,15 Eagle Butte West,State Representative,28A,Dean Schrempp,DEM,5
Edmunds,1,President,,Bernie Sanders,DEM,10
Edmunds,1,President,,Joseph R. Biden,DEM,47
Edmunds,2,President,,Bernie Sanders,DEM,3
Edmunds,2,President,,Joseph R. Biden,DEM,28
Edmunds,3,President,,Bernie Sanders,DEM,6
Edmunds,3,President,,Joseph R. Biden,DEM,28
Edmunds,4,President,,Bernie Sanders,DEM,4
Edmunds,4,President,,Joseph R. Biden,DEM,27
Edmunds,5,President,,Bernie Sanders,DEM,7
Edmunds,5,President,,Joseph R. Biden,DEM,21
Edmunds,6,President,,Bernie Sanders,DEM,5
Edmunds,6,President,,Joseph R. Biden,DEM,19
Edmunds,1,U.S. Senate,,Mike Rounds,REP,89
Edmunds,1,U.S. Senate,,Scyller J. Borglum,REP,22
Edmunds,2,U.S. Senate,,Mike Rounds,REP,62
Edmunds,2,U.S. Senate,,Scyller J. Borglum,REP,20
Edmunds,3,U.S. Senate,,Mike Rounds,REP,53
Edmunds,3,U.S. Senate,,Scyller J. Borglum,REP,26
Edmunds,4,U.S. Senate,,Mike Rounds,REP,49
Edmunds,4,U.S. Senate,,Scyller J. Borglum,REP,13
Edmunds,5,U.S. Senate,,Mike Rounds,REP,103
Edmunds,5,U.S. Senate,,Scyller J. Borglum,REP,34
Edmunds,6,U.S. Senate,,Mike Rounds,REP,37
Edmunds,6,U.S. Senate,,Scyller J. Borglum,REP,10
Edmunds,1,U.S. Representative,1,Liz Marty May,REP,21
Edmunds,1,U.S. Representative,1,Dusty Johnson,REP,90
Edmunds,2,U.S. Representative,1,Liz Marty May,REP,10
Edmunds,2,U.S. Representative,1,Dusty Johnson,REP,72
Edmunds,3,U.S. Representative,1,Liz Marty May,REP,16
Edmunds,3,U.S. Representative,1,Dusty Johnson,REP,62
Edmunds,4,U.S. Representative,1,Liz Marty May,REP,8
Edmunds,4,U.S. Representative,1,Dusty Johnson,REP,53
Edmunds,5,U.S. Representative,1,Liz Marty May,REP,37
Edmunds,5,U.S. Representative,1,Dusty Johnson,REP,101
Edmunds,6,U.S. Representative,1,Liz Marty May,REP,12
Edmunds,6,U.S. Representative,1,Dusty Johnson,REP,35
Edmunds,1,State Senate,23,Bryan J Breitling,REP,51
Edmunds,1,State Senate,23,Larry Nielson,REP,47
Edmunds,2,State Senate,23,Bryan J Breitling,REP,57
Edmunds,2,State Senate,23,Larry Nielson,REP,18
Edmunds,3,State Senate,23,Bryan J Breitling,REP,52
Edmunds,3,State Senate,23,Larry Nielson,REP,21
Edmunds,4,State Senate,23,Bryan J Breitling,REP,52
Edmunds,4,State Senate,23,Larry Nielson,REP,9
Edmunds,5,State Senate,23,Bryan J Breitling,REP,100
Edmunds,5,State Senate,23,Larry Nielson,REP,37
Edmunds,6,State Senate,23,Bryan J Breitling,REP,28
Edmunds,6,State Senate,23,Larry Nielson,REP,15
Edmunds,1,State Representative,23,Kevin E Watts,REP,19
Edmunds,1,State Representative,23,Spencer Gosch,REP,70
Edmunds,1,State Representative,23,Charlie Hoffman,REP,74
Edmunds,1,State Representative,23,James D Wangsness,REP,24
Edmunds,2,State Representative,23,Kevin E Watts,REP,11
Edmunds,2,State Representative,23,Spencer Gosch,REP,64
Edmunds,2,State Representative,23,Charlie Hoffman,REP,57
Edmunds,2,State Representative,23,James D Wangsness,REP,15
Edmunds,3,State Representative,23,Kevin E Watts,REP,13
Edmunds,3,State Representative,23,Spencer Gosch,REP,62
Edmunds,3,State Representative,23,Charlie Hoffman,REP,35
Edmunds,3,State Representative,23,James D Wangsness,REP,21
Edmunds,4,State Representative,23,Kevin E Watts,REP,8
Edmunds,4,State Representative,23,Spencer Gosch,REP,53
Edmunds,4,State Representative,23,Charlie Hoffman,REP,37
Edmunds,4,State Representative,23,James D Wangsness,REP,12
Edmunds,5,State Representative,23,Kevin E Watts,REP,11
Edmunds,5,State Representative,23,Spencer Gosch,REP,110
Edmunds,5,State Representative,23,Charlie Hoffman,REP,116
Edmunds,5,State Representative,23,James D Wangsness,REP,16
Edmunds,6,State Representative,23,Kevin E Watts,REP,2
Edmunds,6,State Representative,23,Spencer Gosch,REP,34
Edmunds,6,State Representative,23,Charlie Hoffman,REP,35
Edmunds,6,State Representative,23,James D Wangsness,REP,7
Edmunds,4,County Commissioner Edmunds-4,,Dennis Hoyle,REP,21
Edmunds,4,County Commissioner Edmunds-4,,Chad M Preszler,REP,40
Edmunds,6,County Commissioner Edmunds-4,,Dennis Hoyle,REP,5
Edmunds,6,County Commissioner Edmunds-4,,Chad M Preszler,REP,42
Fall River,BEA,President,,Bernie Sanders,DEM,0
Fall River,BEA,President,,Joseph R. Biden,DEM,2
Fall River,CAS,President,,Bernie Sanders,DEM,3
Fall River,CAS,President,,Joseph R. Biden,DEM,6
Fall River,EDA,President,,Bernie Sanders,DEM,8
Fall River,EDA,President,,Joseph R. Biden,DEM,32
Fall River,HS 1,President,,Bernie Sanders,DEM,15
Fall River,HS 1,President,,Joseph R. Biden,DEM,45
Fall River,HS 2,President,,Bernie Sanders,DEM,15
Fall River,HS 2,President,,Joseph R. Biden,DEM,61
Fall River,HS 3,President,,Bernie Sanders,DEM,11
Fall River,HS 3,President,,Joseph R. Biden,DEM,56
Fall River,HS 4,President,,Bernie Sanders,DEM,14
Fall River,HS 4,President,,Joseph R. Biden,DEM,37
Fall River,JAC,President,,Bernie Sanders,DEM,20
Fall River,JAC,President,,Joseph R. Biden,DEM,81
Fall River,Oelrichs Area,President,,Bernie Sanders,DEM,2
Fall River,Oelrichs Area,President,,Joseph R. Biden,DEM,13
Fall River,BEA,U.S. Senate,,Mike Rounds,REP,46
Fall River,BEA,U.S. Senate,,Scyller J. Borglum,REP,30
Fall River,CAS,U.S. Senate,,Mike Rounds,REP,55
Fall River,CAS,U.S. Senate,,Scyller J. Borglum,REP,18
Fall River,EDA,U.S. Senate,,Mike Rounds,REP,169
Fall River,EDA,U.S. Senate,,Scyller J. Borglum,REP,44
Fall River,HS 1,U.S. Senate,,Mike Rounds,REP,109
Fall River,HS 1,U.S. Senate,,Scyller J. Borglum,REP,35
Fall River,HS 2,U.S. Senate,,Mike Rounds,REP,141
Fall River,HS 2,U.S. Senate,,Scyller J. Borglum,REP,33
Fall River,HS 3,U.S. Senate,,Mike Rounds,REP,117
Fall River,HS 3,U.S. Senate,,Scyller J. Borglum,REP,37
Fall River,HS 4,U.S. Senate,,Mike Rounds,REP,89
Fall River,HS 4,U.S. Senate,,Scyller J. Borglum,REP,20
Fall River,JAC,U.S. Senate,,Mike Rounds,REP,297
Fall River,JAC,U.S. Senate,,Scyller J. Borglum,REP,118
Fall River,Oelrichs Area,U.S. Senate,,Mike Rounds,REP,95
Fall River,Oelrichs Area,U.S. Senate,,Scyller J. Borglum,REP,37
Fall River,BEA,U.S. Representative,1,Liz Marty May,REP,31
Fall River,BEA,U.S. Representative,1,Dusty Johnson,REP,47
Fall River,CAS,U.S. Representative,1,Liz Marty May,REP,24
Fall River,CAS,U.S. Representative,1,Dusty Johnson,REP,49
Fall River,EDA,U.S. Representative,1,Liz Marty May,REP,57
Fall River,EDA,U.S. Representative,1,Dusty Johnson,REP,155
Fall River,HS 1,U.S. Representative,1,Liz Marty May,REP,42
Fall River,HS 1,U.S. Representative,1,Dusty Johnson,REP,100
Fall River,HS 2,U.S. Representative,1,Liz Marty May,REP,31
Fall River,HS 2,U.S. Representative,1,Dusty Johnson,REP,142
Fall River,HS 3,U.S. Representative,1,Liz Marty May,REP,44
Fall River,HS 3,U.S. Representative,1,Dusty Johnson,REP,112
Fall River,HS 4,U.S. Representative,1,Liz Marty May,REP,24
Fall River,HS 4,U.S. Representative,1,Dusty Johnson,REP,85
Fall River,JAC,U.S. Representative,1,Liz Marty May,REP,99
Fall River,JAC,U.S. Representative,1,Dusty Johnson,REP,318
Fall River,Oelrichs Area,U.S. Representative,1,Liz Marty May,REP,45
Fall River,Oelrichs Area,U.S. Representative,1,Dusty Johnson,REP,84
Fall River,BEA,State Senate,30,Julie Frye-Mueller,REP,36
Fall River,BEA,State Senate,30,George H Kotti,REP,39
Fall River,CAS,State Senate,30,Julie Frye-Mueller,REP,34
Fall River,CAS,State Senate,30,George H Kotti,REP,37
Fall River,EDA,State Senate,30,Julie Frye-Mueller,REP,107
Fall River,EDA,State Senate,30,George H Kotti,REP,89
Fall River,HS 1,State Senate,30,Julie Frye-Mueller,REP,57
Fall River,HS 1,State Senate,30,George H Kotti,REP,86
Fall River,HS 2,State Senate,30,Julie Frye-Mueller,REP,55
Fall River,HS 2,State Senate,30,George H Kotti,REP,118
Fall River,HS 3,State Senate,30,Julie Frye-Mueller,REP,75
Fall River,HS 3,State Senate,30,George H Kotti,REP,83
Fall River,HS 4,State Senate,30,Julie Frye-Mueller,REP,43
Fall River,HS 4,State Senate,30,George H Kotti,REP,65
Fall River,JAC,State Senate,30,Julie Frye-Mueller,REP,197
Fall River,JAC,State Senate,30,George H Kotti,REP,202
Fall River,Oelrichs Area,State Senate,30,Julie Frye-Mueller,REP,86
Fall River,Oelrichs Area,State Senate,30,George H Kotti,REP,36
Fall River,BEA,State Representative,30,Tim R Goodwin,REP,50
Fall River,BEA,State Representative,30,Kwinn Neff,REP,24
Fall River,BEA,State Representative,30,Trish Ladner,REP,29
Fall River,BEA,State Representative,30,Florence Thompson,REP,16
Fall River,CAS,State Representative,30,Tim R Goodwin,REP,48
Fall River,CAS,State Representative,30,Kwinn Neff,REP,9
Fall River,CAS,State Representative,30,Trish Ladner,REP,28
Fall River,CAS,State Representative,30,Florence Thompson,REP,20
Fall River,EDA,State Representative,30,Tim R Goodwin,REP,146
Fall River,EDA,State Representative,30,Kwinn Neff,REP,64
Fall River,EDA,State Representative,30,Trish Ladner,REP,61
Fall River,EDA,State Representative,30,Florence Thompson,REP,52
Fall River,HS 1,State Representative,30,Tim R Goodwin,REP,91
Fall River,HS 1,State Representative,30,Kwinn Neff,REP,22
Fall River,HS 1,State Representative,30,Trish Ladner,REP,58
Fall River,HS 1,State Representative,30,Florence Thompson,REP,52
Fall River,HS 2,State Representative,30,Tim R Goodwin,REP,120
Fall River,HS 2,State Representative,30,Kwinn Neff,REP,33
Fall River,HS 2,State Representative,30,Trish Ladner,REP,69
Fall River,HS 2,State Representative,30,Florence Thompson,REP,41
Fall River,HS 3,State Representative,30,Tim R Goodwin,REP,101
Fall River,HS 3,State Representative,30,Kwinn Neff,REP,30
Fall River,HS 3,State Representative,30,Trish Ladner,REP,52
Fall River,HS 3,State Representative,30,Florence Thompson,REP,58
Fall River,HS 4,State Representative,30,Tim R Goodwin,REP,70
Fall River,HS 4,State Representative,30,Kwinn Neff,REP,21
Fall River,HS 4,State Representative,30,Trish Ladner,REP,40
Fall River,HS 4,State Representative,30,Florence Thompson,REP,33
Fall River,JAC,State Representative,30,Tim R Goodwin,REP,301
Fall River,JAC,State Representative,30,Kwinn Neff,REP,71
Fall River,JAC,State Representative,30,Trish Ladner,REP,134
Fall River,JAC,State Representative,30,Florence Thompson,REP,119
Fall River,Oelrichs Area,State Representative,30,Tim R Goodwin,REP,94
Fall River,Oelrichs Area,State Representative,30,Kwinn Neff,REP,18
Fall River,Oelrichs Area,State Representative,30,Trish Ladner,REP,31
Fall River,Oelrichs Area,State Representative,30,Florence Thompson,REP,54
Fall River,BEA,County Commissioner At Large,,Ben Tubbs,REP,20
Fall River,BEA,County Commissioner At Large,,Trudy Dibble,REP,7
Fall River,BEA,County Commissioner At Large,,Lyle L Rudloff,REP,9
Fall River,BEA,County Commissioner At Large,,Paul Nabholz,REP,17
Fall River,BEA,County Commissioner At Large,,Joe Allen,REP,35
Fall River,BEA,County Commissioner At Large,,Heath Greenough,REP,41
Fall River,BEA,County Commissioner At Large,,Les Cope,REP,53
Fall River,BEA,County Commissioner At Large,,Suzanne Davidson,REP,17
Fall River,BEA,County Commissioner At Large,,Troy L Goettsch,REP,12
Fall River,CAS,County Commissioner At Large,,Ben Tubbs,REP,12
Fall River,CAS,County Commissioner At Large,,Trudy Dibble,REP,17
Fall River,CAS,County Commissioner At Large,,Lyle L Rudloff,REP,10
Fall River,CAS,County Commissioner At Large,,Paul Nabholz,REP,19
Fall River,CAS,County Commissioner At Large,,Joe Allen,REP,33
Fall River,CAS,County Commissioner At Large,,Heath Greenough,REP,28
Fall River,CAS,County Commissioner At Large,,Les Cope,REP,14
Fall River,CAS,County Commissioner At Large,,Suzanne Davidson,REP,19
Fall River,CAS,County Commissioner At Large,,Troy L Goettsch,REP,21
Fall River,EDA,County Commissioner At Large,,Ben Tubbs,REP,48
Fall River,EDA,County Commissioner At Large,,Trudy Dibble,REP,62
Fall River,EDA,County Commissioner At Large,,Lyle L Rudloff,REP,69
Fall River,EDA,County Commissioner At Large,,Paul Nabholz,REP,90
Fall River,EDA,County Commissioner At Large,,Joe Allen,REP,61
Fall River,EDA,County Commissioner At Large,,Heath Greenough,REP,62
Fall River,EDA,County Commissioner At Large,,Les Cope,REP,90
Fall River,EDA,County Commissioner At Large,,Suzanne Davidson,REP,43
Fall River,EDA,County Commissioner At Large,,Troy L Goettsch,REP,32
Fall River,HS 1,County Commissioner At Large,,Ben Tubbs,REP,30
Fall River,HS 1,County Commissioner At Large,,Trudy Dibble,REP,24
Fall River,HS 1,County Commissioner At Large,,Lyle L Rudloff,REP,4
Fall River,HS 1,County Commissioner At Large,,Paul Nabholz,REP,58
Fall River,HS 1,County Commissioner At Large,,Joe Allen,REP,49
Fall River,HS 1,County Commissioner At Large,,Heath Greenough,REP,32
Fall River,HS 1,County Commissioner At Large,,Les Cope,REP,40
Fall River,HS 1,County Commissioner At Large,,Suzanne Davidson,REP,68
Fall River,HS 1,County Commissioner At Large,,Troy L Goettsch,REP,50
Fall River,HS 2,County Commissioner At Large,,Ben Tubbs,REP,32
Fall River,HS 2,County Commissioner At Large,,Trudy Dibble,REP,38
Fall River,HS 2,County Commissioner At Large,,Lyle L Rudloff,REP,23
Fall River,HS 2,County Commissioner At Large,,Paul Nabholz,REP,55
Fall River,HS 2,County Commissioner At Large,,Joe Allen,REP,95
Fall River,HS 2,County Commissioner At Large,,Heath Greenough,REP,54
Fall River,HS 2,County Commissioner At Large,,Les Cope,REP,58
Fall River,HS 2,County Commissioner At Large,,Suzanne Davidson,REP,57
Fall River,HS 2,County Commissioner At Large,,Troy L Goettsch,REP,44
Fall River,HS 3,County Commissioner At Large,,Ben Tubbs,REP,32
Fall River,HS 3,County Commissioner At Large,,Trudy Dibble,REP,36
Fall River,HS 3,County Commissioner At Large,,Lyle L Rudloff,REP,10
Fall River,HS 3,County Commissioner At Large,,Paul Nabholz,REP,47
Fall River,HS 3,County Commissioner At Large,,Joe Allen,REP,75
Fall River,HS 3,County Commissioner At Large,,Heath Greenough,REP,45
Fall River,HS 3,County Commissioner At Large,,Les Cope,REP,52
Fall River,HS 3,County Commissioner At Large,,Suzanne Davidson,REP,52
Fall River,HS 3,County Commissioner At Large,,Troy L Goettsch,REP,34
Fall River,HS 4,County Commissioner At Large,,Ben Tubbs,REP,15
Fall River,HS 4,County Commissioner At Large,,Trudy Dibble,REP,20
Fall River,HS 4,County Commissioner At Large,,Lyle L Rudloff,REP,9
Fall River,HS 4,County Commissioner At Large,,Paul Nabholz,REP,27
Fall River,HS 4,County Commissioner At Large,,Joe Allen,REP,59
Fall River,HS 4,County Commissioner At Large,,Heath Greenough,REP,43
Fall River,HS 4,County Commissioner At Large,,Les Cope,REP,40
Fall River,HS 4,County Commissioner At Large,,Suzanne Davidson,REP,35
Fall River,HS 4,County Commissioner At Large,,Troy L Goettsch,REP,23
Fall River,JAC,County Commissioner At Large,,Ben Tubbs,REP,65
Fall River,JAC,County Commissioner At Large,,Trudy Dibble,REP,63
Fall River,JAC,County Commissioner At Large,,Lyle L Rudloff,REP,44
Fall River,JAC,County Commissioner At Large,,Paul Nabholz,REP,140
Fall River,JAC,County Commissioner At Large,,Joe Allen,REP,190
Fall River,JAC,County Commissioner At Large,,Heath Greenough,REP,149
Fall River,JAC,County Commissioner At Large,,Les Cope,REP,175
Fall River,JAC,County Commissioner At Large,,Suzanne Davidson,REP,135
Fall River,JAC,County Commissioner At Large,,Troy L Goettsch,REP,102
Fall River,Oelrichs Area,County Commissioner At Large,,Ben Tubbs,REP,16
Fall River,Oelrichs Area,County Commissioner At Large,,Trudy Dibble,REP,4
Fall River,Oelrichs Area,County Commissioner At Large,,Lyle L Rudloff,REP,5
Fall River,Oelrichs Area,County Commissioner At Large,,Paul Nabholz,REP,48
Fall River,Oelrichs Area,County Commissioner At Large,,Joe Allen,REP,28
Fall River,Oelrichs Area,County Commissioner At Large,,Heath Greenough,REP,70
Fall River,Oelrichs Area,County Commissioner At Large,,Les Cope,REP,94
Fall River,Oelrichs Area,County Commissioner At Large,,Suzanne Davidson,REP,53
Fall River,Oelrichs Area,County Commissioner At Large,,Troy L Goettsch,REP,22
Fall River,BEA,School Board Member Hot Springs School District 23- 2,,Petra Wilson,,51
Fall River,BEA,School Board Member Hot Springs School District 23- 2,,Malisa Niles,,19
Fall River,CAS,School Board Member Hot Springs School District 23- 2,,Petra Wilson,,44
Fall River,CAS,School Board Member Hot Springs School District 23- 2,,Malisa Niles,,19
Fall River,HS 1,School Board Member Hot Springs School District 23- 2,,Petra Wilson,,106
Fall River,HS 1,School Board Member Hot Springs School District 23- 2,,Malisa Niles,,85
Fall River,HS 2,School Board Member Hot Springs School District 23- 2,,Petra Wilson,,163
Fall River,HS 2,School Board Member Hot Springs School District 23- 2,,Malisa Niles,,77
Fall River,HS 3,School Board Member Hot Springs School District 23- 2,,Petra Wilson,,138
Fall River,HS 3,School Board Member Hot Springs School District 23- 2,,Malisa Niles,,63
Fall River,HS 4,School Board Member Hot Springs School District 23- 2,,Petra Wilson,,99
Fall River,HS 4,School Board Member Hot Springs School District 23- 2,,Malisa Niles,,56
Fall River,JAC,School Board Member Hot Springs School District 23- 2,,Petra Wilson,,267
Fall River,JAC,School Board Member Hot Springs School District 23- 2,,Malisa Niles,,150
Fall River,HS 4,Alderman Hot Springs Ward-4,,Debra A Johnston,,59
Fall River,HS 4,Alderman Hot Springs Ward-4,,Caitlin Turner,,109
Faulk,1,President,,Bernie Sanders,DEM,4
Faulk,1,President,,Joseph R. Biden,DEM,14
Faulk,2,President,,Bernie Sanders,DEM,0
Faulk,2,President,,Joseph R. Biden,DEM,2
Faulk,3,President,,Bernie Sanders,DEM,3
Faulk,3,President,,Joseph R. Biden,DEM,5
Faulk,4,President,,Bernie Sanders,DEM,1
Faulk,4,President,,Joseph R. Biden,DEM,4
Faulk,5,President,,Bernie Sanders,DEM,1
Faulk,5,President,,Joseph R. Biden,DEM,6
Faulk,6,President,,Bernie Sanders,DEM,5
Faulk,6,President,,Joseph R. Biden,DEM,11
Faulk,7,President,,Bernie Sanders,DEM,4
Faulk,7,President,,Joseph R. Biden,DEM,20
Faulk,1,U.S. Senate,,Mike Rounds,REP,58
Faulk,1,U.S. Senate,,Scyller J. Borglum,REP,8
Faulk,2,U.S. Senate,,Mike Rounds,REP,25
Faulk,2,U.S. Senate,,Scyller J. Borglum,REP,6
Faulk,3,U.S. Senate,,Mike Rounds,REP,39
Faulk,3,U.S. Senate,,Scyller J. Borglum,REP,17
Faulk,4,U.S. Senate,,Mike Rounds,REP,32
Faulk,4,U.S. Senate,,Scyller J. Borglum,REP,10
Faulk,5,U.S. Senate,,Mike Rounds,REP,23
Faulk,5,U.S. Senate,,Scyller J. Borglum,REP,11
Faulk,6,U.S. Senate,,Mike Rounds,REP,83
Faulk,6,U.S. Senate,,Scyller J. Borglum,REP,20
Faulk,7,U.S. Senate,,Mike Rounds,REP,91
Faulk,7,U.S. Senate,,Scyller J. Borglum,REP,16
Faulk,1,U.S. Representative,1,Liz Marty May,REP,15
Faulk,1,U.S. Representative,1,Dusty Johnson,REP,51
Faulk,2,U.S. Representative,1,Liz Marty May,REP,5
Faulk,2,U.S. Representative,1,Dusty Johnson,REP,26
Faulk,3,U.S. Representative,1,Liz Marty May,REP,16
Faulk,3,U.S. Representative,1,Dusty Johnson,REP,39
Faulk,4,U.S. Representative,1,Liz Marty May,REP,9
Faulk,4,U.S. Representative,1,Dusty Johnson,REP,32
Faulk,5,U.S. Representative,1,Liz Marty May,REP,6
Faulk,5,U.S. Representative,1,Dusty Johnson,REP,28
Faulk,6,U.S. Representative,1,Liz Marty May,REP,17
Faulk,6,U.S. Representative,1,Dusty Johnson,REP,85
Faulk,7,U.S. Representative,1,Liz Marty May,REP,24
Faulk,7,U.S. Representative,1,Dusty Johnson,REP,83
Faulk,1,State Senate,23,Bryan J Breitling,REP,22
Faulk,1,State Senate,23,Larry Nielson,REP,31
Faulk,2,State Senate,23,Bryan J Breitling,REP,8
Faulk,2,State Senate,23,Larry Nielson,REP,16
Faulk,3,State Senate,23,Bryan J Breitling,REP,20
Faulk,3,State Senate,23,Larry Nielson,REP,32
Faulk,4,State Senate,23,Bryan J Breitling,REP,6
Faulk,4,State Senate,23,Larry Nielson,REP,34
Faulk,5,State Senate,23,Bryan J Breitling,REP,5
Faulk,5,State Senate,23,Larry Nielson,REP,25
Faulk,6,State Senate,23,Bryan J Breitling,REP,43
Faulk,6,State Senate,23,Larry Nielson,REP,50
Faulk,7,State Senate,23,Bryan J Breitling,REP,41
Faulk,7,State Senate,23,Larry Nielson,REP,57
Faulk,1,State Representative,23,Kevin E Watts,REP,14
Faulk,1,State Representative,23,Spencer Gosch,REP,41
Faulk,1,State Representative,23,Charlie Hoffman,REP,38
Faulk,1,State Representative,23,James D Wangsness,REP,16
Faulk,2,State Representative,23,Kevin E Watts,REP,2
Faulk,2,State Representative,23,Spencer Gosch,REP,20
Faulk,2,State Representative,23,Charlie Hoffman,REP,19
Faulk,2,State Representative,23,James D Wangsness,REP,7
Faulk,3,State Representative,23,Kevin E Watts,REP,6
Faulk,3,State Representative,23,Spencer Gosch,REP,33
Faulk,3,State Representative,23,Charlie Hoffman,REP,34
Faulk,3,State Representative,23,James D Wangsness,REP,20
Faulk,4,State Representative,23,Kevin E Watts,REP,13
Faulk,4,State Representative,23,Spencer Gosch,REP,18
Faulk,4,State Representative,23,Charlie Hoffman,REP,29
Faulk,4,State Representative,23,James D Wangsness,REP,14
Faulk,5,State Representative,23,Kevin E Watts,REP,7
Faulk,5,State Representative,23,Spencer Gosch,REP,16
Faulk,5,State Representative,23,Charlie Hoffman,REP,22
Faulk,5,State Representative,23,James D Wangsness,REP,10
Faulk,6,State Representative,23,Kevin E Watts,REP,24
Faulk,6,State Representative,23,Spencer Gosch,REP,72
Faulk,6,State Representative,23,Charlie Hoffman,REP,54
Faulk,6,State Representative,23,James D Wangsness,REP,26
Faulk,7,State Representative,23,Kevin E Watts,REP,18
Faulk,7,State Representative,23,Spencer Gosch,REP,58
Faulk,7,State Representative,23,Charlie Hoffman,REP,69
Faulk,7,State Representative,23,James D Wangsness,REP,31
Grant,11,President,,Bernie Sanders,DEM,12
Grant,11,President,,Joseph R. Biden,DEM,29
Grant,12,President,,Bernie Sanders,DEM,1
Grant,12,President,,Joseph R. Biden,DEM,8
Grant,21,President,,Bernie Sanders,DEM,1
Grant,21,President,,Joseph R. Biden,DEM,5
Grant,22,President,,Bernie Sanders,DEM,5
Grant,22,President,,Joseph R. Biden,DEM,37
Grant,31,President,,Bernie Sanders,DEM,0
Grant,31,President,,Joseph R. Biden,DEM,5
Grant,32,President,,Bernie Sanders,DEM,4
Grant,32,President,,Joseph R. Biden,DEM,6
Grant,33,President,,Bernie Sanders,DEM,8
Grant,33,President,,Joseph R. Biden,DEM,41
Grant,41,President,,Bernie Sanders,DEM,4
Grant,41,President,,Joseph R. Biden,DEM,31
Grant,42,President,,Bernie Sanders,DEM,2
Grant,42,President,,Joseph R. Biden,DEM,22
Grant,43,President,,Bernie Sanders,DEM,8
Grant,43,President,,Joseph R. Biden,DEM,44
Grant,44,President,,Bernie Sanders,DEM,2
Grant,44,President,,Joseph R. Biden,DEM,7
Grant,45,President,,Bernie Sanders,DEM,3
Grant,45,President,,Joseph R. Biden,DEM,15
Grant,46,President,,Bernie Sanders,DEM,3
Grant,46,President,,Joseph R. Biden,DEM,21
Grant,47,President,,Bernie Sanders,DEM,3
Grant,47,President,,Joseph R. Biden,DEM,8
Grant,49,President,,Bernie Sanders,DEM,2
Grant,49,President,,Joseph R. Biden,DEM,8
Grant,52,President,,Bernie Sanders,DEM,2
Grant,52,President,,Joseph R. Biden,DEM,6
Grant,53,President,,Bernie Sanders,DEM,1
Grant,53,President,,Joseph R. Biden,DEM,5
Grant,54,President,,Bernie Sanders,DEM,2
Grant,54,President,,Joseph R. Biden,DEM,9
Grant,11,U.S. Senate,,Mike Rounds,REP,36
Grant,11,U.S. Senate,,Scyller J. Borglum,REP,15
Grant,12,U.S. Senate,,Mike Rounds,REP,14
Grant,12,U.S. Senate,,Scyller J. Borglum,REP,2
Grant,21,U.S. Senate,,Mike Rounds,REP,14
Grant,21,U.S. Senate,,Scyller J. Borglum,REP,7
Grant,22,U.S. Senate,,Mike Rounds,REP,78
Grant,22,U.S. Senate,,Scyller J. Borglum,REP,25
Grant,31,U.S. Senate,,Mike Rounds,REP,11
Grant,31,U.S. Senate,,Scyller J. Borglum,REP,4
Grant,32,U.S. Senate,,Mike Rounds,REP,14
Grant,32,U.S. Senate,,Scyller J. Borglum,REP,8
Grant,33,U.S. Senate,,Mike Rounds,REP,69
Grant,33,U.S. Senate,,Scyller J. Borglum,REP,10
Grant,41,U.S. Senate,,Mike Rounds,REP,35
Grant,41,U.S. Senate,,Scyller J. Borglum,REP,16
Grant,42,U.S. Senate,,Mike Rounds,REP,38
Grant,42,U.S. Senate,,Scyller J. Borglum,REP,14
Grant,43,U.S. Senate,,Mike Rounds,REP,63
Grant,43,U.S. Senate,,Scyller J. Borglum,REP,16
Grant,44,U.S. Senate,,Mike Rounds,REP,12
Grant,44,U.S. Senate,,Scyller J. Borglum,REP,1
Grant,45,U.S. Senate,,Mike Rounds,REP,28
Grant,45,U.S. Senate,,Scyller J. Borglum,REP,12
Grant,46,U.S. Senate,,Mike Rounds,REP,34
Grant,46,U.S. Senate,,Scyller J. Borglum,REP,6
Grant,47,U.S. Senate,,Mike Rounds,REP,39
Grant,47,U.S. Senate,,Scyller J. Borglum,REP,17
Grant,49,U.S. Senate,,Mike Rounds,REP,14
Grant,49,U.S. Senate,,Scyller J. Borglum,REP,7
Grant,52,U.S. Senate,,Mike Rounds,REP,10
Grant,52,U.S. Senate,,Scyller J. Borglum,REP,5
Grant,53,U.S. Senate,,Mike Rounds,REP,7
Grant,53,U.S. Senate,,Scyller J. Borglum,REP,2
Grant,54,U.S. Senate,,Mike Rounds,REP,21
Grant,54,U.S. Senate,,Scyller J. Borglum,REP,17
Grant,11,U.S. Representative,1,Liz Marty May,REP,8
Grant,11,U.S. Representative,1,Dusty Johnson,REP,42
Grant,12,U.S. Representative,1,Liz Marty May,REP,3
Grant,12,U.S. Representative,1,Dusty Johnson,REP,13
Grant,21,U.S. Representative,1,Liz Marty May,REP,6
Grant,21,U.S. Representative,1,Dusty Johnson,REP,16
Grant,22,U.S. Representative,1,Liz Marty May,REP,18
Grant,22,U.S. Representative,1,Dusty Johnson,REP,84
Grant,31,U.S. Representative,1,Liz Marty May,REP,4
Grant,31,U.S. Representative,1,Dusty Johnson,REP,11
Grant,32,U.S. Representative,1,Liz Marty May,REP,5
Grant,32,U.S. Representative,1,Dusty Johnson,REP,17
Grant,33,U.S. Representative,1,Liz Marty May,REP,17
Grant,33,U.S. Representative,1,Dusty Johnson,REP,64
Grant,41,U.S. Representative,1,Liz Marty May,REP,12
Grant,41,U.S. Representative,1,Dusty Johnson,REP,39
Grant,42,U.S. Representative,1,Liz Marty May,REP,11
Grant,42,U.S. Representative,1,Dusty Johnson,REP,41
Grant,43,U.S. Representative,1,Liz Marty May,REP,15
Grant,43,U.S. Representative,1,Dusty Johnson,REP,64
Grant,44,U.S. Representative,1,Liz Marty May,REP,0
Grant,44,U.S. Representative,1,Dusty Johnson,REP,13
Grant,45,U.S. Representative,1,Liz Marty May,REP,8
Grant,45,U.S. Representative,1,Dusty Johnson,REP,32
Grant,46,U.S. Representative,1,Liz Marty May,REP,8
Grant,46,U.S. Representative,1,Dusty Johnson,REP,31
Grant,47,U.S. Representative,1,Liz Marty May,REP,9
Grant,47,U.S. Representative,1,Dusty Johnson,REP,47
Grant,49,U.S. Representative,1,Liz Marty May,REP,3
Grant,49,U.S. Representative,1,Dusty Johnson,REP,17
Grant,52,U.S. Representative,1,Liz Marty May,REP,4
Grant,52,U.S. Representative,1,Dusty Johnson,REP,11
Grant,53,U.S. Representative,1,Liz Marty May,REP,1
Grant,53,U.S. Representative,1,Dusty Johnson,REP,8
Grant,54,U.S. Representative,1,Liz Marty May,REP,12
Grant,54,U.S. Representative,1,Dusty Johnson,REP,26
Gregory,1,President,,Bernie Sanders,DEM,42
Gregory,1,President,,Joseph R. Biden,DEM,95
Gregory,2,President,,Bernie Sanders,DEM,15
Gregory,2,President,,Joseph R. Biden,DEM,83
Gregory,3,President,,Bernie Sanders,DEM,7
Gregory,3,President,,Joseph R. Biden,DEM,37
Gregory,1,U.S. Senate,,Mike Rounds,REP,294
Gregory,1,U.S. Senate,,Scyller J. Borglum,REP,133
Gregory,2,U.S. Senate,,Mike Rounds,REP,206
Gregory,2,U.S. Senate,,Scyller J. Borglum,REP,103
Gregory,3,U.S. Senate,,Mike Rounds,REP,90
Gregory,3,U.S. Senate,,Scyller J. Borglum,REP,38
Gregory,1,U.S. Representative,1,Liz Marty May,REP,152
Gregory,1,U.S. Representative,1,Dusty Johnson,REP,270
Gregory,2,U.S. Representative,1,Liz Marty May,REP,72
Gregory,2,U.S. Representative,1,Dusty Johnson,REP,234
Gregory,3,U.S. Representative,1,Liz Marty May,REP,18
Gregory,3,U.S. Representative,1,Dusty Johnson,REP,108
Gregory,1,State Senate,21,Erin Tobin,REP,254
Gregory,1,State Senate,21,Lee Qualm,REP,172
Gregory,2,State Senate,21,Erin Tobin,REP,187
Gregory,2,State Senate,21,Lee Qualm,REP,121
Gregory,3,State Senate,21,Erin Tobin,REP,68
Gregory,3,State Senate,21,Lee Qualm,REP,61
Haakon,"01 (Deep Creek Church, Midland Fire Hall)",President,,Bernie Sanders,DEM,1
Haakon,"01 (Deep Creek Church, Midland Fire Hall)",President,,Joseph R. Biden,DEM,3
Haakon,"04 (Deep Creek Church, Midland Fire Hall)",President,,Bernie Sanders,DEM,1
Haakon,"04 (Deep Creek Church, Midland Fire Hall)",President,,Joseph R. Biden,DEM,4
Haakon,"16 (Deep Creek Church, Midland Fire Hall)",President,,Bernie Sanders,DEM,3
Haakon,"16 (Deep Creek Church, Midland Fire Hall)",President,,Joseph R. Biden,DEM,5
Haakon,"17 (Deep Creek Church, Midland Fire Hall)",President,,Bernie Sanders,DEM,2
Haakon,"17 (Deep Creek Church, Midland Fire Hall)",President,,Joseph R. Biden,DEM,9
Haakon,"19 (Deep Creek Church, Midland Fire Hall)",President,,Bernie Sanders,DEM,3
Haakon,"19 (Deep Creek Church, Midland Fire Hall)",President,,Joseph R. Biden,DEM,11
Haakon,"20 (Deep Creek Church, Midland Fire Hall)",President,,Bernie Sanders,DEM,3
Haakon,"20 (Deep Creek Church, Midland Fire Hall)",President,,Joseph R. Biden,DEM,7
Haakon,"01 (Deep Creek Church, Midland Fire Hall)",U.S. Senate,,Mike Rounds,REP,30
Haakon,"01 (Deep Creek Church, Midland Fire Hall)",U.S. Senate,,Scyller J. Borglum,REP,22
Haakon,"04 (Deep Creek Church, Midland Fire Hall)",U.S. Senate,,Mike Rounds,REP,40
Haakon,"04 (Deep Creek Church, Midland Fire Hall)",U.S. Senate,,Scyller J. Borglum,REP,37
Haakon,"16 (Deep Creek Church, Midland Fire Hall)",U.S. Senate,,Mike Rounds,REP,66
Haakon,"16 (Deep Creek Church, Midland Fire Hall)",U.S. Senate,,Scyller J. Borglum,REP,43
Haakon,"17 (Deep Creek Church, Midland Fire Hall)",U.S. Senate,,Mike Rounds,REP,50
Haakon,"17 (Deep Creek Church, Midland Fire Hall)",U.S. Senate,,Scyller J. Borglum,REP,32
Haakon,"19 (Deep Creek Church, Midland Fire Hall)",U.S. Senate,,Mike Rounds,REP,54
Haakon,"19 (Deep Creek Church, Midland Fire Hall)",U.S. Senate,,Scyller J. Borglum,REP,40
Haakon,"20 (Deep Creek Church, Midland Fire Hall)",U.S. Senate,,Mike Rounds,REP,66
Haakon,"20 (Deep Creek Church, Midland Fire Hall)",U.S. Senate,,Scyller J. Borglum,REP,40
Haakon,"01 (Deep Creek Church, Midland Fire Hall)",U.S. Representative,1,Liz Marty May,REP,18
Haakon,"01 (Deep Creek Church, Midland Fire Hall)",U.S. Representative,1,Dusty Johnson,REP,34
Haakon,"04 (Deep Creek Church, Midland Fire Hall)",U.S. Representative,1,Liz Marty May,REP,31
Haakon,"04 (Deep Creek Church, Midland Fire Hall)",U.S. Representative,1,Dusty Johnson,REP,45
Haakon,"16 (Deep Creek Church, Midland Fire Hall)",U.S. Representative,1,Liz Marty May,REP,52
Haakon,"16 (Deep Creek Church, Midland Fire Hall)",U.S. Representative,1,Dusty Johnson,REP,57
Haakon,"17 (Deep Creek Church, Midland Fire Hall)",U.S. Representative,1,Liz Marty May,REP,26
Haakon,"17 (Deep Creek Church, Midland Fire Hall)",U.S. Representative,1,Dusty Johnson,REP,56
Haakon,"19 (Deep Creek Church, Midland Fire Hall)",U.S. Representative,1,Liz Marty May,REP,43
Haakon,"19 (Deep Creek Church, Midland Fire Hall)",U.S. Representative,1,Dusty Johnson,REP,51
Haakon,"20 (Deep Creek Church, Midland Fire Hall)",U.S. Representative,1,Liz Marty May,REP,50
Haakon,"20 (Deep Creek Church, Midland Fire Hall)",U.S. Representative,1,Dusty Johnson,REP,57
Haakon,"20 (Deep Creek Church, Midland Fire Hall)",County Commissioner Haakon-2,,Steve Daly,REP,69
Haakon,"20 (Deep Creek Church, Midland Fire Hall)",County Commissioner Haakon-2,,Fred Foland,REP,30
Hamlin,2,President,,Bernie Sanders,DEM,1
Hamlin,2,President,,Joseph R. Biden,DEM,4
Hamlin,21,President,,Bernie Sanders,DEM,9
Hamlin,21,President,,Joseph R. Biden,DEM,52
Hamlin,22,President,,Bernie Sanders,DEM,1
Hamlin,22,President,,Joseph R. Biden,DEM,0
Hamlin,23,President,,Bernie Sanders,DEM,1
Hamlin,23,President,,Joseph R. Biden,DEM,11
Hamlin,24,President,,Bernie Sanders,DEM,7
Hamlin,24,President,,Joseph R. Biden,DEM,38
Hamlin,25,President,,Bernie Sanders,DEM,12
Hamlin,25,President,,Joseph R. Biden,DEM,64
Hamlin,26,President,,Bernie Sanders,DEM,4
Hamlin,26,President,,Joseph R. Biden,DEM,9
Hamlin,2,U.S. Senate,,Mike Rounds,REP,39
Hamlin,2,U.S. Senate,,Scyller J. Borglum,REP,14
Hamlin,21,U.S. Senate,,Mike Rounds,REP,128
Hamlin,21,U.S. Senate,,Scyller J. Borglum,REP,45
Hamlin,22,U.S. Senate,,Mike Rounds,REP,21
Hamlin,22,U.S. Senate,,Scyller J. Borglum,REP,18
Hamlin,23,U.S. Senate,,Mike Rounds,REP,57
Hamlin,23,U.S. Senate,,Scyller J. Borglum,REP,24
Hamlin,24,U.S. Senate,,Mike Rounds,REP,140
Hamlin,24,U.S. Senate,,Scyller J. Borglum,REP,32
Hamlin,25,U.S. Senate,,Mike Rounds,REP,65
Hamlin,25,U.S. Senate,,Scyller J. Borglum,REP,19
Hamlin,26,U.S. Senate,,Mike Rounds,REP,110
Hamlin,26,U.S. Senate,,Scyller J. Borglum,REP,24
Hamlin,2,U.S. Representative,1,Liz Marty May,REP,11
Hamlin,2,U.S. Representative,1,Dusty Johnson,REP,41
Hamlin,21,U.S. Representative,1,Liz Marty May,REP,50
Hamlin,21,U.S. Representative,1,Dusty Johnson,REP,120
Hamlin,22,U.S. Representative,1,Liz Marty May,REP,15
Hamlin,22,U.S. Representative,1,Dusty Johnson,REP,24
Hamlin,23,U.S. Representative,1,Liz Marty May,REP,15
Hamlin,23,U.S. Representative,1,Dusty Johnson,REP,66
Hamlin,24,U.S. Representative,1,Liz Marty May,REP,27
Hamlin,24,U.S. Representative,1,Dusty Johnson,REP,145
Hamlin,25,U.S. Representative,1,Liz Marty May,REP,19
Hamlin,25,U.S. Representative,1,Dusty Johnson,REP,66
Hamlin,26,U.S. Representative,1,Liz Marty May,REP,17
Hamlin,26,U.S. Representative,1,Dusty Johnson,REP,118
Hand,1,President,,Bernie Sanders,DEM,3
Hand,1,President,,Joseph R. Biden,DEM,8
Hand,2,President,,Bernie Sanders,DEM,2
Hand,2,President,,Joseph R. Biden,DEM,1
Hand,3,President,,Bernie Sanders,DEM,0
Hand,3,President,,Joseph R. Biden,DEM,3
Hand,4,President,,Bernie Sanders,DEM,1
Hand,4,President,,Joseph R. Biden,DEM,4
Hand,5,President,,Bernie Sanders,DEM,1
Hand,5,President,,Joseph R. Biden,DEM,11
Hand,6,President,,Bernie Sanders,DEM,5
Hand,6,President,,Joseph R. Biden,DEM,21
Hand,7,President,,Bernie Sanders,DEM,2
Hand,7,President,,Joseph R. Biden,DEM,14
Hand,8,President,,Bernie Sanders,DEM,0
Hand,8,President,,Joseph R. Biden,DEM,0
Hand,9,President,,Bernie Sanders,DEM,1
Hand,9,President,,Joseph R. Biden,DEM,5
Hand,10,President,,Bernie Sanders,DEM,1
Hand,10,President,,Joseph R. Biden,DEM,2
Hand,11,President,,Bernie Sanders,DEM,6
Hand,11,President,,Joseph R. Biden,DEM,44
Hand,12,President,,Bernie Sanders,DEM,6
Hand,12,President,,Joseph R. Biden,DEM,38
Hand,1,U.S. Senate,,Mike Rounds,REP,54
Hand,1,U.S. Senate,,Scyller J. Borglum,REP,16
Hand,2,U.S. Senate,,Mike Rounds,REP,12
Hand,2,U.S. Senate,,Scyller J. Borglum,REP,11
Hand,3,U.S. Senate,,Mike Rounds,REP,15
Hand,3,U.S. Senate,,Scyller J. Borglum,REP,6
Hand,4,U.S. Senate,,Mike Rounds,REP,25
Hand,4,U.S. Senate,,Scyller J. Borglum,REP,16
Hand,5,U.S. Senate,,Mike Rounds,REP,49
Hand,5,U.S. Senate,,Scyller J. Borglum,REP,20
Hand,6,U.S. Senate,,Mike Rounds,REP,37
Hand,6,U.S. Senate,,Scyller J. Borglum,REP,9
Hand,7,U.S. Senate,,Mike Rounds,REP,30
Hand,7,U.S. Senate,,Scyller J. Borglum,REP,16
Hand,8,U.S. Senate,,Mike Rounds,REP,2
Hand,8,U.S. Senate,,Scyller J. Borglum,REP,1
Hand,9,U.S. Senate,,Mike Rounds,REP,34
Hand,9,U.S. Senate,,Scyller J. Borglum,REP,23
Hand,10,U.S. Senate,,Mike Rounds,REP,11
Hand,10,U.S. Senate,,Scyller J. Borglum,REP,1
Hand,11,U.S. Senate,,Mike Rounds,REP,130
Hand,11,U.S. Senate,,Scyller J. Borglum,REP,28
Hand,12,U.S. Senate,,Mike Rounds,REP,161
Hand,12,U.S. Senate,,Scyller J. Borglum,REP,45
Hand,1,U.S. Representative,1,Liz Marty May,REP,15
Hand,1,U.S. Representative,1,Dusty Johnson,REP,54
Hand,2,U.S. Representative,1,Liz Marty May,REP,5
Hand,2,U.S. Representative,1,Dusty Johnson,REP,19
Hand,3,U.S. Representative,1,Liz Marty May,REP,3
Hand,3,U.S. Representative,1,Dusty Johnson,REP,18
Hand,4,U.S. Representative,1,Liz Marty May,REP,9
Hand,4,U.S. Representative,1,Dusty Johnson,REP,30
Hand,5,U.S. Representative,1,Liz Marty May,REP,20
Hand,5,U.S. Representative,1,Dusty Johnson,REP,50
Hand,6,U.S. Representative,1,Liz Marty May,REP,8
Hand,6,U.S. Representative,1,Dusty Johnson,REP,37
Hand,7,U.S. Representative,1,Liz Marty May,REP,4
Hand,7,U.S. Representative,1,Dusty Johnson,REP,42
Hand,8,U.S. Representative,1,Liz Marty May,REP,0
Hand,8,U.S. Representative,1,Dusty Johnson,REP,3
Hand,9,U.S. Representative,1,Liz Marty May,REP,16
Hand,9,U.S. Representative,1,Dusty Johnson,REP,41
Hand,10,U.S. Representative,1,Liz Marty May,REP,0
Hand,10,U.S. Representative,1,Dusty Johnson,REP,12
Hand,11,U.S. Representative,1,Liz Marty May,REP,27
Hand,11,U.S. Representative,1,Dusty Johnson,REP,129
Hand,12,U.S. Representative,1,Liz Marty May,REP,39
Hand,12,U.S. Representative,1,Dusty Johnson,REP,165
Hand,1,State Senate,23,Bryan J Breitling,REP,32
Hand,1,State Senate,23,Larry Nielson,REP,37
Hand,2,State Senate,23,Bryan J Breitling,REP,10
Hand,2,State Senate,23,Larry Nielson,REP,13
Hand,3,State Senate,23,Bryan J Breitling,REP,9
Hand,3,State Senate,23,Larry Nielson,REP,12
Hand,4,State Senate,23,Bryan J Breitling,REP,24
Hand,4,State Senate,23,Larry Nielson,REP,17
Hand,5,State Senate,23,Bryan J Breitling,REP,52
Hand,5,State Senate,23,Larry Nielson,REP,18
Hand,6,State Senate,23,Bryan J Breitling,REP,32
Hand,6,State Senate,23,Larry Nielson,REP,14
Hand,7,State Senate,23,Bryan J Breitling,REP,31
Hand,7,State Senate,23,Larry Nielson,REP,9
Hand,8,State Senate,23,Bryan J Breitling,REP,3
Hand,8,State Senate,23,Larry Nielson,REP,0
Hand,9,State Senate,23,Bryan J Breitling,REP,37
Hand,9,State Senate,23,Larry Nielson,REP,20
Hand,10,State Senate,23,Bryan J Breitling,REP,8
Hand,10,State Senate,23,Larry Nielson,REP,1
Hand,11,State Senate,23,Bryan J Breitling,REP,113
Hand,11,State Senate,23,Larry Nielson,REP,41
Hand,12,State Senate,23,Bryan J Breitling,REP,151
Hand,12,State Senate,23,Larry Nielson,REP,55
Hand,1,State Representative,23,Kevin E Watts,REP,29
Hand,1,State Representative,23,Spencer Gosch,REP,36
Hand,1,State Representative,23,Charlie Hoffman,REP,36
Hand,1,State Representative,23,James D Wangsness,REP,25
Hand,2,State Representative,23,Kevin E Watts,REP,13
Hand,2,State Representative,23,Spencer Gosch,REP,8
Hand,2,State Representative,23,Charlie Hoffman,REP,15
Hand,2,State Representative,23,James D Wangsness,REP,9
Hand,3,State Representative,23,Kevin E Watts,REP,10
Hand,3,State Representative,23,Spencer Gosch,REP,7
Hand,3,State Representative,23,Charlie Hoffman,REP,10
Hand,3,State Representative,23,James D Wangsness,REP,11
Hand,4,State Representative,23,Kevin E Watts,REP,17
Hand,4,State Representative,23,Spencer Gosch,REP,20
Hand,4,State Representative,23,Charlie Hoffman,REP,26
Hand,4,State Representative,23,James D Wangsness,REP,15
Hand,5,State Representative,23,Kevin E Watts,REP,42
Hand,5,State Representative,23,Spencer Gosch,REP,32
Hand,5,State Representative,23,Charlie Hoffman,REP,13
Hand,5,State Representative,23,James D Wangsness,REP,37
Hand,6,State Representative,23,Kevin E Watts,REP,15
Hand,6,State Representative,23,Spencer Gosch,REP,16
Hand,6,State Representative,23,Charlie Hoffman,REP,23
Hand,6,State Representative,23,James D Wangsness,REP,27
Hand,7,State Representative,23,Kevin E Watts,REP,33
Hand,7,State Representative,23,Spencer Gosch,REP,12
Hand,7,State Representative,23,Charlie Hoffman,REP,14
Hand,7,State Representative,23,James D Wangsness,REP,20
Hand,8,State Representative,23,Kevin E Watts,REP,2
Hand,8,State Representative,23,Spencer Gosch,REP,0
Hand,8,State Representative,23,Charlie Hoffman,REP,0
Hand,8,State Representative,23,James D Wangsness,REP,2
Hand,9,State Representative,23,Kevin E Watts,REP,18
Hand,9,State Representative,23,Spencer Gosch,REP,40
Hand,9,State Representative,23,Charlie Hoffman,REP,34
Hand,9,State Representative,23,James D Wangsness,REP,14
Hand,10,State Representative,23,Kevin E Watts,REP,6
Hand,10,State Representative,23,Spencer Gosch,REP,3
Hand,10,State Representative,23,Charlie Hoffman,REP,3
Hand,10,State Representative,23,James D Wangsness,REP,6
Hand,11,State Representative,23,Kevin E Watts,REP,74
Hand,11,State Representative,23,Spencer Gosch,REP,57
Hand,11,State Representative,23,Charlie Hoffman,REP,42
Hand,11,State Representative,23,James D Wangsness,REP,106
Hand,12,State Representative,23,Kevin E Watts,REP,108
Hand,12,State Representative,23,Spencer Gosch,REP,70
Hand,12,State Representative,23,Charlie Hoffman,REP,56
Hand,12,State Representative,23,James D Wangsness,REP,135
Hand,5,County Commissioner Hand-4,,Robert James Eschenbaum,REP,28
Hand,5,County Commissioner Hand-4,,Billy Jack Hughes,REP,43
Hand,8,County Commissioner Hand-4,,Robert James Eschenbaum,REP,1
Hand,8,County Commissioner Hand-4,,Billy Jack Hughes,REP,2
Hand,9,County Commissioner Hand-4,,Robert James Eschenbaum,REP,39
Hand,9,County Commissioner Hand-4,,Billy Jack Hughes,REP,16
Hand,10,County Commissioner Hand-4,,Robert James Eschenbaum,REP,5
Hand,10,County Commissioner Hand-4,,Billy Jack Hughes,REP,1
Hand,7,School Board Member Wolsey - Wessington School District 02-6,,Kevin Clarke,,13
Hand,7,School Board Member Wolsey - Wessington School District 02-6,,Brooke Legrand,,8
Hand,7,School Board Member Wolsey - Wessington School District 02-6,,Eric Benjamin Borah,,5
Hand,7,School Board Member Wolsey - Wessington School District 02-6,,Destiny Finn,,0
Hand,7,School Board Member Wolsey - Wessington School District 02-6,,Carol Larsen,,0
Hand,7,School Board Member Wolsey - Wessington School District 02-6,,Jeannie Rainford,,0
Hand,7,School Board Member Wolsey - Wessington School District 02-6,,Jeffrey J Luce,,16
Hand,7,School Board Member Wolsey - Wessington School District 02-6,,Ashley Hiles,,4
Hanson,1,President,,Bernie Sanders,DEM,17
Hanson,1,President,,Joseph R. Biden,DEM,76
Hanson,2,President,,Bernie Sanders,DEM,9
Hanson,2,President,,Joseph R. Biden,DEM,42
Hanson,3,President,,Bernie Sanders,DEM,4
Hanson,3,President,,Joseph R. Biden,DEM,17
Hanson,4,President,,Bernie Sanders,DEM,7
Hanson,4,President,,Joseph R. Biden,DEM,15
Hanson,5,President,,Bernie Sanders,DEM,2
Hanson,5,President,,Joseph R. Biden,DEM,7
Hanson,1,U.S. Senate,,Mike Rounds,REP,154
Hanson,1,U.S. Senate,,Scyller J. Borglum,REP,47
Hanson,2,U.S. Senate,,Mike Rounds,REP,107
Hanson,2,U.S. Senate,,Scyller J. Borglum,REP,36
Hanson,3,U.S. Senate,,Mike Rounds,REP,55
Hanson,3,U.S. Senate,,Scyller J. Borglum,REP,27
Hanson,4,U.S. Senate,,Mike Rounds,REP,53
Hanson,4,U.S. Senate,,Scyller J. Borglum,REP,22
Hanson,5,U.S. Senate,,Mike Rounds,REP,35
Hanson,5,U.S. Senate,,Scyller J. Borglum,REP,5
Hanson,1,U.S. Representative,1,Liz Marty May,REP,53
Hanson,1,U.S. Representative,1,Dusty Johnson,REP,147
Hanson,2,U.S. Representative,1,Liz Marty May,REP,38
Hanson,2,U.S. Representative,1,Dusty Johnson,REP,105
Hanson,3,U.S. Representative,1,Liz Marty May,REP,20
Hanson,3,U.S. Representative,1,Dusty Johnson,REP,65
Hanson,4,U.S. Representative,1,Liz Marty May,REP,18
Hanson,4,U.S. Representative,1,Dusty Johnson,REP,57
Hanson,5,U.S. Representative,1,Liz Marty May,REP,9
Hanson,5,U.S. Representative,1,Dusty Johnson,REP,31
Hanson,1,State Representative,19,Marty Overweg,REP,97
Hanson,1,State Representative,19,Kent Peterson,REP,118
Hanson,1,State Representative,19,Jessica Bahmuller,REP,119
Hanson,2,State Representative,19,Marty Overweg,REP,38
Hanson,2,State Representative,19,Kent Peterson,REP,65
Hanson,2,State Representative,19,Jessica Bahmuller,REP,111
Hanson,3,State Representative,19,Marty Overweg,REP,26
Hanson,3,State Representative,19,Kent Peterson,REP,39
Hanson,3,State Representative,19,Jessica Bahmuller,REP,63
Hanson,4,State Representative,19,Marty Overweg,REP,47
Hanson,4,State Representative,19,Kent Peterson,REP,42
Hanson,4,State Representative,19,Jessica Bahmuller,REP,35
Hanson,5,State Representative,19,Marty Overweg,REP,9
Hanson,5,State Representative,19,Kent Peterson,REP,16
Hanson,5,State Representative,19,Jessica Bahmuller,REP,34
Hanson,2,County Commissioner Hanson-2,,Richard Waldera,REP,87
Hanson,2,County Commissioner Hanson-2,,Dennis Maiers,REP,53
Harding,1,President,,Bernie Sanders,DEM,3
Harding,1,President,,Joseph R. Biden,DEM,6
Harding,2,President,,Bernie Sanders,DEM,5
Harding,2,President,,Joseph R. Biden,DEM,2
Harding,3,President,,Bernie Sanders,DEM,0
Harding,3,President,,Joseph R. Biden,DEM,2
Harding,5,President,,Bernie Sanders,DEM,1
Harding,5,President,,Joseph R. Biden,DEM,1
Harding,6,President,,Bernie Sanders,DEM,1
Harding,6,President,,Joseph R. Biden,DEM,0
Harding,7,President,,Bernie Sanders,DEM,1
Harding,7,President,,Joseph R. Biden,DEM,5
Harding,8,President,,Bernie Sanders,DEM,0
Harding,8,President,,Joseph R. Biden,DEM,0
Harding,9,President,,Bernie Sanders,DEM,1
Harding,9,President,,Joseph R. Biden,DEM,1
Harding,1,U.S. Senate,,Mike Rounds,REP,39
Harding,1,U.S. Senate,,Scyller J. Borglum,REP,39
Harding,2,U.S. Senate,,Mike Rounds,REP,11
Harding,2,U.S. Senate,,Scyller J. Borglum,REP,27
Harding,3,U.S. Senate,,Mike Rounds,REP,4
Harding,3,U.S. Senate,,Scyller J. Borglum,REP,13
Harding,5,U.S. Senate,,Mike Rounds,REP,32
Harding,5,U.S. Senate,,Scyller J. Borglum,REP,33
Harding,6,U.S. Senate,,Mike Rounds,REP,17
Harding,6,U.S. Senate,,Scyller J. Borglum,REP,7
Harding,7,U.S. Senate,,Mike Rounds,REP,8
Harding,7,U.S. Senate,,Scyller J. Borglum,REP,18
Harding,8,U.S. Senate,,Mike Rounds,REP,20
Harding,8,U.S. Senate,,Scyller J. Borglum,REP,29
Harding,9,U.S. Senate,,Mike Rounds,REP,17
Harding,9,U.S. Senate,,Scyller J. Borglum,REP,45
Harding,1,U.S. Representative,1,Liz Marty May,REP,42
Harding,1,U.S. Representative,1,Dusty Johnson,REP,36
Harding,2,U.S. Representative,1,Liz Marty May,REP,31
Harding,2,U.S. Representative,1,Dusty Johnson,REP,7
Harding,3,U.S. Representative,1,Liz Marty May,REP,12
Harding,3,U.S. Representative,1,Dusty Johnson,REP,5
Harding,5,U.S. Representative,1,Liz Marty May,REP,47
Harding,5,U.S. Representative,1,Dusty Johnson,REP,18
Harding,6,U.S. Representative,1,Liz Marty May,REP,21
Harding,6,U.S. Representative,1,Dusty Johnson,REP,4
Harding,7,U.S. Representative,1,Liz Marty May,REP,22
Harding,7,U.S. Representative,1,Dusty Johnson,REP,4
Harding,8,U.S. Representative,1,Liz Marty May,REP,33
Harding,8,U.S. Representative,1,Dusty Johnson,REP,17
Harding,9,U.S. Representative,1,Liz Marty May,REP,57
Harding,9,U.S. Representative,1,Dusty Johnson,REP,6
Hughes,Absentee,President,,Bernie Sanders,DEM,103
Hughes,Absentee,President,,Joseph R. Biden,DEM,523
Hughes,Blunt Community Center,President,,Bernie Sanders,DEM,2
Hughes,Blunt Community Center,President,,Joseph R. Biden,DEM,5
Hughes,Faith Lutheran Church,President,,Bernie Sanders,DEM,57
Hughes,Faith Lutheran Church,President,,Joseph R. Biden,DEM,110
Hughes,New Life Assembly of God Church,President,,Bernie Sanders,DEM,43
Hughes,New Life Assembly of God Church,President,,Joseph R. Biden,DEM,64
Hughes,Absentee,U.S. Senate,,Mike Rounds,REP,1484
Hughes,Absentee,U.S. Senate,,Scyller J. Borglum,REP,323
Hughes,Blunt Community Center,U.S. Senate,,Mike Rounds,REP,64
Hughes,Blunt Community Center,U.S. Senate,,Scyller J. Borglum,REP,26
Hughes,Faith Lutheran Church,U.S. Senate,,Mike Rounds,REP,621
Hughes,Faith Lutheran Church,U.S. Senate,,Scyller J. Borglum,REP,167
Hughes,New Life Assembly of God Church,U.S. Senate,,Mike Rounds,REP,554
Hughes,New Life Assembly of God Church,U.S. Senate,,Scyller J. Borglum,REP,164
Hughes,Absentee,U.S. Representative,1,Liz Marty May,REP,295
Hughes,Absentee,U.S. Representative,1,Dusty Johnson,REP,1505
Hughes,Blunt Community Center,U.S. Representative,1,Liz Marty May,REP,34
Hughes,Blunt Community Center,U.S. Representative,1,Dusty Johnson,REP,56
Hughes,Faith Lutheran Church,U.S. Representative,1,Liz Marty May,REP,150
Hughes,Faith Lutheran Church,U.S. Representative,1,Dusty Johnson,REP,633
Hughes,New Life Assembly of God Church,U.S. Representative,1,Liz Marty May,REP,164
Hughes,New Life Assembly of God Church,U.S. Representative,1,Dusty Johnson,REP,550
Hughes,Absentee,State Representative,24,Jeff Monroe,REP,504
Hughes,Absentee,State Representative,24,Noel D Chicoine,REP,471
Hughes,Absentee,State Representative,24,Will D Mortenson,REP,1039
Hughes,Absentee,State Representative,24,Mike Weisgram,REP,1090
Hughes,Absentee,State Representative,24,Bob Lowery,REP,308
Hughes,Blunt Community Center,State Representative,24,Jeff Monroe,REP,42
Hughes,Blunt Community Center,State Representative,24,Noel D Chicoine,REP,25
Hughes,Blunt Community Center,State Representative,24,Will D Mortenson,REP,46
Hughes,Blunt Community Center,State Representative,24,Mike Weisgram,REP,40
Hughes,Blunt Community Center,State Representative,24,Bob Lowery,REP,5
Hughes,Faith Lutheran Church,State Representative,24,Jeff Monroe,REP,233
Hughes,Faith Lutheran Church,State Representative,24,Noel D Chicoine,REP,191
Hughes,Faith Lutheran Church,State Representative,24,Will D Mortenson,REP,495
Hughes,Faith Lutheran Church,State Representative,24,Mike Weisgram,REP,426
Hughes,Faith Lutheran Church,State Representative,24,Bob Lowery,REP,110
Hughes,New Life Assembly of God Church,State Representative,24,Jeff Monroe,REP,261
Hughes,New Life Assembly of God Church,State Representative,24,Noel D Chicoine,REP,186
Hughes,New Life Assembly of God Church,State Representative,24,Will D Mortenson,REP,409
Hughes,New Life Assembly of God Church,State Representative,24,Mike Weisgram,REP,360
Hughes,New Life Assembly of God Church,State Representative,24,Bob Lowery,REP,104
Hughes,Absentee,County Commissioner At Large,,Tom Rounds,REP,1209
Hughes,Absentee,County Commissioner At Large,,Randy Brown,REP,786
Hughes,Absentee,County Commissioner At Large,,Troy Bowers,REP,746
Hughes,Blunt Community Center,County Commissioner At Large,,Tom Rounds,REP,38
Hughes,Blunt Community Center,County Commissioner At Large,,Randy Brown,REP,62
Hughes,Blunt Community Center,County Commissioner At Large,,Troy Bowers,REP,27
Hughes,Faith Lutheran Church,County Commissioner At Large,,Tom Rounds,REP,531
Hughes,Faith Lutheran Church,County Commissioner At Large,,Randy Brown,REP,339
Hughes,Faith Lutheran Church,County Commissioner At Large,,Troy Bowers,REP,311
Hughes,New Life Assembly of God Church,County Commissioner At Large,,Tom Rounds,REP,473
Hughes,New Life Assembly of God Church,County Commissioner At Large,,Randy Brown,REP,319
Hughes,New Life Assembly of God Church,County Commissioner At Large,,Troy Bowers,REP,294
Hughes,Absentee,Precinct Committeeman Precinct-28,,Jamie Huizenga,REP,61
Hughes,Absentee,Precinct Committeeman Precinct-28,,Justin Lee Rollins,REP,30
Hughes,Blunt Community Center,Precinct Committeeman Precinct-28,,Jamie Huizenga,REP,0
Hughes,Blunt Community Center,Precinct Committeeman Precinct-28,,Justin Lee Rollins,REP,0
Hughes,Faith Lutheran Church,Precinct Committeeman Precinct-28,,Jamie Huizenga,REP,25
Hughes,Faith Lutheran Church,Precinct Committeeman Precinct-28,,Justin Lee Rollins,REP,25
Hughes,New Life Assembly of God Church,Precinct Committeeman Precinct-28,,Jamie Huizenga,REP,5
Hughes,New Life Assembly of God Church,Precinct Committeeman Precinct-28,,Justin Lee Rollins,REP,2
Hutchinson,"07 (01, 02, 03, 04, 05, 06)",President,,Bernie Sanders,DEM,43
Hutchinson,"07 (01, 02, 03, 04, 05, 06)",President,,Joseph R. Biden,DEM,210
Hutchinson,"07 (01, 02, 03, 04, 05, 06)",U.S. Senate,,Mike Rounds,REP,821
Hutchinson,"07 (01, 02, 03, 04, 05, 06)",U.S. Senate,,Scyller J. Borglum,REP,217
Hutchinson,"07 (01, 02, 03, 04, 05, 06)",U.S. Representative,1,Liz Marty May,REP,142
Hutchinson,"07 (01, 02, 03, 04, 05, 06)",U.S. Representative,1,Dusty Johnson,REP,893
Hutchinson,"07 (01, 02, 03, 04, 05, 06)",State Representative,19,Marty Overweg,REP,416
Hutchinson,"07 (01, 02, 03, 04, 05, 06)",State Representative,19,Kent Peterson,REP,635
Hutchinson,"07 (01, 02, 03, 04, 05, 06)",State Representative,19,Jessica Bahmuller,REP,606
Hyde,Hyde County Memorial Auditorium-East Wing,President,,Bernie Sanders,DEM,10
Hyde,Hyde County Memorial Auditorium-East Wing,President,,Joseph R. Biden,DEM,43
Hyde,Hyde County Memorial Auditorium-East Wing,U.S. Senate,,Mike Rounds,REP,220
Hyde,Hyde County Memorial Auditorium-East Wing,U.S. Senate,,Scyller J. Borglum,REP,47
Hyde,Hyde County Memorial Auditorium-East Wing,U.S. Representative,1,Liz Marty May,REP,52
Hyde,Hyde County Memorial Auditorium-East Wing,U.S. Representative,1,Dusty Johnson,REP,212
Hyde,Hyde County Memorial Auditorium-East Wing,State Representative,24,Jeff Monroe,REP,114
Hyde,Hyde County Memorial Auditorium-East Wing,State Representative,24,Noel D Chicoine,REP,59
Hyde,Hyde County Memorial Auditorium-East Wing,State Representative,24,Will D Mortenson,REP,150
Hyde,Hyde County Memorial Auditorium-East Wing,State Representative,24,Mike Weisgram,REP,86
Hyde,Hyde County Memorial Auditorium-East Wing,State Representative,24,Bob Lowery,REP,30
Jackson,1,President,,Bernie Sanders,DEM,1
Jackson,1,President,,Joseph R. Biden,DEM,3
Jackson,2,President,,Bernie Sanders,DEM,4
Jackson,2,President,,Joseph R. Biden,DEM,9
Jackson,3,President,,Bernie Sanders,DEM,0
Jackson,3,President,,Joseph R. Biden,DEM,8
Jackson,4,President,,Bernie Sanders,DEM,2
Jackson,4,President,,Joseph R. Biden,DEM,9
Jackson,5,President,,Bernie Sanders,DEM,1
Jackson,5,President,,Joseph R. Biden,DEM,3
Jackson,6,President,,Bernie Sanders,DEM,2
Jackson,6,President,,Joseph R. Biden,DEM,8
Jackson,7,President,,Bernie Sanders,DEM,16
Jackson,7,President,,Joseph R. Biden,DEM,29
Jackson,8,President,,Bernie Sanders,DEM,10
Jackson,8,President,,Joseph R. Biden,DEM,7
Jackson,1,U.S. Senate,,Mike Rounds,REP,13
Jackson,1,U.S. Senate,,Scyller J. Borglum,REP,7
Jackson,2,U.S. Senate,,Mike Rounds,REP,27
Jackson,2,U.S. Senate,,Scyller J. Borglum,REP,22
Jackson,3,U.S. Senate,,Mike Rounds,REP,52
Jackson,3,U.S. Senate,,Scyller J. Borglum,REP,69
Jackson,4,U.S. Senate,,Mike Rounds,REP,48
Jackson,4,U.S. Senate,,Scyller J. Borglum,REP,27
Jackson,5,U.S. Senate,,Mike Rounds,REP,20
Jackson,5,U.S. Senate,,Scyller J. Borglum,REP,27
Jackson,6,U.S. Senate,,Mike Rounds,REP,11
Jackson,6,U.S. Senate,,Scyller J. Borglum,REP,40
Jackson,7,U.S. Senate,,Mike Rounds,REP,4
Jackson,7,U.S. Senate,,Scyller J. Borglum,REP,10
Jackson,8,U.S. Senate,,Mike Rounds,REP,10
Jackson,8,U.S. Senate,,Scyller J. Borglum,REP,12
Jackson,1,U.S. Representative,1,Liz Marty May,REP,14
Jackson,1,U.S. Representative,1,Dusty Johnson,REP,6
Jackson,2,U.S. Representative,1,Liz Marty May,REP,37
Jackson,2,U.S. Representative,1,Dusty Johnson,REP,13
Jackson,3,U.S. Representative,1,Liz Marty May,REP,83
Jackson,3,U.S. Representative,1,Dusty Johnson,REP,38
Jackson,4,U.S. Representative,1,Liz Marty May,REP,40
Jackson,4,U.S. Representative,1,Dusty Johnson,REP,36
Jackson,5,U.S. Representative,1,Liz Marty May,REP,31
Jackson,5,U.S. Representative,1,Dusty Johnson,REP,16
Jackson,6,U.S. Representative,1,Liz Marty May,REP,44
Jackson,6,U.S. Representative,1,Dusty Johnson,REP,8
Jackson,7,U.S. Representative,1,Liz Marty May,REP,10
Jackson,7,U.S. Representative,1,Dusty Johnson,REP,4
Jackson,8,U.S. Representative,1,Liz Marty May,REP,17
Jackson,8,U.S. Representative,1,Dusty Johnson,REP,4
Jerauld,1,President,,Bernie Sanders,DEM,17
Jerauld,1,President,,Joseph R. Biden,DEM,115
Jerauld,2,President,,Bernie Sanders,DEM,2
Jerauld,2,President,,Joseph R. Biden,DEM,19
Jerauld,3,President,,Bernie Sanders,DEM,2
Jerauld,3,President,,Joseph R. Biden,DEM,6
Jerauld,4,President,,Bernie Sanders,DEM,2
Jerauld,4,President,,Joseph R. Biden,DEM,15
Jerauld,5,President,,Bernie Sanders,DEM,4
Jerauld,5,President,,Joseph R. Biden,DEM,7
Jerauld,1,U.S. Senate,,Mike Rounds,REP,140
Jerauld,1,U.S. Senate,,Scyller J. Borglum,REP,29
Jerauld,2,U.S. Senate,,Mike Rounds,REP,32
Jerauld,2,U.S. Senate,,Scyller J. Borglum,REP,5
Jerauld,3,U.S. Senate,,Mike Rounds,REP,19
Jerauld,3,U.S. Senate,,Scyller J. Borglum,REP,2
Jerauld,4,U.S. Senate,,Mike Rounds,REP,5
Jerauld,4,U.S. Senate,,Scyller J. Borglum,REP,4
Jerauld,5,U.S. Senate,,Mike Rounds,REP,18
Jerauld,5,U.S. Senate,,Scyller J. Borglum,REP,2
Jerauld,1,U.S. Representative,1,Liz Marty May,REP,32
Jerauld,1,U.S. Representative,1,Dusty Johnson,REP,134
Jerauld,2,U.S. Representative,1,Liz Marty May,REP,10
Jerauld,2,U.S. Representative,1,Dusty Johnson,REP,27
Jerauld,3,U.S. Representative,1,Liz Marty May,REP,3
Jerauld,3,U.S. Representative,1,Dusty Johnson,REP,18
Jerauld,4,U.S. Representative,1,Liz Marty May,REP,3
Jerauld,4,U.S. Representative,1,Dusty Johnson,REP,6
Jerauld,5,U.S. Representative,1,Liz Marty May,REP,4
Jerauld,5,U.S. Representative,1,Dusty Johnson,REP,16
Jerauld,1,State Representative,20,Lance Koth,REP,114
Jerauld,1,State Representative,20,Barry Volk,REP,62
Jerauld,1,State Representative,20,Paul R Miskimins,REP,81
Jerauld,2,State Representative,20,Lance Koth,REP,22
Jerauld,2,State Representative,20,Barry Volk,REP,16
Jerauld,2,State Representative,20,Paul R Miskimins,REP,22
Jerauld,3,State Representative,20,Lance Koth,REP,15
Jerauld,3,State Representative,20,Barry Volk,REP,9
Jerauld,3,State Representative,20,Paul R Miskimins,REP,11
Jerauld,4,State Representative,20,Lance Koth,REP,5
Jerauld,4,State Representative,20,Barry Volk,REP,4
Jerauld,4,State Representative,20,Paul R Miskimins,REP,4
Jerauld,5,State Representative,20,Lance Koth,REP,17
Jerauld,5,State Representative,20,Barry Volk,REP,11
Jerauld,5,State Representative,20,Paul R Miskimins,REP,9
Jones,1,President,,Bernie Sanders,DEM,4
Jones,1,President,,Joseph R. Biden,DEM,17
Jones,3,President,,Bernie Sanders,DEM,8
Jones,3,President,,Joseph R. Biden,DEM,15
Jones,5,President,,Bernie Sanders,DEM,1
Jones,5,President,,Joseph R. Biden,DEM,8
Jones,1,U.S. Senate,,Mike Rounds,REP,73
Jones,1,U.S. Senate,,Scyller J. Borglum,REP,42
Jones,3,U.S. Senate,,Mike Rounds,REP,76
Jones,3,U.S. Senate,,Scyller J. Borglum,REP,35
Jones,5,U.S. Senate,,Mike Rounds,REP,62
Jones,5,U.S. Senate,,Scyller J. Borglum,REP,34
Jones,1,U.S. Representative,1,Liz Marty May,REP,47
Jones,1,U.S. Representative,1,Dusty Johnson,REP,67
Jones,3,U.S. Representative,1,Liz Marty May,REP,32
Jones,3,U.S. Representative,1,Dusty Johnson,REP,78
Jones,5,U.S. Representative,1,Liz Marty May,REP,32
Jones,5,U.S. Representative,1,Dusty Johnson,REP,64
Kingsbury,Absentee,President,,Bernie Sanders,DEM,30
Kingsbury,Absentee,President,,Joseph R. Biden,DEM,155
Kingsbury,Arlington,President,,Bernie Sanders,DEM,7
Kingsbury,Arlington,President,,Joseph R. Biden,DEM,17
Kingsbury,Badger,President,,Bernie Sanders,DEM,3
Kingsbury,Badger,President,,Joseph R. Biden,DEM,2
Kingsbury,De Smet,President,,Bernie Sanders,DEM,7
Kingsbury,De Smet,President,,Joseph R. Biden,DEM,14
Kingsbury,Iroquois,President,,Bernie Sanders,DEM,2
Kingsbury,Iroquois,President,,Joseph R. Biden,DEM,3
Kingsbury,Lake Preston,President,,Bernie Sanders,DEM,4
Kingsbury,Lake Preston,President,,Joseph R. Biden,DEM,11
Kingsbury,Oldham,President,,Bernie Sanders,DEM,2
Kingsbury,Oldham,President,,Joseph R. Biden,DEM,8
Kingsbury,Absentee,U.S. Senate,,Mike Rounds,REP,302
Kingsbury,Absentee,U.S. Senate,,Scyller J. Borglum,REP,60
Kingsbury,Arlington,U.S. Senate,,Mike Rounds,REP,55
Kingsbury,Arlington,U.S. Senate,,Scyller J. Borglum,REP,27
Kingsbury,Badger,U.S. Senate,,Mike Rounds,REP,34
Kingsbury,Badger,U.S. Senate,,Scyller J. Borglum,REP,16
Kingsbury,De Smet,U.S. Senate,,Mike Rounds,REP,101
Kingsbury,De Smet,U.S. Senate,,Scyller J. Borglum,REP,33
Kingsbury,Iroquois,U.S. Senate,,Mike Rounds,REP,12
Kingsbury,Iroquois,U.S. Senate,,Scyller J. Borglum,REP,5
Kingsbury,Lake Preston,U.S. Senate,,Mike Rounds,REP,51
Kingsbury,Lake Preston,U.S. Senate,,Scyller J. Borglum,REP,22
Kingsbury,Oldham,U.S. Senate,,Mike Rounds,REP,14
Kingsbury,Oldham,U.S. Senate,,Scyller J. Borglum,REP,10
Kingsbury,Absentee,U.S. Representative,1,Liz Marty May,REP,59
Kingsbury,Absentee,U.S. Representative,1,Dusty Johnson,REP,302
Kingsbury,Arlington,U.S. Representative,1,Liz Marty May,REP,26
Kingsbury,Arlington,U.S. Representative,1,Dusty Johnson,REP,57
Kingsbury,Badger,U.S. Representative,1,Liz Marty May,REP,8
Kingsbury,Badger,U.S. Representative,1,Dusty Johnson,REP,42
Kingsbury,De Smet,U.S. Representative,1,Liz Marty May,REP,25
Kingsbury,De Smet,U.S. Representative,1,Dusty Johnson,REP,107
Kingsbury,Iroquois,U.S. Representative,1,Liz Marty May,REP,4
Kingsbury,Iroquois,U.S. Representative,1,Dusty Johnson,REP,13
Kingsbury,Lake Preston,U.S. Representative,1,Liz Marty May,REP,16
Kingsbury,Lake Preston,U.S. Representative,1,Dusty Johnson,REP,56
Kingsbury,Oldham,U.S. Representative,1,Liz Marty May,REP,7
Kingsbury,Oldham,U.S. Representative,1,Dusty Johnson,REP,17
Lake,Chester-Franklin,President,,Bernie Sanders,DEM,10
Lake,Chester-Franklin,President,,Joseph R. Biden,DEM,46
Lake,Concord-Badus- Wayne/Ramona,President,,Bernie Sanders,DEM,9
Lake,Concord-Badus- Wayne/Ramona,President,,Joseph R. Biden,DEM,29
Lake,Farmington-Leroy-Clarno- Orland,President,,Bernie Sanders,DEM,11
Lake,Farmington-Leroy-Clarno- Orland,President,,Joseph R. Biden,DEM,28
Lake,Herman-Winfred,President,,Bernie Sanders,DEM,14
Lake,Herman-Winfred,President,,Joseph R. Biden,DEM,56
Lake,Lakeview,President,,Bernie Sanders,DEM,11
Lake,Lakeview,President,,Joseph R. Biden,DEM,78
Lake,Nunda-Summit,President,,Bernie Sanders,DEM,8
Lake,Nunda-Summit,President,,Joseph R. Biden,DEM,14
Lake,Ward One,President,,Bernie Sanders,DEM,76
Lake,Ward One,President,,Joseph R. Biden,DEM,239
Lake,Ward Three,President,,Bernie Sanders,DEM,33
Lake,Ward Three,President,,Joseph R. Biden,DEM,122
Lake,Ward Two,President,,Bernie Sanders,DEM,34
Lake,Ward Two,President,,Joseph R. Biden,DEM,129
Lake,Wentworth-Rutland,President,,Bernie Sanders,DEM,11
Lake,Wentworth-Rutland,President,,Joseph R. Biden,DEM,65
Lake,Chester-Franklin,U.S. Senate,,Mike Rounds,REP,77
Lake,Chester-Franklin,U.S. Senate,,Scyller J. Borglum,REP,32
Lake,Concord-Badus- Wayne/Ramona,U.S. Senate,,Mike Rounds,REP,56
Lake,Concord-Badus- Wayne/Ramona,U.S. Senate,,Scyller J. Borglum,REP,11
Lake,Farmington-Leroy-Clarno- Orland,U.S. Senate,,Mike Rounds,REP,69
Lake,Farmington-Leroy-Clarno- Orland,U.S. Senate,,Scyller J. Borglum,REP,18
Lake,Herman-Winfred,U.S. Senate,,Mike Rounds,REP,91
Lake,Herman-Winfred,U.S. Senate,,Scyller J. Borglum,REP,32
Lake,Lakeview,U.S. Senate,,Mike Rounds,REP,127
Lake,Lakeview,U.S. Senate,,Scyller J. Borglum,REP,25
Lake,Nunda-Summit,U.S. Senate,,Mike Rounds,REP,55
Lake,Nunda-Summit,U.S. Senate,,Scyller J. Borglum,REP,13
Lake,Ward One,U.S. Senate,,Mike Rounds,REP,352
Lake,Ward One,U.S. Senate,,Scyller J. Borglum,REP,72
Lake,Ward Three,U.S. Senate,,Mike Rounds,REP,129
Lake,Ward Three,U.S. Senate,,Scyller J. Borglum,REP,34
Lake,Ward Two,U.S. Senate,,Mike Rounds,REP,144
Lake,Ward Two,U.S. Senate,,Scyller J. Borglum,REP,37
Lake,Wentworth-Rutland,U.S. Senate,,Mike Rounds,REP,111
Lake,Wentworth-Rutland,U.S. Senate,,Scyller J. Borglum,REP,37
Lake,Chester-Franklin,U.S. Representative,1,Liz Marty May,REP,16
Lake,Chester-Franklin,U.S. Representative,1,Dusty Johnson,REP,94
Lake,Concord-Badus- Wayne/Ramona,U.S. Representative,1,Liz Marty May,REP,11
Lake,Concord-Badus- Wayne/Ramona,U.S. Representative,1,Dusty Johnson,REP,56
Lake,Farmington-Leroy-Clarno- Orland,U.S. Representative,1,Liz Marty May,REP,20
Lake,Farmington-Leroy-Clarno- Orland,U.S. Representative,1,Dusty Johnson,REP,67
Lake,Herman-Winfred,U.S. Representative,1,Liz Marty May,REP,21
Lake,Herman-Winfred,U.S. Representative,1,Dusty Johnson,REP,100
Lake,Lakeview,U.S. Representative,1,Liz Marty May,REP,17
Lake,Lakeview,U.S. Representative,1,Dusty Johnson,REP,135
Lake,Nunda-Summit,U.S. Representative,1,Liz Marty May,REP,7
Lake,Nunda-Summit,U.S. Representative,1,Dusty Johnson,REP,61
Lake,Ward One,U.S. Representative,1,Liz Marty May,REP,58
Lake,Ward One,U.S. Representative,1,Dusty Johnson,REP,370
Lake,Ward Three,U.S. Representative,1,Liz Marty May,REP,38
Lake,Ward Three,U.S. Representative,1,Dusty Johnson,REP,125
Lake,Ward Two,U.S. Representative,1,Liz Marty May,REP,33
Lake,Ward Two,U.S. Representative,1,Dusty Johnson,REP,144
Lake,Wentworth-Rutland,U.S. Representative,1,Liz Marty May,REP,19
Lake,Wentworth-Rutland,U.S. Representative,1,Dusty Johnson,REP,130
Lake,Chester-Franklin,County Commissioner At Large,,Adam Leighton,REP,63
Lake,Chester-Franklin,County Commissioner At Large,,Phillip J Wohlers,REP,13
Lake,Chester-Franklin,County Commissioner At Large,,Roger Hageman,REP,29
Lake,Chester-Franklin,County Commissioner At Large,,Deb Reinicke,REP,77
Lake,Chester-Franklin,County Commissioner At Large,,Dennis Slaughter,REP,57
Lake,Concord-Badus- Wayne/Ramona,County Commissioner At Large,,Adam Leighton,REP,41
Lake,Concord-Badus- Wayne/Ramona,County Commissioner At Large,,Phillip J Wohlers,REP,9
Lake,Concord-Badus- Wayne/Ramona,County Commissioner At Large,,Roger Hageman,REP,56
Lake,Concord-Badus- Wayne/Ramona,County Commissioner At Large,,Deb Reinicke,REP,41
Lake,Concord-Badus- Wayne/Ramona,County Commissioner At Large,,Dennis Slaughter,REP,33
Lake,Farmington-Leroy-Clarno- Orland,County Commissioner At Large,,Adam Leighton,REP,57
Lake,Farmington-Leroy-Clarno- Orland,County Commissioner At Large,,Phillip J Wohlers,REP,18
Lake,Farmington-Leroy-Clarno- Orland,County Commissioner At Large,,Roger Hageman,REP,45
Lake,Farmington-Leroy-Clarno- Orland,County Commissioner At Large,,Deb Reinicke,REP,52
Lake,Farmington-Leroy-Clarno- Orland,County Commissioner At Large,,Dennis Slaughter,REP,66
Lake,Herman-Winfred,County Commissioner At Large,,Adam Leighton,REP,76
Lake,Herman-Winfred,County Commissioner At Large,,Phillip J Wohlers,REP,48
Lake,Herman-Winfred,County Commissioner At Large,,Roger Hageman,REP,49
Lake,Herman-Winfred,County Commissioner At Large,,Deb Reinicke,REP,72
Lake,Herman-Winfred,County Commissioner At Large,,Dennis Slaughter,REP,75
Lake,Lakeview,County Commissioner At Large,,Adam Leighton,REP,84
Lake,Lakeview,County Commissioner At Large,,Phillip J Wohlers,REP,28
Lake,Lakeview,County Commissioner At Large,,Roger Hageman,REP,72
Lake,Lakeview,County Commissioner At Large,,Deb Reinicke,REP,102
Lake,Lakeview,County Commissioner At Large,,Dennis Slaughter,REP,96
Lake,Nunda-Summit,County Commissioner At Large,,Adam Leighton,REP,54
Lake,Nunda-Summit,County Commissioner At Large,,Phillip J Wohlers,REP,4
Lake,Nunda-Summit,County Commissioner At Large,,Roger Hageman,REP,39
Lake,Nunda-Summit,County Commissioner At Large,,Deb Reinicke,REP,31
Lake,Nunda-Summit,County Commissioner At Large,,Dennis Slaughter,REP,31
Lake,Ward One,County Commissioner At Large,,Adam Leighton,REP,254
Lake,Ward One,County Commissioner At Large,,Phillip J Wohlers,REP,92
Lake,Ward One,County Commissioner At Large,,Roger Hageman,REP,177
Lake,Ward One,County Commissioner At Large,,Deb Reinicke,REP,291
Lake,Ward One,County Commissioner At Large,,Dennis Slaughter,REP,276
Lake,Ward Three,County Commissioner At Large,,Adam Leighton,REP,94
Lake,Ward Three,County Commissioner At Large,,Phillip J Wohlers,REP,37
Lake,Ward Three,County Commissioner At Large,,Roger Hageman,REP,76
Lake,Ward Three,County Commissioner At Large,,Deb Reinicke,REP,105
Lake,Ward Three,County Commissioner At Large,,Dennis Slaughter,REP,106
Lake,Ward Two,County Commissioner At Large,,Adam Leighton,REP,103
Lake,Ward Two,County Commissioner At Large,,Phillip J Wohlers,REP,35
Lake,Ward Two,County Commissioner At Large,,Roger Hageman,REP,77
Lake,Ward Two,County Commissioner At Large,,Deb Reinicke,REP,114
Lake,Ward Two,County Commissioner At Large,,Dennis Slaughter,REP,117
Lake,Wentworth-Rutland,County Commissioner At Large,,Adam Leighton,REP,102
Lake,Wentworth-Rutland,County Commissioner At Large,,Phillip J Wohlers,REP,30
Lake,Wentworth-Rutland,County Commissioner At Large,,Roger Hageman,REP,49
Lake,Wentworth-Rutland,County Commissioner At Large,,Deb Reinicke,REP,85
Lake,Wentworth-Rutland,County Commissioner At Large,,Dennis Slaughter,REP,63
Lawrence,Absentee,President,,Bernie Sanders,DEM,264
Lawrence,Absentee,President,,Joseph R. Biden,DEM,1095
Lawrence,"07 (04, 05, 06)",President,,Bernie Sanders,DEM,44
Lawrence,"07 (04, 05, 06)",President,,Joseph R. Biden,DEM,67
Lawrence,"10 (01, 02, 03, 08, 09)",President,,Bernie Sanders,DEM,107
Lawrence,"10 (01, 02, 03, 08, 09)",President,,Joseph R. Biden,DEM,143
Lawrence,Absentee,U.S. Senate,,Mike Rounds,REP,1666
Lawrence,Absentee,U.S. Senate,,Scyller J. Borglum,REP,481
Lawrence,"07 (04, 05, 06)",U.S. Senate,,Mike Rounds,REP,291
Lawrence,"07 (04, 05, 06)",U.S. Senate,,Scyller J. Borglum,REP,91
Lawrence,"10 (01, 02, 03, 08, 09)",U.S. Senate,,Mike Rounds,REP,826
Lawrence,"10 (01, 02, 03, 08, 09)",U.S. Senate,,Scyller J. Borglum,REP,299
Lawrence,Absentee,U.S. Representative,1,Liz Marty May,REP,421
Lawrence,Absentee,U.S. Representative,1,Dusty Johnson,REP,1733
Lawrence,"07 (04, 05, 06)",U.S. Representative,1,Liz Marty May,REP,117
Lawrence,"07 (04, 05, 06)",U.S. Representative,1,Dusty Johnson,REP,261
Lawrence,"10 (01, 02, 03, 08, 09)",U.S. Representative,1,Liz Marty May,REP,385
Lawrence,"10 (01, 02, 03, 08, 09)",U.S. Representative,1,Dusty Johnson,REP,738
Lawrence,Absentee,State Senate,31,John E Teupel,REP,773
Lawrence,Absentee,State Senate,31,Timothy R Johns,REP,1250
Lawrence,"07 (04, 05, 06)",State Senate,31,John E Teupel,REP,140
Lawrence,"07 (04, 05, 06)",State Senate,31,Timothy R Johns,REP,229
Lawrence,"10 (01, 02, 03, 08, 09)",State Senate,31,John E Teupel,REP,510
Lawrence,"10 (01, 02, 03, 08, 09)",State Senate,31,Timothy R Johns,REP,541
Lawrence,Absentee,State Representative,31,Dayle D Hammock,REP,530
Lawrence,Absentee,State Representative,31,Brandon D Flanagan,REP,731
Lawrence,Absentee,State Representative,31,Scott Odenbach,REP,1067
Lawrence,Absentee,State Representative,31,Mary Fitzgerald,REP,834
Lawrence,Absentee,State Representative,31,Julie Ann Olson,REP,489
Lawrence,"07 (04, 05, 06)",State Representative,31,Dayle D Hammock,REP,104
Lawrence,"07 (04, 05, 06)",State Representative,31,Brandon D Flanagan,REP,131
Lawrence,"07 (04, 05, 06)",State Representative,31,Scott Odenbach,REP,166
Lawrence,"07 (04, 05, 06)",State Representative,31,Mary Fitzgerald,REP,116
Lawrence,"07 (04, 05, 06)",State Representative,31,Julie Ann Olson,REP,106
Lawrence,"10 (01, 02, 03, 08, 09)",State Representative,31,Dayle D Hammock,REP,301
Lawrence,"10 (01, 02, 03, 08, 09)",State Representative,31,Brandon D Flanagan,REP,364
Lawrence,"10 (01, 02, 03, 08, 09)",State Representative,31,Scott Odenbach,REP,638
Lawrence,"10 (01, 02, 03, 08, 09)",State Representative,31,Mary Fitzgerald,REP,412
Lawrence,"10 (01, 02, 03, 08, 09)",State Representative,31,Julie Ann Olson,REP,210
Lawrence,Absentee,County Commissioner At Large,,Bob Ewing,REP,1431
Lawrence,Absentee,County Commissioner At Large,,Oz Enderby,REP,778
Lawrence,Absentee,County Commissioner At Large,,Randy Deibert,REP,1151
Lawrence,"07 (04, 05, 06)",County Commissioner At Large,,Bob Ewing,REP,197
Lawrence,"07 (04, 05, 06)",County Commissioner At Large,,Oz Enderby,REP,233
Lawrence,"07 (04, 05, 06)",County Commissioner At Large,,Randy Deibert,REP,131
Lawrence,"10 (01, 02, 03, 08, 09)",County Commissioner At Large,,Bob Ewing,REP,858
Lawrence,"10 (01, 02, 03, 08, 09)",County Commissioner At Large,,Oz Enderby,REP,282
Lawrence,"10 (01, 02, 03, 08, 09)",County Commissioner At Large,,Randy Deibert,REP,633
Lawrence,Absentee,Precinct Committeeman Precinct-03,,Tom Nelson,REP,235
Lawrence,Absentee,Precinct Committeeman Precinct-03,,Samuel R. Kephart,REP,93
Lawrence,"10 (01, 02, 03, 08, 09)",Precinct Committeeman Precinct-03,,Tom Nelson,REP,148
Lawrence,"10 (01, 02, 03, 08, 09)",Precinct Committeeman Precinct-03,,Samuel R. Kephart,REP,58
Lyman,1,President,,Bernie Sanders,DEM,1
Lyman,1,President,,Joseph R. Biden,DEM,4
Lyman,4,President,,Bernie Sanders,DEM,19
Lyman,4,President,,Joseph R. Biden,DEM,26
Lyman,6,President,,Bernie Sanders,DEM,5
Lyman,6,President,,Joseph R. Biden,DEM,11
Lyman,7,President,,Bernie Sanders,DEM,28
Lyman,7,President,,Joseph R. Biden,DEM,43
Lyman,9,President,,Bernie Sanders,DEM,4
Lyman,9,President,,Joseph R. Biden,DEM,12
Lyman,12,President,,Bernie Sanders,DEM,11
Lyman,12,President,,Joseph R. Biden,DEM,14
Lyman,13,President,,Bernie Sanders,DEM,5
Lyman,13,President,,Joseph R. Biden,DEM,3
Lyman,1,U.S. Senate,,Mike Rounds,REP,5
Lyman,1,U.S. Senate,,Scyller J. Borglum,REP,17
Lyman,4,U.S. Senate,,Mike Rounds,REP,88
Lyman,4,U.S. Senate,,Scyller J. Borglum,REP,30
Lyman,6,U.S. Senate,,Mike Rounds,REP,58
Lyman,6,U.S. Senate,,Scyller J. Borglum,REP,11
Lyman,7,U.S. Senate,,Mike Rounds,REP,3
Lyman,7,U.S. Senate,,Scyller J. Borglum,REP,2
Lyman,9,U.S. Senate,,Mike Rounds,REP,98
Lyman,9,U.S. Senate,,Scyller J. Borglum,REP,33
Lyman,12,U.S. Senate,,Mike Rounds,REP,133
Lyman,12,U.S. Senate,,Scyller J. Borglum,REP,38
Lyman,13,U.S. Senate,,Mike Rounds,REP,46
Lyman,13,U.S. Senate,,Scyller J. Borglum,REP,13
Lyman,1,U.S. Representative,1,Liz Marty May,REP,16
Lyman,1,U.S. Representative,1,Dusty Johnson,REP,6
Lyman,4,U.S. Representative,1,Liz Marty May,REP,19
Lyman,4,U.S. Representative,1,Dusty Johnson,REP,99
Lyman,6,U.S. Representative,1,Liz Marty May,REP,6
Lyman,6,U.S. Representative,1,Dusty Johnson,REP,62
Lyman,7,U.S. Representative,1,Liz Marty May,REP,2
Lyman,7,U.S. Representative,1,Dusty Johnson,REP,3
Lyman,9,U.S. Representative,1,Liz Marty May,REP,35
Lyman,9,U.S. Representative,1,Dusty Johnson,REP,93
Lyman,12,U.S. Representative,1,Liz Marty May,REP,48
Lyman,12,U.S. Representative,1,Dusty Johnson,REP,122
Lyman,13,U.S. Representative,1,Liz Marty May,REP,19
Lyman,13,U.S. Representative,1,Dusty Johnson,REP,40
Lyman,1,County Commissioner At Large,,Bill Lengkeek,REP,14
Lyman,1,County Commissioner At Large,,Brian Kraus,REP,8
Lyman,1,County Commissioner At Large,,Leslie Reuer,REP,9
Lyman,4,County Commissioner At Large,,Bill Lengkeek,REP,45
Lyman,4,County Commissioner At Large,,Brian Kraus,REP,67
Lyman,4,County Commissioner At Large,,Leslie Reuer,REP,96
Lyman,6,County Commissioner At Large,,Bill Lengkeek,REP,21
Lyman,6,County Commissioner At Large,,Brian Kraus,REP,37
Lyman,6,County Commissioner At Large,,Leslie Reuer,REP,49
Lyman,7,County Commissioner At Large,,Bill Lengkeek,REP,1
Lyman,7,County Commissioner At Large,,Brian Kraus,REP,4
Lyman,7,County Commissioner At Large,,Leslie Reuer,REP,4
Lyman,9,County Commissioner At Large,,Bill Lengkeek,REP,61
Lyman,9,County Commissioner At Large,,Brian Kraus,REP,65
Lyman,9,County Commissioner At Large,,Leslie Reuer,REP,90
Lyman,12,County Commissioner At Large,,Bill Lengkeek,REP,86
Lyman,12,County Commissioner At Large,,Brian Kraus,REP,101
Lyman,12,County Commissioner At Large,,Leslie Reuer,REP,98
Lyman,13,County Commissioner At Large,,Bill Lengkeek,REP,25
Lyman,13,County Commissioner At Large,,Brian Kraus,REP,40
Lyman,13,County Commissioner At Large,,Leslie Reuer,REP,30
Marshall,A1,President,,Bernie Sanders,DEM,5
Marshall,A1,President,,Joseph R. Biden,DEM,60
Marshall,A2,President,,Bernie Sanders,DEM,9
Marshall,A2,President,,Joseph R. Biden,DEM,40
Marshall,A3,President,,Bernie Sanders,DEM,14
Marshall,A3,President,,Joseph R. Biden,DEM,53
Marshall,A4,President,,Bernie Sanders,DEM,9
Marshall,A4,President,,Joseph R. Biden,DEM,75
Marshall,A5,President,,Bernie Sanders,DEM,13
Marshall,A5,President,,Joseph R. Biden,DEM,26
Marshall,A6,President,,Bernie Sanders,DEM,11
Marshall,A6,President,,Joseph R. Biden,DEM,67
Marshall,A7,President,,Bernie Sanders,DEM,11
Marshall,A7,President,,Joseph R. Biden,DEM,30
Marshall,A8,President,,Bernie Sanders,DEM,10
Marshall,A8,President,,Joseph R. Biden,DEM,47
Marshall,A9,President,,Bernie Sanders,DEM,7
Marshall,A9,President,,Joseph R. Biden,DEM,49
Marshall,A1,U.S. Senate,,Mike Rounds,REP,44
Marshall,A1,U.S. Senate,,Scyller J. Borglum,REP,11
Marshall,A2,U.S. Senate,,Mike Rounds,REP,32
Marshall,A2,U.S. Senate,,Scyller J. Borglum,REP,3
Marshall,A3,U.S. Senate,,Mike Rounds,REP,54
Marshall,A3,U.S. Senate,,Scyller J. Borglum,REP,9
Marshall,A4,U.S. Senate,,Mike Rounds,REP,49
Marshall,A4,U.S. Senate,,Scyller J. Borglum,REP,18
Marshall,A5,U.S. Senate,,Mike Rounds,REP,27
Marshall,A5,U.S. Senate,,Scyller J. Borglum,REP,13
Marshall,A6,U.S. Senate,,Mike Rounds,REP,64
Marshall,A6,U.S. Senate,,Scyller J. Borglum,REP,18
Marshall,A7,U.S. Senate,,Mike Rounds,REP,40
Marshall,A7,U.S. Senate,,Scyller J. Borglum,REP,14
Marshall,A8,U.S. Senate,,Mike Rounds,REP,29
Marshall,A8,U.S. Senate,,Scyller J. Borglum,REP,15
Marshall,A9,U.S. Senate,,Mike Rounds,REP,42
Marshall,A9,U.S. Senate,,Scyller J. Borglum,REP,6
Marshall,A1,U.S. Representative,1,Liz Marty May,REP,11
Marshall,A1,U.S. Representative,1,Dusty Johnson,REP,42
Marshall,A2,U.S. Representative,1,Liz Marty May,REP,5
Marshall,A2,U.S. Representative,1,Dusty Johnson,REP,29
Marshall,A3,U.S. Representative,1,Liz Marty May,REP,5
Marshall,A3,U.S. Representative,1,Dusty Johnson,REP,58
Marshall,A4,U.S. Representative,1,Liz Marty May,REP,14
Marshall,A4,U.S. Representative,1,Dusty Johnson,REP,53
Marshall,A5,U.S. Representative,1,Liz Marty May,REP,8
Marshall,A5,U.S. Representative,1,Dusty Johnson,REP,32
Marshall,A6,U.S. Representative,1,Liz Marty May,REP,17
Marshall,A6,U.S. Representative,1,Dusty Johnson,REP,66
Marshall,A7,U.S. Representative,1,Liz Marty May,REP,15
Marshall,A7,U.S. Representative,1,Dusty Johnson,REP,38
Marshall,A8,U.S. Representative,1,Liz Marty May,REP,8
Marshall,A8,U.S. Representative,1,Dusty Johnson,REP,35
Marshall,A9,U.S. Representative,1,Liz Marty May,REP,9
Marshall,A9,U.S. Representative,1,Dusty Johnson,REP,39
Marshall,A1,Bond Issue : Courthouse Bond Issue,,Yes,,51
Marshall,A1,Bond Issue : Courthouse Bond Issue,,No,,86
Marshall,A2,Bond Issue : Courthouse Bond Issue,,Yes,,43
Marshall,A2,Bond Issue : Courthouse Bond Issue,,No,,52
Marshall,A3,Bond Issue : Courthouse Bond Issue,,Yes,,58
Marshall,A3,Bond Issue : Courthouse Bond Issue,,No,,92
Marshall,A4,Bond Issue : Courthouse Bond Issue,,Yes,,54
Marshall,A4,Bond Issue : Courthouse Bond Issue,,No,,120
Marshall,A5,Bond Issue : Courthouse Bond Issue,,Yes,,35
Marshall,A5,Bond Issue : Courthouse Bond Issue,,No,,51
Marshall,A6,Bond Issue : Courthouse Bond Issue,,Yes,,57
Marshall,A6,Bond Issue : Courthouse Bond Issue,,No,,119
Marshall,A7,Bond Issue : Courthouse Bond Issue,,Yes,,48
Marshall,A7,Bond Issue : Courthouse Bond Issue,,No,,67
Marshall,A8,Bond Issue : Courthouse Bond Issue,,Yes,,31
Marshall,A8,Bond Issue : Courthouse Bond Issue,,No,,94
Marshall,A9,Bond Issue : Courthouse Bond Issue,,Yes,,35
Marshall,A9,Bond Issue : Courthouse Bond Issue,,No,,84
McCook,1,President,,Bernie Sanders,DEM,7
McCook,1,President,,Joseph R. Biden,DEM,40
McCook,2,President,,Bernie Sanders,DEM,2
McCook,2,President,,Joseph R. Biden,DEM,14
McCook,3,President,,Bernie Sanders,DEM,5
McCook,3,President,,Joseph R. Biden,DEM,28
McCook,4,President,,Bernie Sanders,DEM,7
McCook,4,President,,Joseph R. Biden,DEM,8
McCook,5,President,,Bernie Sanders,DEM,17
McCook,5,President,,Joseph R. Biden,DEM,70
McCook,6,President,,Bernie Sanders,DEM,5
McCook,6,President,,Joseph R. Biden,DEM,17
McCook,1,U.S. Senate,,Mike Rounds,REP,58
McCook,1,U.S. Senate,,Scyller J. Borglum,REP,19
McCook,2,U.S. Senate,,Mike Rounds,REP,30
McCook,2,U.S. Senate,,Scyller J. Borglum,REP,10
McCook,3,U.S. Senate,,Mike Rounds,REP,57
McCook,3,U.S. Senate,,Scyller J. Borglum,REP,23
McCook,4,U.S. Senate,,Mike Rounds,REP,74
McCook,4,U.S. Senate,,Scyller J. Borglum,REP,20
McCook,5,U.S. Senate,,Mike Rounds,REP,124
McCook,5,U.S. Senate,,Scyller J. Borglum,REP,47
McCook,6,U.S. Senate,,Mike Rounds,REP,81
McCook,6,U.S. Senate,,Scyller J. Borglum,REP,16
McCook,1,U.S. Representative,1,Liz Marty May,REP,14
McCook,1,U.S. Representative,1,Dusty Johnson,REP,64
McCook,2,U.S. Representative,1,Liz Marty May,REP,4
McCook,2,U.S. Representative,1,Dusty Johnson,REP,36
McCook,3,U.S. Representative,1,Liz Marty May,REP,18
McCook,3,U.S. Representative,1,Dusty Johnson,REP,62
McCook,4,U.S. Representative,1,Liz Marty May,REP,19
McCook,4,U.S. Representative,1,Dusty Johnson,REP,74
McCook,5,U.S. Representative,1,Liz Marty May,REP,33
McCook,5,U.S. Representative,1,Dusty Johnson,REP,139
McCook,6,U.S. Representative,1,Liz Marty May,REP,7
McCook,6,U.S. Representative,1,Dusty Johnson,REP,90
McCook,1,State Representative,19,Marty Overweg,REP,30
McCook,1,State Representative,19,Kent Peterson,REP,50
McCook,1,State Representative,19,Jessica Bahmuller,REP,39
McCook,2,State Representative,19,Marty Overweg,REP,9
McCook,2,State Representative,19,Kent Peterson,REP,29
McCook,2,State Representative,19,Jessica Bahmuller,REP,29
McCook,3,State Representative,19,Marty Overweg,REP,49
McCook,3,State Representative,19,Kent Peterson,REP,44
McCook,3,State Representative,19,Jessica Bahmuller,REP,40
McCook,4,State Representative,19,Marty Overweg,REP,43
McCook,4,State Representative,19,Kent Peterson,REP,56
McCook,4,State Representative,19,Jessica Bahmuller,REP,54
McCook,5,State Representative,19,Marty Overweg,REP,71
McCook,5,State Representative,19,Kent Peterson,REP,132
McCook,5,State Representative,19,Jessica Bahmuller,REP,74
McCook,6,State Representative,19,Marty Overweg,REP,39
McCook,6,State Representative,19,Kent Peterson,REP,76
McCook,6,State Representative,19,Jessica Bahmuller,REP,53
McPherson,1,President,,Bernie Sanders,DEM,5
McPherson,1,President,,Joseph R. Biden,DEM,18
McPherson,2,President,,Bernie Sanders,DEM,7
McPherson,2,President,,Joseph R. Biden,DEM,20
McPherson,3,President,,Bernie Sanders,DEM,0
McPherson,3,President,,Joseph R. Biden,DEM,2
McPherson,4,President,,Bernie Sanders,DEM,5
McPherson,4,President,,Joseph R. Biden,DEM,10
McPherson,5,President,,Bernie Sanders,DEM,5
McPherson,5,President,,Joseph R. Biden,DEM,11
McPherson,6,President,,Bernie Sanders,DEM,6
McPherson,6,President,,Joseph R. Biden,DEM,17
McPherson,1,U.S. Senate,,Mike Rounds,REP,118
McPherson,1,U.S. Senate,,Scyller J. Borglum,REP,10
McPherson,2,U.S. Senate,,Mike Rounds,REP,129
McPherson,2,U.S. Senate,,Scyller J. Borglum,REP,16
McPherson,3,U.S. Senate,,Mike Rounds,REP,17
McPherson,3,U.S. Senate,,Scyller J. Borglum,REP,8
McPherson,4,U.S. Senate,,Mike Rounds,REP,108
McPherson,4,U.S. Senate,,Scyller J. Borglum,REP,29
McPherson,5,U.S. Senate,,Mike Rounds,REP,103
McPherson,5,U.S. Senate,,Scyller J. Borglum,REP,13
McPherson,6,U.S. Senate,,Mike Rounds,REP,76
McPherson,6,U.S. Senate,,Scyller J. Borglum,REP,13
McPherson,1,U.S. Representative,1,Liz Marty May,REP,8
McPherson,1,U.S. Representative,1,Dusty Johnson,REP,120
McPherson,2,U.S. Representative,1,Liz Marty May,REP,10
McPherson,2,U.S. Representative,1,Dusty Johnson,REP,135
McPherson,3,U.S. Representative,1,Liz Marty May,REP,10
McPherson,3,U.S. Representative,1,Dusty Johnson,REP,18
McPherson,4,U.S. Representative,1,Liz Marty May,REP,29
McPherson,4,U.S. Representative,1,Dusty Johnson,REP,108
McPherson,5,U.S. Representative,1,Liz Marty May,REP,22
McPherson,5,U.S. Representative,1,Dusty Johnson,REP,93
McPherson,6,U.S. Representative,1,Liz Marty May,REP,15
McPherson,6,U.S. Representative,1,Dusty Johnson,REP,75
McPherson,1,State Senate,23,Bryan J Breitling,REP,98
McPherson,1,State Senate,23,Larry Nielson,REP,27
McPherson,2,State Senate,23,Bryan J Breitling,REP,103
McPherson,2,State Senate,23,Larry Nielson,REP,30
McPherson,3,State Senate,23,Bryan J Breitling,REP,10
McPherson,3,State Senate,23,Larry Nielson,REP,13
McPherson,4,State Senate,23,Bryan J Breitling,REP,64
McPherson,4,State Senate,23,Larry Nielson,REP,54
McPherson,5,State Senate,23,Bryan J Breitling,REP,70
McPherson,5,State Senate,23,Larry Nielson,REP,34
McPherson,6,State Senate,23,Bryan J Breitling,REP,55
McPherson,6,State Senate,23,Larry Nielson,REP,31
McPherson,1,State Representative,23,Kevin E Watts,REP,7
McPherson,1,State Representative,23,Spencer Gosch,REP,109
McPherson,1,State Representative,23,Charlie Hoffman,REP,114
McPherson,1,State Representative,23,James D Wangsness,REP,13
McPherson,2,State Representative,23,Kevin E Watts,REP,8
McPherson,2,State Representative,23,Spencer Gosch,REP,118
McPherson,2,State Representative,23,Charlie Hoffman,REP,129
McPherson,2,State Representative,23,James D Wangsness,REP,13
McPherson,3,State Representative,23,Kevin E Watts,REP,0
McPherson,3,State Representative,23,Spencer Gosch,REP,17
McPherson,3,State Representative,23,Charlie Hoffman,REP,26
McPherson,3,State Representative,23,James D Wangsness,REP,4
McPherson,4,State Representative,23,Kevin E Watts,REP,18
McPherson,4,State Representative,23,Spencer Gosch,REP,95
McPherson,4,State Representative,23,Charlie Hoffman,REP,104
McPherson,4,State Representative,23,James D Wangsness,REP,30
McPherson,5,State Representative,23,Kevin E Watts,REP,13
McPherson,5,State Representative,23,Spencer Gosch,REP,95
McPherson,5,State Representative,23,Charlie Hoffman,REP,97
McPherson,5,State Representative,23,James D Wangsness,REP,19
McPherson,6,State Representative,23,Kevin E Watts,REP,2
McPherson,6,State Representative,23,Spencer Gosch,REP,72
McPherson,6,State Representative,23,Charlie Hoffman,REP,80
McPherson,6,State Representative,23,James D Wangsness,REP,9
McPherson,2,County Commissioner McPherson-2,,Rick Beilke,REP,52
McPherson,2,County Commissioner McPherson-2,,Derek Merkel,REP,45
Meade,ALKALI #6A,President,,Bernie Sanders,DEM,3
Meade,ALKALI #6A,President,,Joseph R. Biden,DEM,9
Meade,BASE #23,President,,Bernie Sanders,DEM,9
Meade,BASE #23,President,,Joseph R. Biden,DEM,13
Meade,BEAR BUTTE #9,President,,Bernie Sanders,DEM,1
Meade,BEAR BUTTE #9,President,,Joseph R. Biden,DEM,11
Meade,BLACK HAWK #14,President,,Bernie Sanders,DEM,13
Meade,BLACK HAWK #14,President,,Joseph R. Biden,DEM,44
Meade,CENTRAL BLACK HAWK #19,President,,Bernie Sanders,DEM,15
Meade,CENTRAL BLACK HAWK #19,President,,Joseph R. Biden,DEM,57
Meade,CENTRAL STURGIS #3,President,,Bernie Sanders,DEM,11
Meade,CENTRAL STURGIS #3,President,,Joseph R. Biden,DEM,26
Meade,CHALK BUTTE #27,President,,Bernie Sanders,DEM,1
Meade,CHALK BUTTE #27,President,,Joseph R. Biden,DEM,6
Meade,EAST PIEDMONT #12,President,,Bernie Sanders,DEM,13
Meade,EAST PIEDMONT #12,President,,Joseph R. Biden,DEM,42
Meade,EAST STURGIS #1,President,,Bernie Sanders,DEM,4
Meade,EAST STURGIS #1,President,,Joseph R. Biden,DEM,37
Meade,ELK VALE #21,President,,Bernie Sanders,DEM,8
Meade,ELK VALE #21,President,,Joseph R. Biden,DEM,29
Meade,ELM SPRINGS #18,President,,Bernie Sanders,DEM,0
Meade,ELM SPRINGS #18,President,,Joseph R. Biden,DEM,4
Meade,FAIRPOINT #29,President,,Bernie Sanders,DEM,0
Meade,FAIRPOINT #29,President,,Joseph R. Biden,DEM,3
Meade,FAITH #31,President,,Bernie Sanders,DEM,0
Meade,FAITH #31,President,,Joseph R. Biden,DEM,10
Meade,HARMONY #8,President,,Bernie Sanders,DEM,3
Meade,HARMONY #8,President,,Joseph R. Biden,DEM,33
Meade,HEREFORD #20,President,,Bernie Sanders,DEM,0
Meade,HEREFORD #20,President,,Joseph R. Biden,DEM,3
Meade,MARCUS #41,President,,Bernie Sanders,DEM,0
Meade,MARCUS #41,President,,Joseph R. Biden,DEM,0
Meade,NORTHEAST STURGIS #1A,President,,Bernie Sanders,DEM,2
Meade,NORTHEAST STURGIS #1A,President,,Joseph R. Biden,DEM,15
Meade,NORTHWEST STURGIS #5,President,,Bernie Sanders,DEM,12
Meade,NORTHWEST STURGIS #5,President,,Joseph R. Biden,DEM,36
Meade,PIEDMONT #11,President,,Bernie Sanders,DEM,12
Meade,PIEDMONT #11,President,,Joseph R. Biden,DEM,70
Meade,PINE #33,President,,Bernie Sanders,DEM,0
Meade,PINE #33,President,,Joseph R. Biden,DEM,0
Meade,RED OWL #30,President,,Bernie Sanders,DEM,1
Meade,RED OWL #30,President,,Joseph R. Biden,DEM,1
Meade,RURAL BLACK HAWK #15,President,,Bernie Sanders,DEM,10
Meade,RURAL BLACK HAWK #15,President,,Joseph R. Biden,DEM,21
Meade,RURAL STURGIS #7,President,,Bernie Sanders,DEM,2
Meade,RURAL STURGIS #7,President,,Joseph R. Biden,DEM,30
Meade,SOUTH STURGIS #2A,President,,Bernie Sanders,DEM,1
Meade,SOUTH STURGIS #2A,President,,Joseph R. Biden,DEM,46
Meade,SOUTHEAST PIEDMONT #13,President,,Bernie Sanders,DEM,15
Meade,SOUTHEAST PIEDMONT #13,President,,Joseph R. Biden,DEM,71
Meade,SOUTHEAST STURGIS #2,President,,Bernie Sanders,DEM,5
Meade,SOUTHEAST STURGIS #2,President,,Joseph R. Biden,DEM,44
Meade,SOUTHWEST STURGIS #4A,President,,Bernie Sanders,DEM,7
Meade,SOUTHWEST STURGIS #4A,President,,Joseph R. Biden,DEM,29
Meade,STURGIS #5A,President,,Bernie Sanders,DEM,2
Meade,STURGIS #5A,President,,Joseph R. Biden,DEM,20
Meade,SULPHUR #35,President,,Bernie Sanders,DEM,0
Meade,SULPHUR #35,President,,Joseph R. Biden,DEM,1
Meade,SUMMERSET #10,President,,Bernie Sanders,DEM,22
Meade,SUMMERSET #10,President,,Joseph R. Biden,DEM,92
Meade,TILFORD #6,President,,Bernie Sanders,DEM,9
Meade,TILFORD #6,President,,Joseph R. Biden,DEM,39
Meade,UNION #40,President,,Bernie Sanders,DEM,0
Meade,UNION #40,President,,Joseph R. Biden,DEM,5
Meade,VIEWFIELD #17,President,,Bernie Sanders,DEM,2
Meade,VIEWFIELD #17,President,,Joseph R. Biden,DEM,3
Meade,WEST BLACK HAWK #16,President,,Bernie Sanders,DEM,14
Meade,WEST BLACK HAWK #16,President,,Joseph R. Biden,DEM,45
Meade,WEST ELK VALE #24,President,,Bernie Sanders,DEM,4
Meade,WEST ELK VALE #24,President,,Joseph R. Biden,DEM,12
Meade,WEST STURGIS #4,President,,Bernie Sanders,DEM,6
Meade,WEST STURGIS #4,President,,Joseph R. Biden,DEM,8
Meade,WHITE OWL #25,President,,Bernie Sanders,DEM,1
Meade,WHITE OWL #25,President,,Joseph R. Biden,DEM,1
Meade,ALKALI #6A,U.S. Senate,,Mike Rounds,REP,41
Meade,ALKALI #6A,U.S. Senate,,Scyller J. Borglum,REP,16
Meade,BASE #23,U.S. Senate,,Mike Rounds,REP,25
Meade,BASE #23,U.S. Senate,,Scyller J. Borglum,REP,5
Meade,BEAR BUTTE #9,U.S. Senate,,Mike Rounds,REP,42
Meade,BEAR BUTTE #9,U.S. Senate,,Scyller J. Borglum,REP,27
Meade,BLACK HAWK #14,U.S. Senate,,Mike Rounds,REP,108
Meade,BLACK HAWK #14,U.S. Senate,,Scyller J. Borglum,REP,46
Meade,CENTRAL BLACK HAWK #19,U.S. Senate,,Mike Rounds,REP,126
Meade,CENTRAL BLACK HAWK #19,U.S. Senate,,Scyller J. Borglum,REP,38
Meade,CENTRAL STURGIS #3,U.S. Senate,,Mike Rounds,REP,63
Meade,CENTRAL STURGIS #3,U.S. Senate,,Scyller J. Borglum,REP,26
Meade,CHALK BUTTE #27,U.S. Senate,,Mike Rounds,REP,52
Meade,CHALK BUTTE #27,U.S. Senate,,Scyller J. Borglum,REP,23
Meade,EAST PIEDMONT #12,U.S. Senate,,Mike Rounds,REP,237
Meade,EAST PIEDMONT #12,U.S. Senate,,Scyller J. Borglum,REP,71
Meade,EAST STURGIS #1,U.S. Senate,,Mike Rounds,REP,29
Meade,EAST STURGIS #1,U.S. Senate,,Scyller J. Borglum,REP,9
Meade,ELK VALE #21,U.S. Senate,,Mike Rounds,REP,73
Meade,ELK VALE #21,U.S. Senate,,Scyller J. Borglum,REP,28
Meade,ELM SPRINGS #18,U.S. Senate,,Mike Rounds,REP,39
Meade,ELM SPRINGS #18,U.S. Senate,,Scyller J. Borglum,REP,33
Meade,FAIRPOINT #29,U.S. Senate,,Mike Rounds,REP,14
Meade,FAIRPOINT #29,U.S. Senate,,Scyller J. Borglum,REP,8
Meade,FAITH #31,U.S. Senate,,Mike Rounds,REP,39
Meade,FAITH #31,U.S. Senate,,Scyller J. Borglum,REP,68
Meade,HARMONY #8,U.S. Senate,,Mike Rounds,REP,84
Meade,HARMONY #8,U.S. Senate,,Scyller J. Borglum,REP,47
Meade,HEREFORD #20,U.S. Senate,,Mike Rounds,REP,10
Meade,HEREFORD #20,U.S. Senate,,Scyller J. Borglum,REP,16
Meade,MARCUS #41,U.S. Senate,,Mike Rounds,REP,10
Meade,MARCUS #41,U.S. Senate,,Scyller J. Borglum,REP,25
Meade,NORTHEAST STURGIS #1A,U.S. Senate,,Mike Rounds,REP,28
Meade,NORTHEAST STURGIS #1A,U.S. Senate,,Scyller J. Borglum,REP,11
Meade,NORTHWEST STURGIS #5,U.S. Senate,,Mike Rounds,REP,103
Meade,NORTHWEST STURGIS #5,U.S. Senate,,Scyller J. Borglum,REP,36
Meade,PIEDMONT #11,U.S. Senate,,Mike Rounds,REP,214
Meade,PIEDMONT #11,U.S. Senate,,Scyller J. Borglum,REP,60
Meade,PINE #33,U.S. Senate,,Mike Rounds,REP,18
Meade,PINE #33,U.S. Senate,,Scyller J. Borglum,REP,43
Meade,RED OWL #30,U.S. Senate,,Mike Rounds,REP,35
Meade,RED OWL #30,U.S. Senate,,Scyller J. Borglum,REP,19
Meade,RURAL BLACK HAWK #15,U.S. Senate,,Mike Rounds,REP,78
Meade,RURAL BLACK HAWK #15,U.S. Senate,,Scyller J. Borglum,REP,39
Meade,RURAL STURGIS #7,U.S. Senate,,Mike Rounds,REP,114
Meade,RURAL STURGIS #7,U.S. Senate,,Scyller J. Borglum,REP,31
Meade,SOUTH STURGIS #2A,U.S. Senate,,Mike Rounds,REP,86
Meade,SOUTH STURGIS #2A,U.S. Senate,,Scyller J. Borglum,REP,25
Meade,SOUTHEAST PIEDMONT #13,U.S. Senate,,Mike Rounds,REP,220
Meade,SOUTHEAST PIEDMONT #13,U.S. Senate,,Scyller J. Borglum,REP,78
Meade,SOUTHEAST STURGIS #2,U.S. Senate,,Mike Rounds,REP,185
Meade,SOUTHEAST STURGIS #2,U.S. Senate,,Scyller J. Borglum,REP,68
Meade,SOUTHWEST STURGIS #4A,U.S. Senate,,Mike Rounds,REP,64
Meade,SOUTHWEST STURGIS #4A,U.S. Senate,,Scyller J. Borglum,REP,22
Meade,STURGIS #5A,U.S. Senate,,Mike Rounds,REP,54
Meade,STURGIS #5A,U.S. Senate,,Scyller J. Borglum,REP,22
Meade,SULPHUR #35,U.S. Senate,,Mike Rounds,REP,7
Meade,SULPHUR #35,U.S. Senate,,Scyller J. Borglum,REP,18
Meade,SUMMERSET #10,U.S. Senate,,Mike Rounds,REP,259
Meade,SUMMERSET #10,U.S. Senate,,Scyller J. Borglum,REP,69
Meade,TILFORD #6,U.S. Senate,,Mike Rounds,REP,198
Meade,TILFORD #6,U.S. Senate,,Scyller J. Borglum,REP,78
Meade,UNION #40,U.S. Senate,,Mike Rounds,REP,6
Meade,UNION #40,U.S. Senate,,Scyller J. Borglum,REP,20
Meade,VIEWFIELD #17,U.S. Senate,,Mike Rounds,REP,32
Meade,VIEWFIELD #17,U.S. Senate,,Scyller J. Borglum,REP,27
Meade,WEST BLACK HAWK #16,U.S. Senate,,Mike Rounds,REP,88
Meade,WEST BLACK HAWK #16,U.S. Senate,,Scyller J. Borglum,REP,41
Meade,WEST ELK VALE #24,U.S. Senate,,Mike Rounds,REP,42
Meade,WEST ELK VALE #24,U.S. Senate,,Scyller J. Borglum,REP,22
Meade,WEST STURGIS #4,U.S. Senate,,Mike Rounds,REP,38
Meade,WEST STURGIS #4,U.S. Senate,,Scyller J. Borglum,REP,9
Meade,WHITE OWL #25,U.S. Senate,,Mike Rounds,REP,14
Meade,WHITE OWL #25,U.S. Senate,,Scyller J. Borglum,REP,9
Meade,ALKALI #6A,U.S. Representative,1,Liz Marty May,REP,23
Meade,ALKALI #6A,U.S. Representative,1,Dusty Johnson,REP,36
Meade,BASE #23,U.S. Representative,1,Liz Marty May,REP,9
Meade,BASE #23,U.S. Representative,1,Dusty Johnson,REP,21
Meade,BEAR BUTTE #9,U.S. Representative,1,Liz Marty May,REP,27
Meade,BEAR BUTTE #9,U.S. Representative,1,Dusty Johnson,REP,42
Meade,BLACK HAWK #14,U.S. Representative,1,Liz Marty May,REP,24
Meade,BLACK HAWK #14,U.S. Representative,1,Dusty Johnson,REP,124
Meade,CENTRAL BLACK HAWK #19,U.S. Representative,1,Liz Marty May,REP,41
Meade,CENTRAL BLACK HAWK #19,U.S. Representative,1,Dusty Johnson,REP,122
Meade,CENTRAL STURGIS #3,U.S. Representative,1,Liz Marty May,REP,23
Meade,CENTRAL STURGIS #3,U.S. Representative,1,Dusty Johnson,REP,60
Meade,CHALK BUTTE #27,U.S. Representative,1,Liz Marty May,REP,19
Meade,CHALK BUTTE #27,U.S. Representative,1,Dusty Johnson,REP,56
Meade,EAST PIEDMONT #12,U.S. Representative,1,Liz Marty May,REP,85
Meade,EAST PIEDMONT #12,U.S. Representative,1,Dusty Johnson,REP,224
Meade,EAST STURGIS #1,U.S. Representative,1,Liz Marty May,REP,4
Meade,EAST STURGIS #1,U.S. Representative,1,Dusty Johnson,REP,35
Meade,ELK VALE #21,U.S. Representative,1,Liz Marty May,REP,33
Meade,ELK VALE #21,U.S. Representative,1,Dusty Johnson,REP,68
Meade,ELM SPRINGS #18,U.S. Representative,1,Liz Marty May,REP,54
Meade,ELM SPRINGS #18,U.S. Representative,1,Dusty Johnson,REP,17
Meade,FAIRPOINT #29,U.S. Representative,1,Liz Marty May,REP,11
Meade,FAIRPOINT #29,U.S. Representative,1,Dusty Johnson,REP,11
Meade,FAITH #31,U.S. Representative,1,Liz Marty May,REP,71
Meade,FAITH #31,U.S. Representative,1,Dusty Johnson,REP,34
Meade,HARMONY #8,U.S. Representative,1,Liz Marty May,REP,54
Meade,HARMONY #8,U.S. Representative,1,Dusty Johnson,REP,80
Meade,HEREFORD #20,U.S. Representative,1,Liz Marty May,REP,12
Meade,HEREFORD #20,U.S. Representative,1,Dusty Johnson,REP,14
Meade,MARCUS #41,U.S. Representative,1,Liz Marty May,REP,26
Meade,MARCUS #41,U.S. Representative,1,Dusty Johnson,REP,9
Meade,NORTHEAST STURGIS #1A,U.S. Representative,1,Liz Marty May,REP,9
Meade,NORTHEAST STURGIS #1A,U.S. Representative,1,Dusty Johnson,REP,33
Meade,NORTHWEST STURGIS #5,U.S. Representative,1,Liz Marty May,REP,35
Meade,NORTHWEST STURGIS #5,U.S. Representative,1,Dusty Johnson,REP,102
Meade,PIEDMONT #11,U.S. Representative,1,Liz Marty May,REP,72
Meade,PIEDMONT #11,U.S. Representative,1,Dusty Johnson,REP,201
Meade,PINE #33,U.S. Representative,1,Liz Marty May,REP,45
Meade,PINE #33,U.S. Representative,1,Dusty Johnson,REP,17
Meade,RED OWL #30,U.S. Representative,1,Liz Marty May,REP,25
Meade,RED OWL #30,U.S. Representative,1,Dusty Johnson,REP,27
Meade,RURAL BLACK HAWK #15,U.S. Representative,1,Liz Marty May,REP,33
Meade,RURAL BLACK HAWK #15,U.S. Representative,1,Dusty Johnson,REP,82
Meade,RURAL STURGIS #7,U.S. Representative,1,Liz Marty May,REP,22
Meade,RURAL STURGIS #7,U.S. Representative,1,Dusty Johnson,REP,123
Meade,SOUTH STURGIS #2A,U.S. Representative,1,Liz Marty May,REP,25
Meade,SOUTH STURGIS #2A,U.S. Representative,1,Dusty Johnson,REP,87
Meade,SOUTHEAST PIEDMONT #13,U.S. Representative,1,Liz Marty May,REP,74
Meade,SOUTHEAST PIEDMONT #13,U.S. Representative,1,Dusty Johnson,REP,226
Meade,SOUTHEAST STURGIS #2,U.S. Representative,1,Liz Marty May,REP,69
Meade,SOUTHEAST STURGIS #2,U.S. Representative,1,Dusty Johnson,REP,184
Meade,SOUTHWEST STURGIS #4A,U.S. Representative,1,Liz Marty May,REP,16
Meade,SOUTHWEST STURGIS #4A,U.S. Representative,1,Dusty Johnson,REP,68
Meade,STURGIS #5A,U.S. Representative,1,Liz Marty May,REP,17
Meade,STURGIS #5A,U.S. Representative,1,Dusty Johnson,REP,59
Meade,SULPHUR #35,U.S. Representative,1,Liz Marty May,REP,21
Meade,SULPHUR #35,U.S. Representative,1,Dusty Johnson,REP,5
Meade,SUMMERSET #10,U.S. Representative,1,Liz Marty May,REP,73
Meade,SUMMERSET #10,U.S. Representative,1,Dusty Johnson,REP,253
Meade,TILFORD #6,U.S. Representative,1,Liz Marty May,REP,78
Meade,TILFORD #6,U.S. Representative,1,Dusty Johnson,REP,196
Meade,UNION #40,U.S. Representative,1,Liz Marty May,REP,16
Meade,UNION #40,U.S. Representative,1,Dusty Johnson,REP,10
Meade,VIEWFIELD #17,U.S. Representative,1,Liz Marty May,REP,34
Meade,VIEWFIELD #17,U.S. Representative,1,Dusty Johnson,REP,25
Meade,WEST BLACK HAWK #16,U.S. Representative,1,Liz Marty May,REP,32
Meade,WEST BLACK HAWK #16,U.S. Representative,1,Dusty Johnson,REP,98
Meade,WEST ELK VALE #24,U.S. Representative,1,Liz Marty May,REP,31
Meade,WEST ELK VALE #24,U.S. Representative,1,Dusty Johnson,REP,33
Meade,WEST STURGIS #4,U.S. Representative,1,Liz Marty May,REP,13
Meade,WEST STURGIS #4,U.S. Representative,1,Dusty Johnson,REP,33
Meade,WHITE OWL #25,U.S. Representative,1,Liz Marty May,REP,7
Meade,WHITE OWL #25,U.S. Representative,1,Dusty Johnson,REP,16
Meade,ALKALI #6A,State Senate,29,Terri Jorgenson,REP,16
Meade,ALKALI #6A,State Senate,29,Gary L Cammack,REP,40
Meade,BASE #23,State Senate,29,Terri Jorgenson,REP,16
Meade,BASE #23,State Senate,29,Gary L Cammack,REP,10
Meade,BEAR BUTTE #9,State Senate,29,Terri Jorgenson,REP,35
Meade,BEAR BUTTE #9,State Senate,29,Gary L Cammack,REP,36
Meade,CENTRAL STURGIS #3,State Senate,29,Terri Jorgenson,REP,28
Meade,CENTRAL STURGIS #3,State Senate,29,Gary L Cammack,REP,55
Meade,CHALK BUTTE #27,State Senate,29,Terri Jorgenson,REP,25
Meade,CHALK BUTTE #27,State Senate,29,Gary L Cammack,REP,45
Meade,EAST PIEDMONT #12,State Senate,29,Terri Jorgenson,REP,126
Meade,EAST PIEDMONT #12,State Senate,29,Gary L Cammack,REP,155
Meade,EAST STURGIS #1,State Senate,29,Terri Jorgenson,REP,15
Meade,EAST STURGIS #1,State Senate,29,Gary L Cammack,REP,24
Meade,ELK VALE #21,State Senate,29,Terri Jorgenson,REP,53
Meade,ELK VALE #21,State Senate,29,Gary L Cammack,REP,48
Meade,ELM SPRINGS #18,State Senate,29,Terri Jorgenson,REP,43
Meade,ELM SPRINGS #18,State Senate,29,Gary L Cammack,REP,23
Meade,FAIRPOINT #29,State Senate,29,Terri Jorgenson,REP,6
Meade,FAIRPOINT #29,State Senate,29,Gary L Cammack,REP,17
Meade,FAITH #31,State Senate,29,Terri Jorgenson,REP,44
Meade,FAITH #31,State Senate,29,Gary L Cammack,REP,64
Meade,HARMONY #8,State Senate,29,Terri Jorgenson,REP,51
Meade,HARMONY #8,State Senate,29,Gary L Cammack,REP,80
Meade,HEREFORD #20,State Senate,29,Terri Jorgenson,REP,13
Meade,HEREFORD #20,State Senate,29,Gary L Cammack,REP,11
Meade,MARCUS #41,State Senate,29,Terri Jorgenson,REP,24
Meade,MARCUS #41,State Senate,29,Gary L Cammack,REP,8
Meade,NORTHEAST STURGIS #1A,State Senate,29,Terri Jorgenson,REP,10
Meade,NORTHEAST STURGIS #1A,State Senate,29,Gary L Cammack,REP,31
Meade,NORTHWEST STURGIS #5,State Senate,29,Terri Jorgenson,REP,56
Meade,NORTHWEST STURGIS #5,State Senate,29,Gary L Cammack,REP,73
Meade,PIEDMONT #11,State Senate,29,Terri Jorgenson,REP,106
Meade,PIEDMONT #11,State Senate,29,Gary L Cammack,REP,144
Meade,PINE #33,State Senate,29,Terri Jorgenson,REP,41
Meade,PINE #33,State Senate,29,Gary L Cammack,REP,21
Meade,RED OWL #30,State Senate,29,Terri Jorgenson,REP,26
Meade,RED OWL #30,State Senate,29,Gary L Cammack,REP,26
Meade,RURAL BLACK HAWK #15,State Senate,29,Terri Jorgenson,REP,62
Meade,RURAL BLACK HAWK #15,State Senate,29,Gary L Cammack,REP,44
Meade,RURAL STURGIS #7,State Senate,29,Terri Jorgenson,REP,58
Meade,RURAL STURGIS #7,State Senate,29,Gary L Cammack,REP,78
Meade,SOUTH STURGIS #2A,State Senate,29,Terri Jorgenson,REP,29
Meade,SOUTH STURGIS #2A,State Senate,29,Gary L Cammack,REP,81
Meade,SOUTHEAST PIEDMONT #13,State Senate,29,Terri Jorgenson,REP,108
Meade,SOUTHEAST PIEDMONT #13,State Senate,29,Gary L Cammack,REP,163
Meade,SOUTHEAST STURGIS #2,State Senate,29,Terri Jorgenson,REP,59
Meade,SOUTHEAST STURGIS #2,State Senate,29,Gary L Cammack,REP,181
Meade,SOUTHWEST STURGIS #4A,State Senate,29,Terri Jorgenson,REP,20
Meade,SOUTHWEST STURGIS #4A,State Senate,29,Gary L Cammack,REP,63
Meade,STURGIS #5A,State Senate,29,Terri Jorgenson,REP,21
Meade,STURGIS #5A,State Senate,29,Gary L Cammack,REP,53
Meade,SULPHUR #35,State Senate,29,Terri Jorgenson,REP,15
Meade,SULPHUR #35,State Senate,29,Gary L Cammack,REP,9
Meade,TILFORD #6,State Senate,29,Terri Jorgenson,REP,92
Meade,TILFORD #6,State Senate,29,Gary L Cammack,REP,181
Meade,UNION #40,State Senate,29,Terri Jorgenson,REP,12
Meade,UNION #40,State Senate,29,Gary L Cammack,REP,15
Meade,VIEWFIELD #17,State Senate,29,Terri Jorgenson,REP,20
Meade,VIEWFIELD #17,State Senate,29,Gary L Cammack,REP,35
Meade,WEST ELK VALE #24,State Senate,29,Terri Jorgenson,REP,30
Meade,WEST ELK VALE #24,State Senate,29,Gary L Cammack,REP,28
Meade,WEST STURGIS #4,State Senate,29,Terri Jorgenson,REP,12
Meade,WEST STURGIS #4,State Senate,29,Gary L Cammack,REP,34
Meade,WHITE OWL #25,State Senate,29,Terri Jorgenson,REP,11
Meade,WHITE OWL #25,State Senate,29,Gary L Cammack,REP,10
Meade,BLACK HAWK #14,State Senate,33,David Johnson,REP,87
Meade,BLACK HAWK #14,State Senate,33,Janet Jensen,REP,63
Meade,CENTRAL BLACK HAWK #19,State Senate,33,David Johnson,REP,95
Meade,CENTRAL BLACK HAWK #19,State Senate,33,Janet Jensen,REP,64
Meade,SUMMERSET #10,State Senate,33,David Johnson,REP,182
Meade,SUMMERSET #10,State Senate,33,Janet Jensen,REP,138
Meade,WEST BLACK HAWK #16,State Senate,33,David Johnson,REP,67
Meade,WEST BLACK HAWK #16,State Senate,33,Janet Jensen,REP,61
Meade,ALKALI #6A,State Representative,29,Kirk J Chaffee,REP,21
Meade,ALKALI #6A,State Representative,29,Lincoln I Shuck,REP,16
Meade,ALKALI #6A,State Representative,29,Thomas J Brunner,REP,33
Meade,ALKALI #6A,State Representative,29,Dean Wink,REP,37
Meade,BASE #23,State Representative,29,Kirk J Chaffee,REP,14
Meade,BASE #23,State Representative,29,Lincoln I Shuck,REP,5
Meade,BASE #23,State Representative,29,Thomas J Brunner,REP,12
Meade,BASE #23,State Representative,29,Dean Wink,REP,16
Meade,BEAR BUTTE #9,State Representative,29,Kirk J Chaffee,REP,35
Meade,BEAR BUTTE #9,State Representative,29,Lincoln I Shuck,REP,29
Meade,BEAR BUTTE #9,State Representative,29,Thomas J Brunner,REP,34
Meade,BEAR BUTTE #9,State Representative,29,Dean Wink,REP,36
Meade,CENTRAL STURGIS #3,State Representative,29,Kirk J Chaffee,REP,54
Meade,CENTRAL STURGIS #3,State Representative,29,Lincoln I Shuck,REP,23
Meade,CENTRAL STURGIS #3,State Representative,29,Thomas J Brunner,REP,33
Meade,CENTRAL STURGIS #3,State Representative,29,Dean Wink,REP,36
Meade,CHALK BUTTE #27,State Representative,29,Kirk J Chaffee,REP,28
Meade,CHALK BUTTE #27,State Representative,29,Lincoln I Shuck,REP,45
Meade,CHALK BUTTE #27,State Representative,29,Thomas J Brunner,REP,17
Meade,CHALK BUTTE #27,State Representative,29,Dean Wink,REP,48
Meade,EAST PIEDMONT #12,State Representative,29,Kirk J Chaffee,REP,140
Meade,EAST PIEDMONT #12,State Representative,29,Lincoln I Shuck,REP,51
Meade,EAST PIEDMONT #12,State Representative,29,Thomas J Brunner,REP,140
Meade,EAST PIEDMONT #12,State Representative,29,Dean Wink,REP,138
Meade,EAST STURGIS #1,State Representative,29,Kirk J Chaffee,REP,25
Meade,EAST STURGIS #1,State Representative,29,Lincoln I Shuck,REP,9
Meade,EAST STURGIS #1,State Representative,29,Thomas J Brunner,REP,10
Meade,EAST STURGIS #1,State Representative,29,Dean Wink,REP,23
Meade,ELK VALE #21,State Representative,29,Kirk J Chaffee,REP,46
Meade,ELK VALE #21,State Representative,29,Lincoln I Shuck,REP,20
Meade,ELK VALE #21,State Representative,29,Thomas J Brunner,REP,48
Meade,ELK VALE #21,State Representative,29,Dean Wink,REP,47
Meade,ELM SPRINGS #18,State Representative,29,Kirk J Chaffee,REP,26
Meade,ELM SPRINGS #18,State Representative,29,Lincoln I Shuck,REP,49
Meade,ELM SPRINGS #18,State Representative,29,Thomas J Brunner,REP,36
Meade,ELM SPRINGS #18,State Representative,29,Dean Wink,REP,29
Meade,FAIRPOINT #29,State Representative,29,Kirk J Chaffee,REP,9
Meade,FAIRPOINT #29,State Representative,29,Lincoln I Shuck,REP,16
Meade,FAIRPOINT #29,State Representative,29,Thomas J Brunner,REP,2
Meade,FAIRPOINT #29,State Representative,29,Dean Wink,REP,16
Meade,FAITH #31,State Representative,29,Kirk J Chaffee,REP,31
Meade,FAITH #31,State Representative,29,Lincoln I Shuck,REP,42
Meade,FAITH #31,State Representative,29,Thomas J Brunner,REP,27
Meade,FAITH #31,State Representative,29,Dean Wink,REP,80
Meade,HARMONY #8,State Representative,29,Kirk J Chaffee,REP,74
Meade,HARMONY #8,State Representative,29,Lincoln I Shuck,REP,35
Meade,HARMONY #8,State Representative,29,Thomas J Brunner,REP,52
Meade,HARMONY #8,State Representative,29,Dean Wink,REP,75
Meade,HEREFORD #20,State Representative,29,Kirk J Chaffee,REP,14
Meade,HEREFORD #20,State Representative,29,Lincoln I Shuck,REP,13
Meade,HEREFORD #20,State Representative,29,Thomas J Brunner,REP,7
Meade,HEREFORD #20,State Representative,29,Dean Wink,REP,13
Meade,MARCUS #41,State Representative,29,Kirk J Chaffee,REP,2
Meade,MARCUS #41,State Representative,29,Lincoln I Shuck,REP,27
Meade,MARCUS #41,State Representative,29,Thomas J Brunner,REP,12
Meade,MARCUS #41,State Representative,29,Dean Wink,REP,18
Meade,NORTHEAST STURGIS #1A,State Representative,29,Kirk J Chaffee,REP,28
Meade,NORTHEAST STURGIS #1A,State Representative,29,Lincoln I Shuck,REP,6
Meade,NORTHEAST STURGIS #1A,State Representative,29,Thomas J Brunner,REP,14
Meade,NORTHEAST STURGIS #1A,State Representative,29,Dean Wink,REP,23
Meade,NORTHWEST STURGIS #5,State Representative,29,Kirk J Chaffee,REP,62
Meade,NORTHWEST STURGIS #5,State Representative,29,Lincoln I Shuck,REP,33
Meade,NORTHWEST STURGIS #5,State Representative,29,Thomas J Brunner,REP,48
Meade,NORTHWEST STURGIS #5,State Representative,29,Dean Wink,REP,79
Meade,PIEDMONT #11,State Representative,29,Kirk J Chaffee,REP,118
Meade,PIEDMONT #11,State Representative,29,Lincoln I Shuck,REP,34
Meade,PIEDMONT #11,State Representative,29,Thomas J Brunner,REP,117
Meade,PIEDMONT #11,State Representative,29,Dean Wink,REP,159
Meade,PINE #33,State Representative,29,Kirk J Chaffee,REP,5
Meade,PINE #33,State Representative,29,Lincoln I Shuck,REP,42
Meade,PINE #33,State Representative,29,Thomas J Brunner,REP,26
Meade,PINE #33,State Representative,29,Dean Wink,REP,42
Meade,RED OWL #30,State Representative,29,Kirk J Chaffee,REP,12
Meade,RED OWL #30,State Representative,29,Lincoln I Shuck,REP,35
Meade,RED OWL #30,State Representative,29,Thomas J Brunner,REP,11
Meade,RED OWL #30,State Representative,29,Dean Wink,REP,37
Meade,RURAL BLACK HAWK #15,State Representative,29,Kirk J Chaffee,REP,54
Meade,RURAL BLACK HAWK #15,State Representative,29,Lincoln I Shuck,REP,34
Meade,RURAL BLACK HAWK #15,State Representative,29,Thomas J Brunner,REP,51
Meade,RURAL BLACK HAWK #15,State Representative,29,Dean Wink,REP,49
Meade,RURAL STURGIS #7,State Representative,29,Kirk J Chaffee,REP,85
Meade,RURAL STURGIS #7,State Representative,29,Lincoln I Shuck,REP,33
Meade,RURAL STURGIS #7,State Representative,29,Thomas J Brunner,REP,47
Meade,RURAL STURGIS #7,State Representative,29,Dean Wink,REP,71
Meade,SOUTH STURGIS #2A,State Representative,29,Kirk J Chaffee,REP,69
Meade,SOUTH STURGIS #2A,State Representative,29,Lincoln I Shuck,REP,26
Meade,SOUTH STURGIS #2A,State Representative,29,Thomas J Brunner,REP,49
Meade,SOUTH STURGIS #2A,State Representative,29,Dean Wink,REP,51
Meade,SOUTHEAST PIEDMONT #13,State Representative,29,Kirk J Chaffee,REP,109
Meade,SOUTHEAST PIEDMONT #13,State Representative,29,Lincoln I Shuck,REP,56
Meade,SOUTHEAST PIEDMONT #13,State Representative,29,Thomas J Brunner,REP,141
Meade,SOUTHEAST PIEDMONT #13,State Representative,29,Dean Wink,REP,151
Meade,SOUTHEAST STURGIS #2,State Representative,29,Kirk J Chaffee,REP,153
Meade,SOUTHEAST STURGIS #2,State Representative,29,Lincoln I Shuck,REP,46
Meade,SOUTHEAST STURGIS #2,State Representative,29,Thomas J Brunner,REP,94
Meade,SOUTHEAST STURGIS #2,State Representative,29,Dean Wink,REP,125
Meade,SOUTHWEST STURGIS #4A,State Representative,29,Kirk J Chaffee,REP,55
Meade,SOUTHWEST STURGIS #4A,State Representative,29,Lincoln I Shuck,REP,18
Meade,SOUTHWEST STURGIS #4A,State Representative,29,Thomas J Brunner,REP,26
Meade,SOUTHWEST STURGIS #4A,State Representative,29,Dean Wink,REP,47
Meade,STURGIS #5A,State Representative,29,Kirk J Chaffee,REP,42
Meade,STURGIS #5A,State Representative,29,Lincoln I Shuck,REP,10
Meade,STURGIS #5A,State Representative,29,Thomas J Brunner,REP,31
Meade,STURGIS #5A,State Representative,29,Dean Wink,REP,49
Meade,SULPHUR #35,State Representative,29,Kirk J Chaffee,REP,7
Meade,SULPHUR #35,State Representative,29,Lincoln I Shuck,REP,10
Meade,SULPHUR #35,State Representative,29,Thomas J Brunner,REP,14
Meade,SULPHUR #35,State Representative,29,Dean Wink,REP,17
Meade,TILFORD #6,State Representative,29,Kirk J Chaffee,REP,144
Meade,TILFORD #6,State Representative,29,Lincoln I Shuck,REP,43
Meade,TILFORD #6,State Representative,29,Thomas J Brunner,REP,120
Meade,TILFORD #6,State Representative,29,Dean Wink,REP,165
Meade,UNION #40,State Representative,29,Kirk J Chaffee,REP,5
Meade,UNION #40,State Representative,29,Lincoln I Shuck,REP,11
Meade,UNION #40,State Representative,29,Thomas J Brunner,REP,9
Meade,UNION #40,State Representative,29,Dean Wink,REP,17
Meade,VIEWFIELD #17,State Representative,29,Kirk J Chaffee,REP,17
Meade,VIEWFIELD #17,State Representative,29,Lincoln I Shuck,REP,19
Meade,VIEWFIELD #17,State Representative,29,Thomas J Brunner,REP,24
Meade,VIEWFIELD #17,State Representative,29,Dean Wink,REP,37
Meade,WEST ELK VALE #24,State Representative,29,Kirk J Chaffee,REP,24
Meade,WEST ELK VALE #24,State Representative,29,Lincoln I Shuck,REP,15
Meade,WEST ELK VALE #24,State Representative,29,Thomas J Brunner,REP,32
Meade,WEST ELK VALE #24,State Representative,29,Dean Wink,REP,24
Meade,WEST STURGIS #4,State Representative,29,Kirk J Chaffee,REP,32
Meade,WEST STURGIS #4,State Representative,29,Lincoln I Shuck,REP,10
Meade,WEST STURGIS #4,State Representative,29,Thomas J Brunner,REP,23
Meade,WEST STURGIS #4,State Representative,29,Dean Wink,REP,25
Meade,WHITE OWL #25,State Representative,29,Kirk J Chaffee,REP,10
Meade,WHITE OWL #25,State Representative,29,Lincoln I Shuck,REP,8
Meade,WHITE OWL #25,State Representative,29,Thomas J Brunner,REP,2
Meade,WHITE OWL #25,State Representative,29,Dean Wink,REP,20
Meade,BLACK HAWK #14,State Representative,33,Phil Jensen,REP,90
Meade,BLACK HAWK #14,State Representative,33,Taffy Howard,REP,117
Meade,BLACK HAWK #14,State Representative,33,Melanie Torno,REP,55
Meade,CENTRAL BLACK HAWK #19,State Representative,33,Phil Jensen,REP,88
Meade,CENTRAL BLACK HAWK #19,State Representative,33,Taffy Howard,REP,117
Meade,CENTRAL BLACK HAWK #19,State Representative,33,Melanie Torno,REP,79
Meade,SUMMERSET #10,State Representative,33,Phil Jensen,REP,196
Meade,SUMMERSET #10,State Representative,33,Taffy Howard,REP,199
Meade,SUMMERSET #10,State Representative,33,Melanie Torno,REP,135
Meade,WEST BLACK HAWK #16,State Representative,33,Phil Jensen,REP,71
Meade,WEST BLACK HAWK #16,State Representative,33,Taffy Howard,REP,103
Meade,WEST BLACK HAWK #16,State Representative,33,Melanie Torno,REP,47
Meade,CENTRAL BLACK HAWK #19,County Commissioner Meade-4,,Brenda Pates,REP,58
Meade,CENTRAL BLACK HAWK #19,County Commissioner Meade-4,,Ted Seaman,REP,80
Meade,PIEDMONT #11,County Commissioner Meade-4,,Brenda Pates,REP,79
Meade,PIEDMONT #11,County Commissioner Meade-4,,Ted Seaman,REP,172
Meade,RURAL BLACK HAWK #15,County Commissioner Meade-4,,Brenda Pates,REP,11
Meade,RURAL BLACK HAWK #15,County Commissioner Meade-4,,Ted Seaman,REP,21
Meade,SUMMERSET #10,County Commissioner Meade-4,,Brenda Pates,REP,121
Meade,SUMMERSET #10,County Commissioner Meade-4,,Ted Seaman,REP,161
Meade,WEST BLACK HAWK #16,County Commissioner Meade-4,,Brenda Pates,REP,46
Meade,WEST BLACK HAWK #16,County Commissioner Meade-4,,Ted Seaman,REP,62
Meade,ALKALI #6A,School Board Member Meade School District 46-1,,Darrell M. Vig,,51
Meade,ALKALI #6A,School Board Member Meade School District 46-1,,Shelia Trask,,36
Meade,ALKALI #6A,School Board Member Meade School District 46-1,,Sara Nelson,,12
Meade,ALKALI #6A,School Board Member Meade School District 46-1,,Cody King,,14
Meade,ALKALI #6A,School Board Member Meade School District 46-1,,Robert Burns,,2
Meade,ALKALI #6A,School Board Member Meade School District 46-1,,R.J. Ludwick,,2
Meade,ALKALI #6A,School Board Member Meade School District 46-1,,Brian D. Voight,,6
Meade,ALKALI #6A,School Board Member Meade School District 46-1,,Holly Good,,6
Meade,ALKALI #6A,School Board Member Meade School District 46-1,,Terry Koontz,,12
Meade,BEAR BUTTE #9,School Board Member Meade School District 46-1,,Darrell M. Vig,,55
Meade,BEAR BUTTE #9,School Board Member Meade School District 46-1,,Shelia Trask,,27
Meade,BEAR BUTTE #9,School Board Member Meade School District 46-1,,Sara Nelson,,16
Meade,BEAR BUTTE #9,School Board Member Meade School District 46-1,,Cody King,,13
Meade,BEAR BUTTE #9,School Board Member Meade School District 46-1,,Robert Burns,,16
Meade,BEAR BUTTE #9,School Board Member Meade School District 46-1,,R.J. Ludwick,,7
Meade,BEAR BUTTE #9,School Board Member Meade School District 46-1,,Brian D. Voight,,7
Meade,BEAR BUTTE #9,School Board Member Meade School District 46-1,,Holly Good,,19
Meade,BEAR BUTTE #9,School Board Member Meade School District 46-1,,Terry Koontz,,17
Meade,CENTRAL STURGIS #3,School Board Member Meade School District 46-1,,Darrell M. Vig,,32
Meade,CENTRAL STURGIS #3,School Board Member Meade School District 46-1,,Shelia Trask,,16
Meade,CENTRAL STURGIS #3,School Board Member Meade School District 46-1,,Sara Nelson,,40
Meade,CENTRAL STURGIS #3,School Board Member Meade School District 46-1,,Cody King,,17
Meade,CENTRAL STURGIS #3,School Board Member Meade School District 46-1,,Robert Burns,,19
Meade,CENTRAL STURGIS #3,School Board Member Meade School District 46-1,,R.J. Ludwick,,12
Meade,CENTRAL STURGIS #3,School Board Member Meade School District 46-1,,Brian D. Voight,,23
Meade,CENTRAL STURGIS #3,School Board Member Meade School District 46-1,,Holly Good,,25
Meade,CENTRAL STURGIS #3,School Board Member Meade School District 46-1,,Terry Koontz,,63
Meade,CHALK BUTTE #27,School Board Member Meade School District 46-1,,Darrell M. Vig,,41
Meade,CHALK BUTTE #27,School Board Member Meade School District 46-1,,Shelia Trask,,54
Meade,CHALK BUTTE #27,School Board Member Meade School District 46-1,,Sara Nelson,,6
Meade,CHALK BUTTE #27,School Board Member Meade School District 46-1,,Cody King,,11
Meade,CHALK BUTTE #27,School Board Member Meade School District 46-1,,Robert Burns,,14
Meade,CHALK BUTTE #27,School Board Member Meade School District 46-1,,R.J. Ludwick,,2
Meade,CHALK BUTTE #27,School Board Member Meade School District 46-1,,Brian D. Voight,,2
Meade,CHALK BUTTE #27,School Board Member Meade School District 46-1,,Holly Good,,11
Meade,CHALK BUTTE #27,School Board Member Meade School District 46-1,,Terry Koontz,,6
Meade,EAST PIEDMONT #12,School Board Member Meade School District 46-1,,Darrell M. Vig,,68
Meade,EAST PIEDMONT #12,School Board Member Meade School District 46-1,,Shelia Trask,,77
Meade,EAST PIEDMONT #12,School Board Member Meade School District 46-1,,Sara Nelson,,115
Meade,EAST PIEDMONT #12,School Board Member Meade School District 46-1,,Cody King,,52
Meade,EAST PIEDMONT #12,School Board Member Meade School District 46-1,,Robert Burns,,85
Meade,EAST PIEDMONT #12,School Board Member Meade School District 46-1,,R.J. Ludwick,,23
Meade,EAST PIEDMONT #12,School Board Member Meade School District 46-1,,Brian D. Voight,,51
Meade,EAST PIEDMONT #12,School Board Member Meade School District 46-1,,Holly Good,,130
Meade,EAST PIEDMONT #12,School Board Member Meade School District 46-1,,Terry Koontz,,67
Meade,EAST STURGIS #1,School Board Member Meade School District 46-1,,Darrell M. Vig,,22
Meade,EAST STURGIS #1,School Board Member Meade School District 46-1,,Shelia Trask,,17
Meade,EAST STURGIS #1,School Board Member Meade School District 46-1,,Sara Nelson,,28
Meade,EAST STURGIS #1,School Board Member Meade School District 46-1,,Cody King,,17
Meade,EAST STURGIS #1,School Board Member Meade School District 46-1,,Robert Burns,,22
Meade,EAST STURGIS #1,School Board Member Meade School District 46-1,,R.J. Ludwick,,8
Meade,EAST STURGIS #1,School Board Member Meade School District 46-1,,Brian D. Voight,,13
Meade,EAST STURGIS #1,School Board Member Meade School District 46-1,,Holly Good,,25
Meade,EAST STURGIS #1,School Board Member Meade School District 46-1,,Terry Koontz,,28
Meade,ELK VALE #21,School Board Member Meade School District 46-1,,Darrell M. Vig,,2
Meade,ELK VALE #21,School Board Member Meade School District 46-1,,Shelia Trask,,4
Meade,ELK VALE #21,School Board Member Meade School District 46-1,,Sara Nelson,,3
Meade,ELK VALE #21,School Board Member Meade School District 46-1,,Cody King,,1
Meade,ELK VALE #21,School Board Member Meade School District 46-1,,Robert Burns,,1
Meade,ELK VALE #21,School Board Member Meade School District 46-1,,R.J. Ludwick,,1
Meade,ELK VALE #21,School Board Member Meade School District 46-1,,Brian D. Voight,,2
Meade,ELK VALE #21,School Board Member Meade School District 46-1,,Holly Good,,0
Meade,ELK VALE #21,School Board Member Meade School District 46-1,,Terry Koontz,,1
Meade,ELM SPRINGS #18,School Board Member Meade School District 46-1,,Darrell M. Vig,,73
Meade,ELM SPRINGS #18,School Board Member Meade School District 46-1,,Shelia Trask,,78
Meade,ELM SPRINGS #18,School Board Member Meade School District 46-1,,Sara Nelson,,4
Meade,ELM SPRINGS #18,School Board Member Meade School District 46-1,,Cody King,,0
Meade,ELM SPRINGS #18,School Board Member Meade School District 46-1,,Robert Burns,,1
Meade,ELM SPRINGS #18,School Board Member Meade School District 46-1,,R.J. Ludwick,,1
Meade,ELM SPRINGS #18,School Board Member Meade School District 46-1,,Brian D. Voight,,0
Meade,ELM SPRINGS #18,School Board Member Meade School District 46-1,,Holly Good,,4
Meade,ELM SPRINGS #18,School Board Member Meade School District 46-1,,Terry Koontz,,0
Meade,FAIRPOINT #29,School Board Member Meade School District 46-1,,Darrell M. Vig,,19
Meade,FAIRPOINT #29,School Board Member Meade School District 46-1,,Shelia Trask,,22
Meade,FAIRPOINT #29,School Board Member Meade School District 46-1,,Sara Nelson,,1
Meade,FAIRPOINT #29,School Board Member Meade School District 46-1,,Cody King,,3
Meade,FAIRPOINT #29,School Board Member Meade School District 46-1,,Robert Burns,,3
Meade,FAIRPOINT #29,School Board Member Meade School District 46-1,,R.J. Ludwick,,0
Meade,FAIRPOINT #29,School Board Member Meade School District 46-1,,Brian D. Voight,,0
Meade,FAIRPOINT #29,School Board Member Meade School District 46-1,,Holly Good,,1
Meade,FAIRPOINT #29,School Board Member Meade School District 46-1,,Terry Koontz,,4
Meade,FAITH #31,School Board Member Meade School District 46-1,,Darrell M. Vig,,7
Meade,FAITH #31,School Board Member Meade School District 46-1,,Shelia Trask,,7
Meade,FAITH #31,School Board Member Meade School District 46-1,,Sara Nelson,,0
Meade,FAITH #31,School Board Member Meade School District 46-1,,Cody King,,0
Meade,FAITH #31,School Board Member Meade School District 46-1,,Robert Burns,,1
Meade,FAITH #31,School Board Member Meade School District 46-1,,R.J. Ludwick,,0
Meade,FAITH #31,School Board Member Meade School District 46-1,,Brian D. Voight,,0
Meade,FAITH #31,School Board Member Meade School District 46-1,,Holly Good,,0
Meade,FAITH #31,School Board Member Meade School District 46-1,,Terry Koontz,,0
Meade,HARMONY #8,School Board Member Meade School District 46-1,,Darrell M. Vig,,57
Meade,HARMONY #8,School Board Member Meade School District 46-1,,Shelia Trask,,25
Meade,HARMONY #8,School Board Member Meade School District 46-1,,Sara Nelson,,30
Meade,HARMONY #8,School Board Member Meade School District 46-1,,Cody King,,31
Meade,HARMONY #8,School Board Member Meade School District 46-1,,Robert Burns,,44
Meade,HARMONY #8,School Board Member Meade School District 46-1,,R.J. Ludwick,,8
Meade,HARMONY #8,School Board Member Meade School District 46-1,,Brian D. Voight,,22
Meade,HARMONY #8,School Board Member Meade School District 46-1,,Holly Good,,64
Meade,HARMONY #8,School Board Member Meade School District 46-1,,Terry Koontz,,59
Meade,HEREFORD #20,School Board Member Meade School District 46-1,,Darrell M. Vig,,19
Meade,HEREFORD #20,School Board Member Meade School District 46-1,,Shelia Trask,,18
Meade,HEREFORD #20,School Board Member Meade School District 46-1,,Sara Nelson,,3
Meade,HEREFORD #20,School Board Member Meade School District 46-1,,Cody King,,2
Meade,HEREFORD #20,School Board Member Meade School District 46-1,,Robert Burns,,2
Meade,HEREFORD #20,School Board Member Meade School District 46-1,,R.J. Ludwick,,1
Meade,HEREFORD #20,School Board Member Meade School District 46-1,,Brian D. Voight,,1
Meade,HEREFORD #20,School Board Member Meade School District 46-1,,Holly Good,,6
Meade,HEREFORD #20,School Board Member Meade School District 46-1,,Terry Koontz,,3
Meade,MARCUS #41,School Board Member Meade School District 46-1,,Darrell M. Vig,,19
Meade,MARCUS #41,School Board Member Meade School District 46-1,,Shelia Trask,,25
Meade,MARCUS #41,School Board Member Meade School District 46-1,,Sara Nelson,,5
Meade,MARCUS #41,School Board Member Meade School District 46-1,,Cody King,,2
Meade,MARCUS #41,School Board Member Meade School District 46-1,,Robert Burns,,1
Meade,MARCUS #41,School Board Member Meade School District 46-1,,R.J. Ludwick,,0
Meade,MARCUS #41,School Board Member Meade School District 46-1,,Brian D. Voight,,1
Meade,MARCUS #41,School Board Member Meade School District 46-1,,Holly Good,,6
Meade,MARCUS #41,School Board Member Meade School District 46-1,,Terry Koontz,,2
Meade,NORTHEAST STURGIS #1A,School Board Member Meade School District 46-1,,Darrell M. Vig,,19
Meade,NORTHEAST STURGIS #1A,School Board Member Meade School District 46-1,,Shelia Trask,,11
Meade,NORTHEAST STURGIS #1A,School Board Member Meade School District 46-1,,Sara Nelson,,15
Meade,NORTHEAST STURGIS #1A,School Board Member Meade School District 46-1,,Cody King,,14
Meade,NORTHEAST STURGIS #1A,School Board Member Meade School District 46-1,,Robert Burns,,10
Meade,NORTHEAST STURGIS #1A,School Board Member Meade School District 46-1,,R.J. Ludwick,,9
Meade,NORTHEAST STURGIS #1A,School Board Member Meade School District 46-1,,Brian D. Voight,,10
Meade,NORTHEAST STURGIS #1A,School Board Member Meade School District 46-1,,Holly Good,,18
Meade,NORTHEAST STURGIS #1A,School Board Member Meade School District 46-1,,Terry Koontz,,24
Meade,NORTHWEST STURGIS #5,School Board Member Meade School District 46-1,,Darrell M. Vig,,50
Meade,NORTHWEST STURGIS #5,School Board Member Meade School District 46-1,,Shelia Trask,,38
Meade,NORTHWEST STURGIS #5,School Board Member Meade School District 46-1,,Sara Nelson,,48
Meade,NORTHWEST STURGIS #5,School Board Member Meade School District 46-1,,Cody King,,38
Meade,NORTHWEST STURGIS #5,School Board Member Meade School District 46-1,,Robert Burns,,28
Meade,NORTHWEST STURGIS #5,School Board Member Meade School District 46-1,,R.J. Ludwick,,11
Meade,NORTHWEST STURGIS #5,School Board Member Meade School District 46-1,,Brian D. Voight,,24
Meade,NORTHWEST STURGIS #5,School Board Member Meade School District 46-1,,Holly Good,,48
Meade,NORTHWEST STURGIS #5,School Board Member Meade School District 46-1,,Terry Koontz,,70
Meade,PIEDMONT #11,School Board Member Meade School District 46-1,,Darrell M. Vig,,70
Meade,PIEDMONT #11,School Board Member Meade School District 46-1,,Shelia Trask,,80
Meade,PIEDMONT #11,School Board Member Meade School District 46-1,,Sara Nelson,,98
Meade,PIEDMONT #11,School Board Member Meade School District 46-1,,Cody King,,51
Meade,PIEDMONT #11,School Board Member Meade School District 46-1,,Robert Burns,,171
Meade,PIEDMONT #11,School Board Member Meade School District 46-1,,R.J. Ludwick,,18
Meade,PIEDMONT #11,School Board Member Meade School District 46-1,,Brian D. Voight,,51
Meade,PIEDMONT #11,School Board Member Meade School District 46-1,,Holly Good,,119
Meade,PIEDMONT #11,School Board Member Meade School District 46-1,,Terry Koontz,,69
Meade,PINE #33,School Board Member Meade School District 46-1,,Darrell M. Vig,,35
Meade,PINE #33,School Board Member Meade School District 46-1,,Shelia Trask,,39
Meade,PINE #33,School Board Member Meade School District 46-1,,Sara Nelson,,2
Meade,PINE #33,School Board Member Meade School District 46-1,,Cody King,,5
Meade,PINE #33,School Board Member Meade School District 46-1,,Robert Burns,,8
Meade,PINE #33,School Board Member Meade School District 46-1,,R.J. Ludwick,,0
Meade,PINE #33,School Board Member Meade School District 46-1,,Brian D. Voight,,2
Meade,PINE #33,School Board Member Meade School District 46-1,,Holly Good,,1
Meade,PINE #33,School Board Member Meade School District 46-1,,Terry Koontz,,1
Meade,RED OWL #30,School Board Member Meade School District 46-1,,Darrell M. Vig,,41
Meade,RED OWL #30,School Board Member Meade School District 46-1,,Shelia Trask,,48
Meade,RED OWL #30,School Board Member Meade School District 46-1,,Sara Nelson,,2
Meade,RED OWL #30,School Board Member Meade School District 46-1,,Cody King,,6
Meade,RED OWL #30,School Board Member Meade School District 46-1,,Robert Burns,,4
Meade,RED OWL #30,School Board Member Meade School District 46-1,,R.J. Ludwick,,0
Meade,RED OWL #30,School Board Member Meade School District 46-1,,Brian D. Voight,,1
Meade,RED OWL #30,School Board Member Meade School District 46-1,,Holly Good,,9
Meade,RED OWL #30,School Board Member Meade School District 46-1,,Terry Koontz,,1
Meade,RURAL BLACK HAWK #15,School Board Member Meade School District 46-1,,Darrell M. Vig,,32
Meade,RURAL BLACK HAWK #15,School Board Member Meade School District 46-1,,Shelia Trask,,40
Meade,RURAL BLACK HAWK #15,School Board Member Meade School District 46-1,,Sara Nelson,,27
Meade,RURAL BLACK HAWK #15,School Board Member Meade School District 46-1,,Cody King,,7
Meade,RURAL BLACK HAWK #15,School Board Member Meade School District 46-1,,Robert Burns,,15
Meade,RURAL BLACK HAWK #15,School Board Member Meade School District 46-1,,R.J. Ludwick,,7
Meade,RURAL BLACK HAWK #15,School Board Member Meade School District 46-1,,Brian D. Voight,,11
Meade,RURAL BLACK HAWK #15,School Board Member Meade School District 46-1,,Holly Good,,50
Meade,RURAL BLACK HAWK #15,School Board Member Meade School District 46-1,,Terry Koontz,,24
Meade,RURAL STURGIS #7,School Board Member Meade School District 46-1,,Darrell M. Vig,,24
Meade,RURAL STURGIS #7,School Board Member Meade School District 46-1,,Shelia Trask,,23
Meade,RURAL STURGIS #7,School Board Member Meade School District 46-1,,Sara Nelson,,68
Meade,RURAL STURGIS #7,School Board Member Meade School District 46-1,,Cody King,,45
Meade,RURAL STURGIS #7,School Board Member Meade School District 46-1,,Robert Burns,,46
Meade,RURAL STURGIS #7,School Board Member Meade School District 46-1,,R.J. Ludwick,,13
Meade,RURAL STURGIS #7,School Board Member Meade School District 46-1,,Brian D. Voight,,47
Meade,RURAL STURGIS #7,School Board Member Meade School District 46-1,,Holly Good,,46
Meade,RURAL STURGIS #7,School Board Member Meade School District 46-1,,Terry Koontz,,67
Meade,SOUTH STURGIS #2A,School Board Member Meade School District 46-1,,Darrell M. Vig,,54
Meade,SOUTH STURGIS #2A,School Board Member Meade School District 46-1,,Shelia Trask,,36
Meade,SOUTH STURGIS #2A,School Board Member Meade School District 46-1,,Sara Nelson,,44
Meade,SOUTH STURGIS #2A,School Board Member Meade School District 46-1,,Cody King,,28
Meade,SOUTH STURGIS #2A,School Board Member Meade School District 46-1,,Robert Burns,,32
Meade,SOUTH STURGIS #2A,School Board Member Meade School District 46-1,,R.J. Ludwick,,9
Meade,SOUTH STURGIS #2A,School Board Member Meade School District 46-1,,Brian D. Voight,,29
Meade,SOUTH STURGIS #2A,School Board Member Meade School District 46-1,,Holly Good,,44
Meade,SOUTH STURGIS #2A,School Board Member Meade School District 46-1,,Terry Koontz,,74
Meade,SOUTHEAST PIEDMONT #13,School Board Member Meade School District 46-1,,Darrell M. Vig,,71
Meade,SOUTHEAST PIEDMONT #13,School Board Member Meade School District 46-1,,Shelia Trask,,84
Meade,SOUTHEAST PIEDMONT #13,School Board Member Meade School District 46-1,,Sara Nelson,,90
Meade,SOUTHEAST PIEDMONT #13,School Board Member Meade School District 46-1,,Cody King,,49
Meade,SOUTHEAST PIEDMONT #13,School Board Member Meade School District 46-1,,Robert Burns,,146
Meade,SOUTHEAST PIEDMONT #13,School Board Member Meade School District 46-1,,R.J. Ludwick,,23
Meade,SOUTHEAST PIEDMONT #13,School Board Member Meade School District 46-1,,Brian D. Voight,,58
Meade,SOUTHEAST PIEDMONT #13,School Board Member Meade School District 46-1,,Holly Good,,136
Meade,SOUTHEAST PIEDMONT #13,School Board Member Meade School District 46-1,,Terry Koontz,,52
Meade,SOUTHEAST STURGIS #2,School Board Member Meade School District 46-1,,Darrell M. Vig,,68
Meade,SOUTHEAST STURGIS #2,School Board Member Meade School District 46-1,,Shelia Trask,,34
Meade,SOUTHEAST STURGIS #2,School Board Member Meade School District 46-1,,Sara Nelson,,80
Meade,SOUTHEAST STURGIS #2,School Board Member Meade School District 46-1,,Cody King,,85
Meade,SOUTHEAST STURGIS #2,School Board Member Meade School District 46-1,,Robert Burns,,59
Meade,SOUTHEAST STURGIS #2,School Board Member Meade School District 46-1,,R.J. Ludwick,,28
Meade,SOUTHEAST STURGIS #2,School Board Member Meade School District 46-1,,Brian D. Voight,,41
Meade,SOUTHEAST STURGIS #2,School Board Member Meade School District 46-1,,Holly Good,,73
Meade,SOUTHEAST STURGIS #2,School Board Member Meade School District 46-1,,Terry Koontz,,87
Meade,SOUTHWEST STURGIS #4A,School Board Member Meade School District 46-1,,Darrell M. Vig,,38
Meade,SOUTHWEST STURGIS #4A,School Board Member Meade School District 46-1,,Shelia Trask,,26
Meade,SOUTHWEST STURGIS #4A,School Board Member Meade School District 46-1,,Sara Nelson,,28
Meade,SOUTHWEST STURGIS #4A,School Board Member Meade School District 46-1,,Cody King,,28
Meade,SOUTHWEST STURGIS #4A,School Board Member Meade School District 46-1,,Robert Burns,,21
Meade,SOUTHWEST STURGIS #4A,School Board Member Meade School District 46-1,,R.J. Ludwick,,16
Meade,SOUTHWEST STURGIS #4A,School Board Member Meade School District 46-1,,Brian D. Voight,,18
Meade,SOUTHWEST STURGIS #4A,School Board Member Meade School District 46-1,,Holly Good,,43
Meade,SOUTHWEST STURGIS #4A,School Board Member Meade School District 46-1,,Terry Koontz,,39
Meade,STURGIS #5A,School Board Member Meade School District 46-1,,Darrell M. Vig,,20
Meade,STURGIS #5A,School Board Member Meade School District 46-1,,Shelia Trask,,14
Meade,STURGIS #5A,School Board Member Meade School District 46-1,,Sara Nelson,,22
Meade,STURGIS #5A,School Board Member Meade School District 46-1,,Cody King,,29
Meade,STURGIS #5A,School Board Member Meade School District 46-1,,Robert Burns,,24
Meade,STURGIS #5A,School Board Member Meade School District 46-1,,R.J. Ludwick,,7
Meade,STURGIS #5A,School Board Member Meade School District 46-1,,Brian D. Voight,,18
Meade,STURGIS #5A,School Board Member Meade School District 46-1,,Holly Good,,19
Meade,STURGIS #5A,School Board Member Meade School District 46-1,,Terry Koontz,,50
Meade,SULPHUR #35,School Board Member Meade School District 46-1,,Darrell M. Vig,,7
Meade,SULPHUR #35,School Board Member Meade School District 46-1,,Shelia Trask,,10
Meade,SULPHUR #35,School Board Member Meade School District 46-1,,Sara Nelson,,0
Meade,SULPHUR #35,School Board Member Meade School District 46-1,,Cody King,,0
Meade,SULPHUR #35,School Board Member Meade School District 46-1,,Robert Burns,,1
Meade,SULPHUR #35,School Board Member Meade School District 46-1,,R.J. Ludwick,,0
Meade,SULPHUR #35,School Board Member Meade School District 46-1,,Brian D. Voight,,0
Meade,SULPHUR #35,School Board Member Meade School District 46-1,,Holly Good,,0
Meade,SULPHUR #35,School Board Member Meade School District 46-1,,Terry Koontz,,0
Meade,TILFORD #6,School Board Member Meade School District 46-1,,Darrell M. Vig,,117
Meade,TILFORD #6,School Board Member Meade School District 46-1,,Shelia Trask,,67
Meade,TILFORD #6,School Board Member Meade School District 46-1,,Sara Nelson,,85
Meade,TILFORD #6,School Board Member Meade School District 46-1,,Cody King,,63
Meade,TILFORD #6,School Board Member Meade School District 46-1,,Robert Burns,,65
Meade,TILFORD #6,School Board Member Meade School District 46-1,,R.J. Ludwick,,37
Meade,TILFORD #6,School Board Member Meade School District 46-1,,Brian D. Voight,,57
Meade,TILFORD #6,School Board Member Meade School District 46-1,,Holly Good,,75
Meade,TILFORD #6,School Board Member Meade School District 46-1,,Terry Koontz,,95
Meade,UNION #40,School Board Member Meade School District 46-1,,Darrell M. Vig,,4
Meade,UNION #40,School Board Member Meade School District 46-1,,Shelia Trask,,3
Meade,UNION #40,School Board Member Meade School District 46-1,,Sara Nelson,,2
Meade,UNION #40,School Board Member Meade School District 46-1,,Cody King,,1
Meade,UNION #40,School Board Member Meade School District 46-1,,Robert Burns,,0
Meade,UNION #40,School Board Member Meade School District 46-1,,R.J. Ludwick,,1
Meade,UNION #40,School Board Member Meade School District 46-1,,Brian D. Voight,,0
Meade,UNION #40,School Board Member Meade School District 46-1,,Holly Good,,0
Meade,UNION #40,School Board Member Meade School District 46-1,,Terry Koontz,,2
Meade,VIEWFIELD #17,School Board Member Meade School District 46-1,,Darrell M. Vig,,47
Meade,VIEWFIELD #17,School Board Member Meade School District 46-1,,Shelia Trask,,50
Meade,VIEWFIELD #17,School Board Member Meade School District 46-1,,Sara Nelson,,7
Meade,VIEWFIELD #17,School Board Member Meade School District 46-1,,Cody King,,3
Meade,VIEWFIELD #17,School Board Member Meade School District 46-1,,Robert Burns,,4
Meade,VIEWFIELD #17,School Board Member Meade School District 46-1,,R.J. Ludwick,,2
Meade,VIEWFIELD #17,School Board Member Meade School District 46-1,,Brian D. Voight,,2
Meade,VIEWFIELD #17,School Board Member Meade School District 46-1,,Holly Good,,10
Meade,VIEWFIELD #17,School Board Member Meade School District 46-1,,Terry Koontz,,2
Meade,WEST ELK VALE #24,School Board Member Meade School District 46-1,,Darrell M. Vig,,7
Meade,WEST ELK VALE #24,School Board Member Meade School District 46-1,,Shelia Trask,,7
Meade,WEST ELK VALE #24,School Board Member Meade School District 46-1,,Sara Nelson,,2
Meade,WEST ELK VALE #24,School Board Member Meade School District 46-1,,Cody King,,2
Meade,WEST ELK VALE #24,School Board Member Meade School District 46-1,,Robert Burns,,8
Meade,WEST ELK VALE #24,School Board Member Meade School District 46-1,,R.J. Ludwick,,0
Meade,WEST ELK VALE #24,School Board Member Meade School District 46-1,,Brian D. Voight,,1
Meade,WEST ELK VALE #24,School Board Member Meade School District 46-1,,Holly Good,,5
Meade,WEST ELK VALE #24,School Board Member Meade School District 46-1,,Terry Koontz,,4
Meade,WEST STURGIS #4,School Board Member Meade School District 46-1,,Darrell M. Vig,,18
Meade,WEST STURGIS #4,School Board Member Meade School District 46-1,,Shelia Trask,,10
Meade,WEST STURGIS #4,School Board Member Meade School District 46-1,,Sara Nelson,,24
Meade,WEST STURGIS #4,School Board Member Meade School District 46-1,,Cody King,,6
Meade,WEST STURGIS #4,School Board Member Meade School District 46-1,,Robert Burns,,6
Meade,WEST STURGIS #4,School Board Member Meade School District 46-1,,R.J. Ludwick,,7
Meade,WEST STURGIS #4,School Board Member Meade School District 46-1,,Brian D. Voight,,13
Meade,WEST STURGIS #4,School Board Member Meade School District 46-1,,Holly Good,,15
Meade,WEST STURGIS #4,School Board Member Meade School District 46-1,,Terry Koontz,,19
Meade,WHITE OWL #25,School Board Member Meade School District 46-1,,Darrell M. Vig,,15
Meade,WHITE OWL #25,School Board Member Meade School District 46-1,,Shelia Trask,,17
Meade,WHITE OWL #25,School Board Member Meade School District 46-1,,Sara Nelson,,7
Meade,WHITE OWL #25,School Board Member Meade School District 46-1,,Cody King,,5
Meade,WHITE OWL #25,School Board Member Meade School District 46-1,,Robert Burns,,10
Meade,WHITE OWL #25,School Board Member Meade School District 46-1,,R.J. Ludwick,,1
Meade,WHITE OWL #25,School Board Member Meade School District 46-1,,Brian D. Voight,,2
Meade,WHITE OWL #25,School Board Member Meade School District 46-1,,Holly Good,,6
Meade,WHITE OWL #25,School Board Member Meade School District 46-1,,Terry Koontz,,1
Mellette,2,President,,Bernie Sanders,DEM,13
Mellette,2,President,,Joseph R. Biden,DEM,21
Mellette,3,President,,Bernie Sanders,DEM,5
Mellette,3,President,,Joseph R. Biden,DEM,11
Mellette,5,President,,Bernie Sanders,DEM,24
Mellette,5,President,,Joseph R. Biden,DEM,41
Mellette,6,President,,Bernie Sanders,DEM,14
Mellette,6,President,,Joseph R. Biden,DEM,20
Mellette,2,U.S. Senate,,Mike Rounds,REP,35
Mellette,2,U.S. Senate,,Scyller J. Borglum,REP,30
Mellette,3,U.S. Senate,,Mike Rounds,REP,37
Mellette,3,U.S. Senate,,Scyller J. Borglum,REP,20
Mellette,5,U.S. Senate,,Mike Rounds,REP,22
Mellette,5,U.S. Senate,,Scyller J. Borglum,REP,34
Mellette,6,U.S. Senate,,Mike Rounds,REP,26
Mellette,6,U.S. Senate,,Scyller J. Borglum,REP,39
Mellette,2,U.S. Representative,1,Liz Marty May,REP,38
Mellette,2,U.S. Representative,1,Dusty Johnson,REP,27
Mellette,3,U.S. Representative,1,Liz Marty May,REP,18
Mellette,3,U.S. Representative,1,Dusty Johnson,REP,39
Mellette,5,U.S. Representative,1,Liz Marty May,REP,27
Mellette,5,U.S. Representative,1,Dusty Johnson,REP,29
Mellette,6,U.S. Representative,1,Liz Marty May,REP,42
Mellette,6,U.S. Representative,1,Dusty Johnson,REP,22
Mellette,2,State Representative,26A,Shawn Bordeaux,DEM,25
Mellette,2,State Representative,26A,Alexandra Frederick,DEM,15
Mellette,3,State Representative,26A,Shawn Bordeaux,DEM,12
Mellette,3,State Representative,26A,Alexandra Frederick,DEM,6
Mellette,5,State Representative,26A,Shawn Bordeaux,DEM,50
Mellette,5,State Representative,26A,Alexandra Frederick,DEM,17
Mellette,6,State Representative,26A,Shawn Bordeaux,DEM,25
Mellette,6,State Representative,26A,Alexandra Frederick,DEM,14
Mellette,2,County Commissioner Mellette-2,,Leon V Huber,REP,4
Mellette,2,County Commissioner Mellette-2,,Joyce M Glynn,REP,23
Mellette,6,County Commissioner Mellette-2,,Leon V Huber,REP,37
Mellette,6,County Commissioner Mellette-2,,Joyce M Glynn,REP,25
Miner,1,President,,Bernie Sanders,DEM,2
Miner,1,President,,Joseph R. Biden,DEM,22
Miner,2,President,,Bernie Sanders,DEM,2
Miner,2,President,,Joseph R. Biden,DEM,10
Miner,3,President,,Bernie Sanders,DEM,6
Miner,3,President,,Joseph R. Biden,DEM,15
Miner,4,President,,Bernie Sanders,DEM,6
Miner,4,President,,Joseph R. Biden,DEM,22
Miner,5,President,,Bernie Sanders,DEM,2
Miner,5,President,,Joseph R. Biden,DEM,6
Miner,6,President,,Bernie Sanders,DEM,7
Miner,6,President,,Joseph R. Biden,DEM,12
Miner,7,President,,Bernie Sanders,DEM,3
Miner,7,President,,Joseph R. Biden,DEM,25
Miner,8,President,,Bernie Sanders,DEM,2
Miner,8,President,,Joseph R. Biden,DEM,9
Miner,1,U.S. Senate,,Mike Rounds,REP,15
Miner,1,U.S. Senate,,Scyller J. Borglum,REP,7
Miner,2,U.S. Senate,,Mike Rounds,REP,15
Miner,2,U.S. Senate,,Scyller J. Borglum,REP,5
Miner,3,U.S. Senate,,Mike Rounds,REP,13
Miner,3,U.S. Senate,,Scyller J. Borglum,REP,2
Miner,4,U.S. Senate,,Mike Rounds,REP,13
Miner,4,U.S. Senate,,Scyller J. Borglum,REP,5
Miner,5,U.S. Senate,,Mike Rounds,REP,11
Miner,5,U.S. Senate,,Scyller J. Borglum,REP,5
Miner,6,U.S. Senate,,Mike Rounds,REP,32
Miner,6,U.S. Senate,,Scyller J. Borglum,REP,10
Miner,7,U.S. Senate,,Mike Rounds,REP,17
Miner,7,U.S. Senate,,Scyller J. Borglum,REP,3
Miner,8,U.S. Senate,,Mike Rounds,REP,15
Miner,8,U.S. Senate,,Scyller J. Borglum,REP,6
Miner,1,U.S. Representative,1,Liz Marty May,REP,7
Miner,1,U.S. Representative,1,Dusty Johnson,REP,15
Miner,2,U.S. Representative,1,Liz Marty May,REP,2
Miner,2,U.S. Representative,1,Dusty Johnson,REP,17
Miner,3,U.S. Representative,1,Liz Marty May,REP,1
Miner,3,U.S. Representative,1,Dusty Johnson,REP,14
Miner,4,U.S. Representative,1,Liz Marty May,REP,1
Miner,4,U.S. Representative,1,Dusty Johnson,REP,16
Miner,5,U.S. Representative,1,Liz Marty May,REP,7
Miner,5,U.S. Representative,1,Dusty Johnson,REP,12
Miner,6,U.S. Representative,1,Liz Marty May,REP,8
Miner,6,U.S. Representative,1,Dusty Johnson,REP,34
Miner,7,U.S. Representative,1,Liz Marty May,REP,3
Miner,7,U.S. Representative,1,Dusty Johnson,REP,17
Miner,8,U.S. Representative,1,Liz Marty May,REP,7
Miner,8,U.S. Representative,1,Dusty Johnson,REP,14
Minnehaha,103,President,,Bernie Sanders,DEM,43
Minnehaha,103,President,,Joseph R. Biden,DEM,161
Minnehaha,0104 (0105),President,,Bernie Sanders,DEM,67
Minnehaha,0104 (0105),President,,Joseph R. Biden,DEM,214
Minnehaha,106,President,,Bernie Sanders,DEM,37
Minnehaha,106,President,,Joseph R. Biden,DEM,175
Minnehaha,109,President,,Bernie Sanders,DEM,44
Minnehaha,109,President,,Joseph R. Biden,DEM,166
Minnehaha,110,President,,Bernie Sanders,DEM,46
Minnehaha,110,President,,Joseph R. Biden,DEM,146
Minnehaha,117,President,,Bernie Sanders,DEM,60
Minnehaha,117,President,,Joseph R. Biden,DEM,122
Minnehaha,201,President,,Bernie Sanders,DEM,42
Minnehaha,201,President,,Joseph R. Biden,DEM,203
Minnehaha,202,President,,Bernie Sanders,DEM,54
Minnehaha,202,President,,Joseph R. Biden,DEM,262
Minnehaha,203,President,,Bernie Sanders,DEM,55
Minnehaha,203,President,,Joseph R. Biden,DEM,182
Minnehaha,206,President,,Bernie Sanders,DEM,47
Minnehaha,206,President,,Joseph R. Biden,DEM,219
Minnehaha,207,President,,Bernie Sanders,DEM,73
Minnehaha,207,President,,Joseph R. Biden,DEM,252
Minnehaha,208,President,,Bernie Sanders,DEM,21
Minnehaha,208,President,,Joseph R. Biden,DEM,174
Minnehaha,209,President,,Bernie Sanders,DEM,42
Minnehaha,209,President,,Joseph R. Biden,DEM,193
Minnehaha,214,President,,Bernie Sanders,DEM,76
Minnehaha,214,President,,Joseph R. Biden,DEM,405
Minnehaha,305,President,,Bernie Sanders,DEM,40
Minnehaha,305,President,,Joseph R. Biden,DEM,125
Minnehaha,306,President,,Bernie Sanders,DEM,64
Minnehaha,306,President,,Joseph R. Biden,DEM,132
Minnehaha,309,President,,Bernie Sanders,DEM,73
Minnehaha,309,President,,Joseph R. Biden,DEM,192
Minnehaha,310,President,,Bernie Sanders,DEM,45
Minnehaha,310,President,,Joseph R. Biden,DEM,207
Minnehaha,311,President,,Bernie Sanders,DEM,27
Minnehaha,311,President,,Joseph R. Biden,DEM,137
Minnehaha,312,President,,Bernie Sanders,DEM,54
Minnehaha,312,President,,Joseph R. Biden,DEM,140
Minnehaha,313,President,,Bernie Sanders,DEM,31
Minnehaha,313,President,,Joseph R. Biden,DEM,89
Minnehaha,314,President,,Bernie Sanders,DEM,78
Minnehaha,314,President,,Joseph R. Biden,DEM,194
Minnehaha,315,President,,Bernie Sanders,DEM,59
Minnehaha,315,President,,Joseph R. Biden,DEM,161
Minnehaha,316,President,,Bernie Sanders,DEM,57
Minnehaha,316,President,,Joseph R. Biden,DEM,182
Minnehaha,317,President,,Bernie Sanders,DEM,82
Minnehaha,317,President,,Joseph R. Biden,DEM,250
Minnehaha,0401 (0414),President,,Bernie Sanders,DEM,108
Minnehaha,0401 (0414),President,,Joseph R. Biden,DEM,191
Minnehaha,402,President,,Bernie Sanders,DEM,45
Minnehaha,402,President,,Joseph R. Biden,DEM,116
Minnehaha,403,President,,Bernie Sanders,DEM,29
Minnehaha,403,President,,Joseph R. Biden,DEM,74
Minnehaha,404,President,,Bernie Sanders,DEM,23
Minnehaha,404,President,,Joseph R. Biden,DEM,111
Minnehaha,405,President,,Bernie Sanders,DEM,59
Minnehaha,405,President,,Joseph R. Biden,DEM,185
Minnehaha,406,President,,Bernie Sanders,DEM,12
Minnehaha,406,President,,Joseph R. Biden,DEM,52
Minnehaha,0407 (0408),President,,Bernie Sanders,DEM,69
Minnehaha,0407 (0408),President,,Joseph R. Biden,DEM,257
Minnehaha,409,President,,Bernie Sanders,DEM,58
Minnehaha,409,President,,Joseph R. Biden,DEM,128
Minnehaha,410,President,,Bernie Sanders,DEM,39
Minnehaha,410,President,,Joseph R. Biden,DEM,113
Minnehaha,411,President,,Bernie Sanders,DEM,43
Minnehaha,411,President,,Joseph R. Biden,DEM,192
Minnehaha,412,President,,Bernie Sanders,DEM,53
Minnehaha,412,President,,Joseph R. Biden,DEM,198
Minnehaha,413,President,,Bernie Sanders,DEM,32
Minnehaha,413,President,,Joseph R. Biden,DEM,107
Minnehaha,0501 (0502),President,,Bernie Sanders,DEM,114
Minnehaha,0501 (0502),President,,Joseph R. Biden,DEM,201
Minnehaha,503,President,,Bernie Sanders,DEM,35
Minnehaha,503,President,,Joseph R. Biden,DEM,52
Minnehaha,504,President,,Bernie Sanders,DEM,82
Minnehaha,504,President,,Joseph R. Biden,DEM,185
Minnehaha,506,President,,Bernie Sanders,DEM,69
Minnehaha,506,President,,Joseph R. Biden,DEM,154
Minnehaha,507,President,,Bernie Sanders,DEM,38
Minnehaha,507,President,,Joseph R. Biden,DEM,127
Minnehaha,508,President,,Bernie Sanders,DEM,62
Minnehaha,508,President,,Joseph R. Biden,DEM,170
Minnehaha,509,President,,Bernie Sanders,DEM,45
Minnehaha,509,President,,Joseph R. Biden,DEM,62
Minnehaha,510,President,,Bernie Sanders,DEM,44
Minnehaha,510,President,,Joseph R. Biden,DEM,104
Minnehaha,511,President,,Bernie Sanders,DEM,43
Minnehaha,511,President,,Joseph R. Biden,DEM,79
Minnehaha,512,President,,Bernie Sanders,DEM,44
Minnehaha,512,President,,Joseph R. Biden,DEM,118
Minnehaha,513,President,,Bernie Sanders,DEM,29
Minnehaha,513,President,,Joseph R. Biden,DEM,144
Minnehaha,514,President,,Bernie Sanders,DEM,80
Minnehaha,514,President,,Joseph R. Biden,DEM,118
Minnehaha,517,President,,Bernie Sanders,DEM,32
Minnehaha,517,President,,Joseph R. Biden,DEM,97
Minnehaha,518,President,,Bernie Sanders,DEM,85
Minnehaha,518,President,,Joseph R. Biden,DEM,202
Minnehaha,519,President,,Bernie Sanders,DEM,25
Minnehaha,519,President,,Joseph R. Biden,DEM,95
Minnehaha,520,President,,Bernie Sanders,DEM,51
Minnehaha,520,President,,Joseph R. Biden,DEM,118
Minnehaha,521,President,,Bernie Sanders,DEM,15
Minnehaha,521,President,,Joseph R. Biden,DEM,98
Minnehaha,VP01,President,,Bernie Sanders,DEM,8
Minnehaha,VP01,President,,Joseph R. Biden,DEM,44
Minnehaha,VP02,President,,Bernie Sanders,DEM,38
Minnehaha,VP02,President,,Joseph R. Biden,DEM,138
Minnehaha,VP03,President,,Bernie Sanders,DEM,37
Minnehaha,VP03,President,,Joseph R. Biden,DEM,159
Minnehaha,VP04,President,,Bernie Sanders,DEM,25
Minnehaha,VP04,President,,Joseph R. Biden,DEM,89
Minnehaha,VP05,President,,Bernie Sanders,DEM,28
Minnehaha,VP05,President,,Joseph R. Biden,DEM,90
Minnehaha,VP06,President,,Bernie Sanders,DEM,7
Minnehaha,VP06,President,,Joseph R. Biden,DEM,49
Minnehaha,VP07,President,,Bernie Sanders,DEM,47
Minnehaha,VP07,President,,Joseph R. Biden,DEM,169
Minnehaha,VP08,President,,Bernie Sanders,DEM,9
Minnehaha,VP08,President,,Joseph R. Biden,DEM,41
Minnehaha,VP09,President,,Bernie Sanders,DEM,31
Minnehaha,VP09,President,,Joseph R. Biden,DEM,94
Minnehaha,VP10,President,,Bernie Sanders,DEM,32
Minnehaha,VP10,President,,Joseph R. Biden,DEM,113
Minnehaha,VP11,President,,Bernie Sanders,DEM,25
Minnehaha,VP11,President,,Joseph R. Biden,DEM,85
Minnehaha,VP12,President,,Bernie Sanders,DEM,2
Minnehaha,VP12,President,,Joseph R. Biden,DEM,10
Minnehaha,VP13,President,,Bernie Sanders,DEM,16
Minnehaha,VP13,President,,Joseph R. Biden,DEM,48
Minnehaha,VP15,President,,Bernie Sanders,DEM,28
Minnehaha,VP15,President,,Joseph R. Biden,DEM,133
Minnehaha,VP16,President,,Bernie Sanders,DEM,23
Minnehaha,VP16,President,,Joseph R. Biden,DEM,87
Minnehaha,VP17,President,,Bernie Sanders,DEM,10
Minnehaha,VP17,President,,Joseph R. Biden,DEM,48
Minnehaha,VP21,President,,Bernie Sanders,DEM,21
Minnehaha,VP21,President,,Joseph R. Biden,DEM,96
Minnehaha,103,U.S. Senate,,Mike Rounds,REP,178
Minnehaha,103,U.S. Senate,,Scyller J. Borglum,REP,40
Minnehaha,0104 (0105),U.S. Senate,,Mike Rounds,REP,196
Minnehaha,0104 (0105),U.S. Senate,,Scyller J. Borglum,REP,57
Minnehaha,106,U.S. Senate,,Mike Rounds,REP,190
Minnehaha,106,U.S. Senate,,Scyller J. Borglum,REP,35
Minnehaha,109,U.S. Senate,,Mike Rounds,REP,159
Minnehaha,109,U.S. Senate,,Scyller J. Borglum,REP,66
Minnehaha,110,U.S. Senate,,Mike Rounds,REP,164
Minnehaha,110,U.S. Senate,,Scyller J. Borglum,REP,46
Minnehaha,117,U.S. Senate,,Mike Rounds,REP,159
Minnehaha,117,U.S. Senate,,Scyller J. Borglum,REP,36
Minnehaha,201,U.S. Senate,,Mike Rounds,REP,271
Minnehaha,201,U.S. Senate,,Scyller J. Borglum,REP,70
Minnehaha,202,U.S. Senate,,Mike Rounds,REP,319
Minnehaha,202,U.S. Senate,,Scyller J. Borglum,REP,94
Minnehaha,203,U.S. Senate,,Mike Rounds,REP,219
Minnehaha,203,U.S. Senate,,Scyller J. Borglum,REP,72
Minnehaha,206,U.S. Senate,,Mike Rounds,REP,206
Minnehaha,206,U.S. Senate,,Scyller J. Borglum,REP,47
Minnehaha,207,U.S. Senate,,Mike Rounds,REP,327
Minnehaha,207,U.S. Senate,,Scyller J. Borglum,REP,96
Minnehaha,208,U.S. Senate,,Mike Rounds,REP,288
Minnehaha,208,U.S. Senate,,Scyller J. Borglum,REP,79
Minnehaha,209,U.S. Senate,,Mike Rounds,REP,207
Minnehaha,209,U.S. Senate,,Scyller J. Borglum,REP,76
Minnehaha,214,U.S. Senate,,Mike Rounds,REP,495
Minnehaha,214,U.S. Senate,,Scyller J. Borglum,REP,140
Minnehaha,305,U.S. Senate,,Mike Rounds,REP,62
Minnehaha,305,U.S. Senate,,Scyller J. Borglum,REP,23
Minnehaha,306,U.S. Senate,,Mike Rounds,REP,74
Minnehaha,306,U.S. Senate,,Scyller J. Borglum,REP,29
Minnehaha,309,U.S. Senate,,Mike Rounds,REP,152
Minnehaha,309,U.S. Senate,,Scyller J. Borglum,REP,44
Minnehaha,310,U.S. Senate,,Mike Rounds,REP,300
Minnehaha,310,U.S. Senate,,Scyller J. Borglum,REP,72
Minnehaha,311,U.S. Senate,,Mike Rounds,REP,193
Minnehaha,311,U.S. Senate,,Scyller J. Borglum,REP,60
Minnehaha,312,U.S. Senate,,Mike Rounds,REP,188
Minnehaha,312,U.S. Senate,,Scyller J. Borglum,REP,40
Minnehaha,313,U.S. Senate,,Mike Rounds,REP,154
Minnehaha,313,U.S. Senate,,Scyller J. Borglum,REP,46
Minnehaha,314,U.S. Senate,,Mike Rounds,REP,192
Minnehaha,314,U.S. Senate,,Scyller J. Borglum,REP,58
Minnehaha,315,U.S. Senate,,Mike Rounds,REP,191
Minnehaha,315,U.S. Senate,,Scyller J. Borglum,REP,58
Minnehaha,316,U.S. Senate,,Mike Rounds,REP,254
Minnehaha,316,U.S. Senate,,Scyller J. Borglum,REP,44
Minnehaha,317,U.S. Senate,,Mike Rounds,REP,294
Minnehaha,317,U.S. Senate,,Scyller J. Borglum,REP,78
Minnehaha,0401 (0414),U.S. Senate,,Mike Rounds,REP,118
Minnehaha,0401 (0414),U.S. Senate,,Scyller J. Borglum,REP,35
Minnehaha,402,U.S. Senate,,Mike Rounds,REP,94
Minnehaha,402,U.S. Senate,,Scyller J. Borglum,REP,26
Minnehaha,403,U.S. Senate,,Mike Rounds,REP,53
Minnehaha,403,U.S. Senate,,Scyller J. Borglum,REP,19
Minnehaha,404,U.S. Senate,,Mike Rounds,REP,73
Minnehaha,404,U.S. Senate,,Scyller J. Borglum,REP,21
Minnehaha,405,U.S. Senate,,Mike Rounds,REP,155
Minnehaha,405,U.S. Senate,,Scyller J. Borglum,REP,35
Minnehaha,406,U.S. Senate,,Mike Rounds,REP,26
Minnehaha,406,U.S. Senate,,Scyller J. Borglum,REP,10
Minnehaha,0407 (0408),U.S. Senate,,Mike Rounds,REP,275
Minnehaha,0407 (0408),U.S. Senate,,Scyller J. Borglum,REP,72
Minnehaha,409,U.S. Senate,,Mike Rounds,REP,87
Minnehaha,409,U.S. Senate,,Scyller J. Borglum,REP,26
Minnehaha,410,U.S. Senate,,Mike Rounds,REP,111
Minnehaha,410,U.S. Senate,,Scyller J. Borglum,REP,39
Minnehaha,411,U.S. Senate,,Mike Rounds,REP,273
Minnehaha,411,U.S. Senate,,Scyller J. Borglum,REP,77
Minnehaha,412,U.S. Senate,,Mike Rounds,REP,161
Minnehaha,412,U.S. Senate,,Scyller J. Borglum,REP,53
Minnehaha,413,U.S. Senate,,Mike Rounds,REP,85
Minnehaha,413,U.S. Senate,,Scyller J. Borglum,REP,17
Minnehaha,0501 (0502),U.S. Senate,,Mike Rounds,REP,106
Minnehaha,0501 (0502),U.S. Senate,,Scyller J. Borglum,REP,27
Minnehaha,503,U.S. Senate,,Mike Rounds,REP,39
Minnehaha,503,U.S. Senate,,Scyller J. Borglum,REP,13
Minnehaha,504,U.S. Senate,,Mike Rounds,REP,120
Minnehaha,504,U.S. Senate,,Scyller J. Borglum,REP,39
Minnehaha,506,U.S. Senate,,Mike Rounds,REP,143
Minnehaha,506,U.S. Senate,,Scyller J. Borglum,REP,50
Minnehaha,507,U.S. Senate,,Mike Rounds,REP,102
Minnehaha,507,U.S. Senate,,Scyller J. Borglum,REP,19
Minnehaha,508,U.S. Senate,,Mike Rounds,REP,153
Minnehaha,508,U.S. Senate,,Scyller J. Borglum,REP,45
Minnehaha,509,U.S. Senate,,Mike Rounds,REP,46
Minnehaha,509,U.S. Senate,,Scyller J. Borglum,REP,13
Minnehaha,510,U.S. Senate,,Mike Rounds,REP,83
Minnehaha,510,U.S. Senate,,Scyller J. Borglum,REP,18
Minnehaha,511,U.S. Senate,,Mike Rounds,REP,78
Minnehaha,511,U.S. Senate,,Scyller J. Borglum,REP,11
Minnehaha,512,U.S. Senate,,Mike Rounds,REP,112
Minnehaha,512,U.S. Senate,,Scyller J. Borglum,REP,31
Minnehaha,513,U.S. Senate,,Mike Rounds,REP,124
Minnehaha,513,U.S. Senate,,Scyller J. Borglum,REP,30
Minnehaha,514,U.S. Senate,,Mike Rounds,REP,93
Minnehaha,514,U.S. Senate,,Scyller J. Borglum,REP,35
Minnehaha,517,U.S. Senate,,Mike Rounds,REP,120
Minnehaha,517,U.S. Senate,,Scyller J. Borglum,REP,31
Minnehaha,518,U.S. Senate,,Mike Rounds,REP,111
Minnehaha,518,U.S. Senate,,Scyller J. Borglum,REP,34
Minnehaha,519,U.S. Senate,,Mike Rounds,REP,109
Minnehaha,519,U.S. Senate,,Scyller J. Borglum,REP,31
Minnehaha,520,U.S. Senate,,Mike Rounds,REP,106
Minnehaha,520,U.S. Senate,,Scyller J. Borglum,REP,37
Minnehaha,521,U.S. Senate,,Mike Rounds,REP,96
Minnehaha,521,U.S. Senate,,Scyller J. Borglum,REP,9
Minnehaha,VP01,U.S. Senate,,Mike Rounds,REP,93
Minnehaha,VP01,U.S. Senate,,Scyller J. Borglum,REP,24
Minnehaha,VP02,U.S. Senate,,Mike Rounds,REP,297
Minnehaha,VP02,U.S. Senate,,Scyller J. Borglum,REP,92
Minnehaha,VP03,U.S. Senate,,Mike Rounds,REP,316
Minnehaha,VP03,U.S. Senate,,Scyller J. Borglum,REP,73
Minnehaha,VP04,U.S. Senate,,Mike Rounds,REP,176
Minnehaha,VP04,U.S. Senate,,Scyller J. Borglum,REP,61
Minnehaha,VP05,U.S. Senate,,Mike Rounds,REP,160
Minnehaha,VP05,U.S. Senate,,Scyller J. Borglum,REP,35
Minnehaha,VP06,U.S. Senate,,Mike Rounds,REP,70
Minnehaha,VP06,U.S. Senate,,Scyller J. Borglum,REP,31
Minnehaha,VP07,U.S. Senate,,Mike Rounds,REP,269
Minnehaha,VP07,U.S. Senate,,Scyller J. Borglum,REP,53
Minnehaha,VP08,U.S. Senate,,Mike Rounds,REP,83
Minnehaha,VP08,U.S. Senate,,Scyller J. Borglum,REP,30
Minnehaha,VP09,U.S. Senate,,Mike Rounds,REP,148
Minnehaha,VP09,U.S. Senate,,Scyller J. Borglum,REP,68
Minnehaha,VP10,U.S. Senate,,Mike Rounds,REP,142
Minnehaha,VP10,U.S. Senate,,Scyller J. Borglum,REP,35
Minnehaha,VP11,U.S. Senate,,Mike Rounds,REP,118
Minnehaha,VP11,U.S. Senate,,Scyller J. Borglum,REP,48
Minnehaha,VP12,U.S. Senate,,Mike Rounds,REP,20
Minnehaha,VP12,U.S. Senate,,Scyller J. Borglum,REP,9
Minnehaha,VP13,U.S. Senate,,Mike Rounds,REP,139
Minnehaha,VP13,U.S. Senate,,Scyller J. Borglum,REP,49
Minnehaha,VP15,U.S. Senate,,Mike Rounds,REP,205
Minnehaha,VP15,U.S. Senate,,Scyller J. Borglum,REP,45
Minnehaha,VP16,U.S. Senate,,Mike Rounds,REP,139
Minnehaha,VP16,U.S. Senate,,Scyller J. Borglum,REP,55
Minnehaha,VP17,U.S. Senate,,Mike Rounds,REP,128
Minnehaha,VP17,U.S. Senate,,Scyller J. Borglum,REP,36
Minnehaha,VP21,U.S. Senate,,Mike Rounds,REP,159
Minnehaha,VP21,U.S. Senate,,Scyller J. Borglum,REP,43
Minnehaha,103,U.S. Representative,1,Liz Marty May,REP,31
Minnehaha,103,U.S. Representative,1,Dusty Johnson,REP,186
Minnehaha,0104 (0105),U.S. Representative,1,Liz Marty May,REP,52
Minnehaha,0104 (0105),U.S. Representative,1,Dusty Johnson,REP,199
Minnehaha,106,U.S. Representative,1,Liz Marty May,REP,32
Minnehaha,106,U.S. Representative,1,Dusty Johnson,REP,192
Minnehaha,109,U.S. Representative,1,Liz Marty May,REP,46
Minnehaha,109,U.S. Representative,1,Dusty Johnson,REP,183
Minnehaha,110,U.S. Representative,1,Liz Marty May,REP,55
Minnehaha,110,U.S. Representative,1,Dusty Johnson,REP,158
Minnehaha,117,U.S. Representative,1,Liz Marty May,REP,38
Minnehaha,117,U.S. Representative,1,Dusty Johnson,REP,157
Minnehaha,201,U.S. Representative,1,Liz Marty May,REP,53
Minnehaha,201,U.S. Representative,1,Dusty Johnson,REP,288
Minnehaha,202,U.S. Representative,1,Liz Marty May,REP,55
Minnehaha,202,U.S. Representative,1,Dusty Johnson,REP,356
Minnehaha,203,U.S. Representative,1,Liz Marty May,REP,47
Minnehaha,203,U.S. Representative,1,Dusty Johnson,REP,243
Minnehaha,206,U.S. Representative,1,Liz Marty May,REP,44
Minnehaha,206,U.S. Representative,1,Dusty Johnson,REP,209
Minnehaha,207,U.S. Representative,1,Liz Marty May,REP,74
Minnehaha,207,U.S. Representative,1,Dusty Johnson,REP,350
Minnehaha,208,U.S. Representative,1,Liz Marty May,REP,57
Minnehaha,208,U.S. Representative,1,Dusty Johnson,REP,310
Minnehaha,209,U.S. Representative,1,Liz Marty May,REP,45
Minnehaha,209,U.S. Representative,1,Dusty Johnson,REP,234
Minnehaha,214,U.S. Representative,1,Liz Marty May,REP,114
Minnehaha,214,U.S. Representative,1,Dusty Johnson,REP,515
Minnehaha,305,U.S. Representative,1,Liz Marty May,REP,24
Minnehaha,305,U.S. Representative,1,Dusty Johnson,REP,62
Minnehaha,306,U.S. Representative,1,Liz Marty May,REP,22
Minnehaha,306,U.S. Representative,1,Dusty Johnson,REP,80
Minnehaha,309,U.S. Representative,1,Liz Marty May,REP,41
Minnehaha,309,U.S. Representative,1,Dusty Johnson,REP,156
Minnehaha,310,U.S. Representative,1,Liz Marty May,REP,56
Minnehaha,310,U.S. Representative,1,Dusty Johnson,REP,312
Minnehaha,311,U.S. Representative,1,Liz Marty May,REP,51
Minnehaha,311,U.S. Representative,1,Dusty Johnson,REP,201
Minnehaha,312,U.S. Representative,1,Liz Marty May,REP,33
Minnehaha,312,U.S. Representative,1,Dusty Johnson,REP,191
Minnehaha,313,U.S. Representative,1,Liz Marty May,REP,35
Minnehaha,313,U.S. Representative,1,Dusty Johnson,REP,166
Minnehaha,314,U.S. Representative,1,Liz Marty May,REP,52
Minnehaha,314,U.S. Representative,1,Dusty Johnson,REP,196
Minnehaha,315,U.S. Representative,1,Liz Marty May,REP,51
Minnehaha,315,U.S. Representative,1,Dusty Johnson,REP,198
Minnehaha,316,U.S. Representative,1,Liz Marty May,REP,49
Minnehaha,316,U.S. Representative,1,Dusty Johnson,REP,248
Minnehaha,317,U.S. Representative,1,Liz Marty May,REP,61
Minnehaha,317,U.S. Representative,1,Dusty Johnson,REP,308
Minnehaha,0401 (0414),U.S. Representative,1,Liz Marty May,REP,42
Minnehaha,0401 (0414),U.S. Representative,1,Dusty Johnson,REP,114
Minnehaha,402,U.S. Representative,1,Liz Marty May,REP,25
Minnehaha,402,U.S. Representative,1,Dusty Johnson,REP,93
Minnehaha,403,U.S. Representative,1,Liz Marty May,REP,16
Minnehaha,403,U.S. Representative,1,Dusty Johnson,REP,57
Minnehaha,404,U.S. Representative,1,Liz Marty May,REP,21
Minnehaha,404,U.S. Representative,1,Dusty Johnson,REP,72
Minnehaha,405,U.S. Representative,1,Liz Marty May,REP,53
Minnehaha,405,U.S. Representative,1,Dusty Johnson,REP,137
Minnehaha,406,U.S. Representative,1,Liz Marty May,REP,5
Minnehaha,406,U.S. Representative,1,Dusty Johnson,REP,30
Minnehaha,0407 (0408),U.S. Representative,1,Liz Marty May,REP,65
Minnehaha,0407 (0408),U.S. Representative,1,Dusty Johnson,REP,276
Minnehaha,409,U.S. Representative,1,Liz Marty May,REP,25
Minnehaha,409,U.S. Representative,1,Dusty Johnson,REP,88
Minnehaha,410,U.S. Representative,1,Liz Marty May,REP,26
Minnehaha,410,U.S. Representative,1,Dusty Johnson,REP,123
Minnehaha,411,U.S. Representative,1,Liz Marty May,REP,65
Minnehaha,411,U.S. Representative,1,Dusty Johnson,REP,280
Minnehaha,412,U.S. Representative,1,Liz Marty May,REP,36
Minnehaha,412,U.S. Representative,1,Dusty Johnson,REP,177
Minnehaha,413,U.S. Representative,1,Liz Marty May,REP,15
Minnehaha,413,U.S. Representative,1,Dusty Johnson,REP,89
Minnehaha,0501 (0502),U.S. Representative,1,Liz Marty May,REP,34
Minnehaha,0501 (0502),U.S. Representative,1,Dusty Johnson,REP,99
Minnehaha,503,U.S. Representative,1,Liz Marty May,REP,13
Minnehaha,503,U.S. Representative,1,Dusty Johnson,REP,39
Minnehaha,504,U.S. Representative,1,Liz Marty May,REP,31
Minnehaha,504,U.S. Representative,1,Dusty Johnson,REP,129
Minnehaha,506,U.S. Representative,1,Liz Marty May,REP,47
Minnehaha,506,U.S. Representative,1,Dusty Johnson,REP,142
Minnehaha,507,U.S. Representative,1,Liz Marty May,REP,16
Minnehaha,507,U.S. Representative,1,Dusty Johnson,REP,105
Minnehaha,508,U.S. Representative,1,Liz Marty May,REP,35
Minnehaha,508,U.S. Representative,1,Dusty Johnson,REP,166
Minnehaha,509,U.S. Representative,1,Liz Marty May,REP,18
Minnehaha,509,U.S. Representative,1,Dusty Johnson,REP,39
Minnehaha,510,U.S. Representative,1,Liz Marty May,REP,17
Minnehaha,510,U.S. Representative,1,Dusty Johnson,REP,84
Minnehaha,511,U.S. Representative,1,Liz Marty May,REP,19
Minnehaha,511,U.S. Representative,1,Dusty Johnson,REP,72
Minnehaha,512,U.S. Representative,1,Liz Marty May,REP,26
Minnehaha,512,U.S. Representative,1,Dusty Johnson,REP,118
Minnehaha,513,U.S. Representative,1,Liz Marty May,REP,27
Minnehaha,513,U.S. Representative,1,Dusty Johnson,REP,127
Minnehaha,514,U.S. Representative,1,Liz Marty May,REP,23
Minnehaha,514,U.S. Representative,1,Dusty Johnson,REP,106
Minnehaha,517,U.S. Representative,1,Liz Marty May,REP,27
Minnehaha,517,U.S. Representative,1,Dusty Johnson,REP,123
Minnehaha,518,U.S. Representative,1,Liz Marty May,REP,35
Minnehaha,518,U.S. Representative,1,Dusty Johnson,REP,110
Minnehaha,519,U.S. Representative,1,Liz Marty May,REP,31
Minnehaha,519,U.S. Representative,1,Dusty Johnson,REP,110
Minnehaha,520,U.S. Representative,1,Liz Marty May,REP,32
Minnehaha,520,U.S. Representative,1,Dusty Johnson,REP,115
Minnehaha,521,U.S. Representative,1,Liz Marty May,REP,7
Minnehaha,521,U.S. Representative,1,Dusty Johnson,REP,99
Minnehaha,VP01,U.S. Representative,1,Liz Marty May,REP,22
Minnehaha,VP01,U.S. Representative,1,Dusty Johnson,REP,95
Minnehaha,VP02,U.S. Representative,1,Liz Marty May,REP,79
Minnehaha,VP02,U.S. Representative,1,Dusty Johnson,REP,310
Minnehaha,VP03,U.S. Representative,1,Liz Marty May,REP,67
Minnehaha,VP03,U.S. Representative,1,Dusty Johnson,REP,323
Minnehaha,VP04,U.S. Representative,1,Liz Marty May,REP,56
Minnehaha,VP04,U.S. Representative,1,Dusty Johnson,REP,180
Minnehaha,VP05,U.S. Representative,1,Liz Marty May,REP,32
Minnehaha,VP05,U.S. Representative,1,Dusty Johnson,REP,162
Minnehaha,VP06,U.S. Representative,1,Liz Marty May,REP,17
Minnehaha,VP06,U.S. Representative,1,Dusty Johnson,REP,82
Minnehaha,VP07,U.S. Representative,1,Liz Marty May,REP,54
Minnehaha,VP07,U.S. Representative,1,Dusty Johnson,REP,267
Minnehaha,VP08,U.S. Representative,1,Liz Marty May,REP,22
Minnehaha,VP08,U.S. Representative,1,Dusty Johnson,REP,90
Minnehaha,VP09,U.S. Representative,1,Liz Marty May,REP,54
Minnehaha,VP09,U.S. Representative,1,Dusty Johnson,REP,158
Minnehaha,VP10,U.S. Representative,1,Liz Marty May,REP,38
Minnehaha,VP10,U.S. Representative,1,Dusty Johnson,REP,139
Minnehaha,VP11,U.S. Representative,1,Liz Marty May,REP,46
Minnehaha,VP11,U.S. Representative,1,Dusty Johnson,REP,119
Minnehaha,VP12,U.S. Representative,1,Liz Marty May,REP,8
Minnehaha,VP12,U.S. Representative,1,Dusty Johnson,REP,21
Minnehaha,VP13,U.S. Representative,1,Liz Marty May,REP,30
Minnehaha,VP13,U.S. Representative,1,Dusty Johnson,REP,160
Minnehaha,VP15,U.S. Representative,1,Liz Marty May,REP,39
Minnehaha,VP15,U.S. Representative,1,Dusty Johnson,REP,215
Minnehaha,VP16,U.S. Representative,1,Liz Marty May,REP,52
Minnehaha,VP16,U.S. Representative,1,Dusty Johnson,REP,141
Minnehaha,VP17,U.S. Representative,1,Liz Marty May,REP,20
Minnehaha,VP17,U.S. Representative,1,Dusty Johnson,REP,141
Minnehaha,VP21,U.S. Representative,1,Liz Marty May,REP,47
Minnehaha,VP21,U.S. Representative,1,Dusty Johnson,REP,157
Minnehaha,202,State Senate,14,David B Zellmer,REP,168
Minnehaha,202,State Senate,14,Larry P Zikmund,REP,213
Minnehaha,203,State Senate,14,David B Zellmer,REP,95
Minnehaha,203,State Senate,14,Larry P Zikmund,REP,169
Minnehaha,206,State Senate,14,David B Zellmer,REP,104
Minnehaha,206,State Senate,14,Larry P Zikmund,REP,120
Minnehaha,208,State Senate,14,David B Zellmer,REP,133
Minnehaha,208,State Senate,14,Larry P Zikmund,REP,205
Minnehaha,209,State Senate,14,David B Zellmer,REP,87
Minnehaha,209,State Senate,14,Larry P Zikmund,REP,187
Minnehaha,214,State Senate,14,David B Zellmer,REP,270
Minnehaha,214,State Senate,14,Larry P Zikmund,REP,325
Minnehaha,402,State Senate,14,David B Zellmer,REP,36
Minnehaha,402,State Senate,14,Larry P Zikmund,REP,66
Minnehaha,409,State Senate,14,David B Zellmer,REP,39
Minnehaha,409,State Senate,14,Larry P Zikmund,REP,67
Minnehaha,413,State Senate,14,David B Zellmer,REP,39
Minnehaha,413,State Senate,14,Larry P Zikmund,REP,61
Minnehaha,506,State Senate,14,David B Zellmer,REP,75
Minnehaha,506,State Senate,14,Larry P Zikmund,REP,106
Minnehaha,305,State Representative,9,Rhonda Milstead,REP,51
Minnehaha,305,State Representative,9,Michael Clark,REP,40
Minnehaha,305,State Representative,9,Bethany Soye,REP,28
Minnehaha,309,State Representative,9,Rhonda Milstead,REP,130
Minnehaha,309,State Representative,9,Michael Clark,REP,60
Minnehaha,309,State Representative,9,Bethany Soye,REP,70
Minnehaha,312,State Representative,9,Rhonda Milstead,REP,108
Minnehaha,312,State Representative,9,Michael Clark,REP,48
Minnehaha,312,State Representative,9,Bethany Soye,REP,51
Minnehaha,314,State Representative,9,Rhonda Milstead,REP,155
Minnehaha,314,State Representative,9,Michael Clark,REP,94
Minnehaha,314,State Representative,9,Bethany Soye,REP,85
Minnehaha,405,State Representative,9,Rhonda Milstead,REP,108
Minnehaha,405,State Representative,9,Michael Clark,REP,81
Minnehaha,405,State Representative,9,Bethany Soye,REP,78
Minnehaha,VP07,State Representative,9,Rhonda Milstead,REP,251
Minnehaha,VP07,State Representative,9,Michael Clark,REP,109
Minnehaha,VP07,State Representative,9,Bethany Soye,REP,102
Minnehaha,VP08,State Representative,9,Rhonda Milstead,REP,74
Minnehaha,VP08,State Representative,9,Michael Clark,REP,44
Minnehaha,VP08,State Representative,9,Bethany Soye,REP,44
Minnehaha,VP16,State Representative,9,Rhonda Milstead,REP,135
Minnehaha,VP16,State Representative,9,Michael Clark,REP,61
Minnehaha,VP16,State Representative,9,Bethany Soye,REP,72
Minnehaha,VP17,State Representative,9,Rhonda Milstead,REP,125
Minnehaha,VP17,State Representative,9,Michael Clark,REP,44
Minnehaha,VP17,State Representative,9,Bethany Soye,REP,59
Minnehaha,103,State Representative,12,Greg Jamison,REP,151
Minnehaha,103,State Representative,12,Amy B Miller,REP,44
Minnehaha,103,State Representative,12,George Hendrickson,REP,25
Minnehaha,103,State Representative,12,Arch Beal,REP,120
Minnehaha,0104 (0105),State Representative,12,Greg Jamison,REP,165
Minnehaha,0104 (0105),State Representative,12,Amy B Miller,REP,85
Minnehaha,0104 (0105),State Representative,12,George Hendrickson,REP,28
Minnehaha,0104 (0105),State Representative,12,Arch Beal,REP,128
Minnehaha,106,State Representative,12,Greg Jamison,REP,136
Minnehaha,106,State Representative,12,Amy B Miller,REP,71
Minnehaha,106,State Representative,12,George Hendrickson,REP,37
Minnehaha,106,State Representative,12,Arch Beal,REP,134
Minnehaha,503,State Representative,12,Greg Jamison,REP,39
Minnehaha,503,State Representative,12,Amy B Miller,REP,13
Minnehaha,503,State Representative,12,George Hendrickson,REP,8
Minnehaha,503,State Representative,12,Arch Beal,REP,28
Minnehaha,514,State Representative,12,Greg Jamison,REP,92
Minnehaha,514,State Representative,12,Amy B Miller,REP,35
Minnehaha,514,State Representative,12,George Hendrickson,REP,19
Minnehaha,514,State Representative,12,Arch Beal,REP,73
Minnehaha,517,State Representative,12,Greg Jamison,REP,100
Minnehaha,517,State Representative,12,Amy B Miller,REP,30
Minnehaha,517,State Representative,12,George Hendrickson,REP,30
Minnehaha,517,State Representative,12,Arch Beal,REP,90
Minnehaha,519,State Representative,12,Greg Jamison,REP,97
Minnehaha,519,State Representative,12,Amy B Miller,REP,27
Minnehaha,519,State Representative,12,George Hendrickson,REP,36
Minnehaha,519,State Representative,12,Arch Beal,REP,90
Minnehaha,521,State Representative,12,Greg Jamison,REP,75
Minnehaha,521,State Representative,12,Amy B Miller,REP,21
Minnehaha,521,State Representative,12,George Hendrickson,REP,8
Minnehaha,521,State Representative,12,Arch Beal,REP,76
Minnehaha,202,State Representative,14,Brad Lindwurm,REP,108
Minnehaha,202,State Representative,14,Tom Holmes,REP,235
Minnehaha,202,State Representative,14,Taylor Rae Rehfeldt,REP,243
Minnehaha,203,State Representative,14,Brad Lindwurm,REP,94
Minnehaha,203,State Representative,14,Tom Holmes,REP,156
Minnehaha,203,State Representative,14,Taylor Rae Rehfeldt,REP,163
Minnehaha,206,State Representative,14,Brad Lindwurm,REP,91
Minnehaha,206,State Representative,14,Tom Holmes,REP,132
Minnehaha,206,State Representative,14,Taylor Rae Rehfeldt,REP,129
Minnehaha,208,State Representative,14,Brad Lindwurm,REP,104
Minnehaha,208,State Representative,14,Tom Holmes,REP,220
Minnehaha,208,State Representative,14,Taylor Rae Rehfeldt,REP,202
Minnehaha,209,State Representative,14,Brad Lindwurm,REP,80
Minnehaha,209,State Representative,14,Tom Holmes,REP,190
Minnehaha,209,State Representative,14,Taylor Rae Rehfeldt,REP,163
Minnehaha,214,State Representative,14,Brad Lindwurm,REP,193
Minnehaha,214,State Representative,14,Tom Holmes,REP,366
Minnehaha,214,State Representative,14,Taylor Rae Rehfeldt,REP,427
Minnehaha,402,State Representative,14,Brad Lindwurm,REP,35
Minnehaha,402,State Representative,14,Tom Holmes,REP,61
Minnehaha,402,State Representative,14,Taylor Rae Rehfeldt,REP,52
Minnehaha,409,State Representative,14,Brad Lindwurm,REP,37
Minnehaha,409,State Representative,14,Tom Holmes,REP,37
Minnehaha,409,State Representative,14,Taylor Rae Rehfeldt,REP,80
Minnehaha,413,State Representative,14,Brad Lindwurm,REP,29
Minnehaha,413,State Representative,14,Tom Holmes,REP,51
Minnehaha,413,State Representative,14,Taylor Rae Rehfeldt,REP,61
Minnehaha,506,State Representative,14,Brad Lindwurm,REP,77
Minnehaha,506,State Representative,14,Tom Holmes,REP,104
Minnehaha,506,State Representative,14,Taylor Rae Rehfeldt,REP,101
Minnehaha,103,States Attorney,,Crystal Johnson,REP,84
Minnehaha,103,States Attorney,,Paul Bengford,REP,22
Minnehaha,103,States Attorney,,Daniel Haggar,REP,95
Minnehaha,0104 (0105),States Attorney,,Crystal Johnson,REP,86
Minnehaha,0104 (0105),States Attorney,,Paul Bengford,REP,26
Minnehaha,0104 (0105),States Attorney,,Daniel Haggar,REP,118
Minnehaha,106,States Attorney,,Crystal Johnson,REP,84
Minnehaha,106,States Attorney,,Paul Bengford,REP,43
Minnehaha,106,States Attorney,,Daniel Haggar,REP,82
Minnehaha,109,States Attorney,,Crystal Johnson,REP,86
Minnehaha,109,States Attorney,,Paul Bengford,REP,25
Minnehaha,109,States Attorney,,Daniel Haggar,REP,99
Minnehaha,110,States Attorney,,Crystal Johnson,REP,75
Minnehaha,110,States Attorney,,Paul Bengford,REP,40
Minnehaha,110,States Attorney,,Daniel Haggar,REP,73
Minnehaha,117,States Attorney,,Crystal Johnson,REP,65
Minnehaha,117,States Attorney,,Paul Bengford,REP,34
Minnehaha,117,States Attorney,,Daniel Haggar,REP,75
Minnehaha,201,States Attorney,,Crystal Johnson,REP,125
Minnehaha,201,States Attorney,,Paul Bengford,REP,52
Minnehaha,201,States Attorney,,Daniel Haggar,REP,126
Minnehaha,202,States Attorney,,Crystal Johnson,REP,183
Minnehaha,202,States Attorney,,Paul Bengford,REP,60
Minnehaha,202,States Attorney,,Daniel Haggar,REP,136
Minnehaha,203,States Attorney,,Crystal Johnson,REP,127
Minnehaha,203,States Attorney,,Paul Bengford,REP,24
Minnehaha,203,States Attorney,,Daniel Haggar,REP,113
Minnehaha,206,States Attorney,,Crystal Johnson,REP,92
Minnehaha,206,States Attorney,,Paul Bengford,REP,30
Minnehaha,206,States Attorney,,Daniel Haggar,REP,102
Minnehaha,207,States Attorney,,Crystal Johnson,REP,130
Minnehaha,207,States Attorney,,Paul Bengford,REP,51
Minnehaha,207,States Attorney,,Daniel Haggar,REP,206
Minnehaha,208,States Attorney,,Crystal Johnson,REP,117
Minnehaha,208,States Attorney,,Paul Bengford,REP,60
Minnehaha,208,States Attorney,,Daniel Haggar,REP,157
Minnehaha,209,States Attorney,,Crystal Johnson,REP,118
Minnehaha,209,States Attorney,,Paul Bengford,REP,41
Minnehaha,209,States Attorney,,Daniel Haggar,REP,96
Minnehaha,214,States Attorney,,Crystal Johnson,REP,252
Minnehaha,214,States Attorney,,Paul Bengford,REP,71
Minnehaha,214,States Attorney,,Daniel Haggar,REP,266
Minnehaha,305,States Attorney,,Crystal Johnson,REP,24
Minnehaha,305,States Attorney,,Paul Bengford,REP,10
Minnehaha,305,States Attorney,,Daniel Haggar,REP,36
Minnehaha,306,States Attorney,,Crystal Johnson,REP,42
Minnehaha,306,States Attorney,,Paul Bengford,REP,14
Minnehaha,306,States Attorney,,Daniel Haggar,REP,36
Minnehaha,309,States Attorney,,Crystal Johnson,REP,67
Minnehaha,309,States Attorney,,Paul Bengford,REP,29
Minnehaha,309,States Attorney,,Daniel Haggar,REP,85
Minnehaha,310,States Attorney,,Crystal Johnson,REP,136
Minnehaha,310,States Attorney,,Paul Bengford,REP,45
Minnehaha,310,States Attorney,,Daniel Haggar,REP,161
Minnehaha,311,States Attorney,,Crystal Johnson,REP,95
Minnehaha,311,States Attorney,,Paul Bengford,REP,25
Minnehaha,311,States Attorney,,Daniel Haggar,REP,112
Minnehaha,312,States Attorney,,Crystal Johnson,REP,93
Minnehaha,312,States Attorney,,Paul Bengford,REP,27
Minnehaha,312,States Attorney,,Daniel Haggar,REP,82
Minnehaha,313,States Attorney,,Crystal Johnson,REP,84
Minnehaha,313,States Attorney,,Paul Bengford,REP,30
Minnehaha,313,States Attorney,,Daniel Haggar,REP,72
Minnehaha,314,States Attorney,,Crystal Johnson,REP,85
Minnehaha,314,States Attorney,,Paul Bengford,REP,32
Minnehaha,314,States Attorney,,Daniel Haggar,REP,113
Minnehaha,315,States Attorney,,Crystal Johnson,REP,107
Minnehaha,315,States Attorney,,Paul Bengford,REP,30
Minnehaha,315,States Attorney,,Daniel Haggar,REP,89
Minnehaha,316,States Attorney,,Crystal Johnson,REP,113
Minnehaha,316,States Attorney,,Paul Bengford,REP,44
Minnehaha,316,States Attorney,,Daniel Haggar,REP,103
Minnehaha,317,States Attorney,,Crystal Johnson,REP,138
Minnehaha,317,States Attorney,,Paul Bengford,REP,49
Minnehaha,317,States Attorney,,Daniel Haggar,REP,148
Minnehaha,0401 (0414),States Attorney,,Crystal Johnson,REP,62
Minnehaha,0401 (0414),States Attorney,,Paul Bengford,REP,22
Minnehaha,0401 (0414),States Attorney,,Daniel Haggar,REP,50
Minnehaha,402,States Attorney,,Crystal Johnson,REP,31
Minnehaha,402,States Attorney,,Paul Bengford,REP,15
Minnehaha,402,States Attorney,,Daniel Haggar,REP,52
Minnehaha,403,States Attorney,,Crystal Johnson,REP,22
Minnehaha,403,States Attorney,,Paul Bengford,REP,11
Minnehaha,403,States Attorney,,Daniel Haggar,REP,35
Minnehaha,404,States Attorney,,Crystal Johnson,REP,36
Minnehaha,404,States Attorney,,Paul Bengford,REP,13
Minnehaha,404,States Attorney,,Daniel Haggar,REP,35
Minnehaha,405,States Attorney,,Crystal Johnson,REP,77
Minnehaha,405,States Attorney,,Paul Bengford,REP,24
Minnehaha,405,States Attorney,,Daniel Haggar,REP,63
Minnehaha,406,States Attorney,,Crystal Johnson,REP,11
Minnehaha,406,States Attorney,,Paul Bengford,REP,1
Minnehaha,406,States Attorney,,Daniel Haggar,REP,18
Minnehaha,0407 (0408),States Attorney,,Crystal Johnson,REP,134
Minnehaha,0407 (0408),States Attorney,,Paul Bengford,REP,39
Minnehaha,0407 (0408),States Attorney,,Daniel Haggar,REP,142
Minnehaha,409,States Attorney,,Crystal Johnson,REP,32
Minnehaha,409,States Attorney,,Paul Bengford,REP,16
Minnehaha,409,States Attorney,,Daniel Haggar,REP,52
Minnehaha,410,States Attorney,,Crystal Johnson,REP,56
Minnehaha,410,States Attorney,,Paul Bengford,REP,22
Minnehaha,410,States Attorney,,Daniel Haggar,REP,58
Minnehaha,411,States Attorney,,Crystal Johnson,REP,104
Minnehaha,411,States Attorney,,Paul Bengford,REP,44
Minnehaha,411,States Attorney,,Daniel Haggar,REP,164
Minnehaha,412,States Attorney,,Crystal Johnson,REP,71
Minnehaha,412,States Attorney,,Paul Bengford,REP,25
Minnehaha,412,States Attorney,,Daniel Haggar,REP,104
Minnehaha,413,States Attorney,,Crystal Johnson,REP,39
Minnehaha,413,States Attorney,,Paul Bengford,REP,16
Minnehaha,413,States Attorney,,Daniel Haggar,REP,41
Minnehaha,0501 (0502),States Attorney,,Crystal Johnson,REP,52
Minnehaha,0501 (0502),States Attorney,,Paul Bengford,REP,20
Minnehaha,0501 (0502),States Attorney,,Daniel Haggar,REP,50
Minnehaha,503,States Attorney,,Crystal Johnson,REP,18
Minnehaha,503,States Attorney,,Paul Bengford,REP,8
Minnehaha,503,States Attorney,,Daniel Haggar,REP,22
Minnehaha,504,States Attorney,,Crystal Johnson,REP,56
Minnehaha,504,States Attorney,,Paul Bengford,REP,20
Minnehaha,504,States Attorney,,Daniel Haggar,REP,63
Minnehaha,506,States Attorney,,Crystal Johnson,REP,77
Minnehaha,506,States Attorney,,Paul Bengford,REP,31
Minnehaha,506,States Attorney,,Daniel Haggar,REP,65
Minnehaha,507,States Attorney,,Crystal Johnson,REP,46
Minnehaha,507,States Attorney,,Paul Bengford,REP,20
Minnehaha,507,States Attorney,,Daniel Haggar,REP,44
Minnehaha,508,States Attorney,,Crystal Johnson,REP,84
Minnehaha,508,States Attorney,,Paul Bengford,REP,36
Minnehaha,508,States Attorney,,Daniel Haggar,REP,68
Minnehaha,509,States Attorney,,Crystal Johnson,REP,23
Minnehaha,509,States Attorney,,Paul Bengford,REP,11
Minnehaha,509,States Attorney,,Daniel Haggar,REP,20
Minnehaha,510,States Attorney,,Crystal Johnson,REP,33
Minnehaha,510,States Attorney,,Paul Bengford,REP,17
Minnehaha,510,States Attorney,,Daniel Haggar,REP,36
Minnehaha,511,States Attorney,,Crystal Johnson,REP,29
Minnehaha,511,States Attorney,,Paul Bengford,REP,18
Minnehaha,511,States Attorney,,Daniel Haggar,REP,38
Minnehaha,512,States Attorney,,Crystal Johnson,REP,57
Minnehaha,512,States Attorney,,Paul Bengford,REP,28
Minnehaha,512,States Attorney,,Daniel Haggar,REP,55
Minnehaha,513,States Attorney,,Crystal Johnson,REP,51
Minnehaha,513,States Attorney,,Paul Bengford,REP,28
Minnehaha,513,States Attorney,,Daniel Haggar,REP,63
Minnehaha,514,States Attorney,,Crystal Johnson,REP,48
Minnehaha,514,States Attorney,,Paul Bengford,REP,22
Minnehaha,514,States Attorney,,Daniel Haggar,REP,49
Minnehaha,517,States Attorney,,Crystal Johnson,REP,49
Minnehaha,517,States Attorney,,Paul Bengford,REP,35
Minnehaha,517,States Attorney,,Daniel Haggar,REP,50
Minnehaha,518,States Attorney,,Crystal Johnson,REP,49
Minnehaha,518,States Attorney,,Paul Bengford,REP,18
Minnehaha,518,States Attorney,,Daniel Haggar,REP,64
Minnehaha,519,States Attorney,,Crystal Johnson,REP,47
Minnehaha,519,States Attorney,,Paul Bengford,REP,21
Minnehaha,519,States Attorney,,Daniel Haggar,REP,63
Minnehaha,520,States Attorney,,Crystal Johnson,REP,54
Minnehaha,520,States Attorney,,Paul Bengford,REP,24
Minnehaha,520,States Attorney,,Daniel Haggar,REP,57
Minnehaha,521,States Attorney,,Crystal Johnson,REP,46
Minnehaha,521,States Attorney,,Paul Bengford,REP,15
Minnehaha,521,States Attorney,,Daniel Haggar,REP,41
Minnehaha,VP01,States Attorney,,Crystal Johnson,REP,47
Minnehaha,VP01,States Attorney,,Paul Bengford,REP,11
Minnehaha,VP01,States Attorney,,Daniel Haggar,REP,46
Minnehaha,VP02,States Attorney,,Crystal Johnson,REP,141
Minnehaha,VP02,States Attorney,,Paul Bengford,REP,33
Minnehaha,VP02,States Attorney,,Daniel Haggar,REP,179
Minnehaha,VP03,States Attorney,,Crystal Johnson,REP,140
Minnehaha,VP03,States Attorney,,Paul Bengford,REP,37
Minnehaha,VP03,States Attorney,,Daniel Haggar,REP,172
Minnehaha,VP04,States Attorney,,Crystal Johnson,REP,75
Minnehaha,VP04,States Attorney,,Paul Bengford,REP,22
Minnehaha,VP04,States Attorney,,Daniel Haggar,REP,126
Minnehaha,VP05,States Attorney,,Crystal Johnson,REP,67
Minnehaha,VP05,States Attorney,,Paul Bengford,REP,23
Minnehaha,VP05,States Attorney,,Daniel Haggar,REP,85
Minnehaha,VP06,States Attorney,,Crystal Johnson,REP,41
Minnehaha,VP06,States Attorney,,Paul Bengford,REP,9
Minnehaha,VP06,States Attorney,,Daniel Haggar,REP,47
Minnehaha,VP07,States Attorney,,Crystal Johnson,REP,120
Minnehaha,VP07,States Attorney,,Paul Bengford,REP,24
Minnehaha,VP07,States Attorney,,Daniel Haggar,REP,141
Minnehaha,VP08,States Attorney,,Crystal Johnson,REP,30
Minnehaha,VP08,States Attorney,,Paul Bengford,REP,15
Minnehaha,VP08,States Attorney,,Daniel Haggar,REP,53
Minnehaha,VP09,States Attorney,,Crystal Johnson,REP,89
Minnehaha,VP09,States Attorney,,Paul Bengford,REP,33
Minnehaha,VP09,States Attorney,,Daniel Haggar,REP,78
Minnehaha,VP10,States Attorney,,Crystal Johnson,REP,69
Minnehaha,VP10,States Attorney,,Paul Bengford,REP,23
Minnehaha,VP10,States Attorney,,Daniel Haggar,REP,67
Minnehaha,VP11,States Attorney,,Crystal Johnson,REP,52
Minnehaha,VP11,States Attorney,,Paul Bengford,REP,22
Minnehaha,VP11,States Attorney,,Daniel Haggar,REP,68
Minnehaha,VP12,States Attorney,,Crystal Johnson,REP,17
Minnehaha,VP12,States Attorney,,Paul Bengford,REP,1
Minnehaha,VP12,States Attorney,,Daniel Haggar,REP,8
Minnehaha,VP13,States Attorney,,Crystal Johnson,REP,66
Minnehaha,VP13,States Attorney,,Paul Bengford,REP,24
Minnehaha,VP13,States Attorney,,Daniel Haggar,REP,75
Minnehaha,VP15,States Attorney,,Crystal Johnson,REP,96
Minnehaha,VP15,States Attorney,,Paul Bengford,REP,30
Minnehaha,VP15,States Attorney,,Daniel Haggar,REP,101
Minnehaha,VP16,States Attorney,,Crystal Johnson,REP,86
Minnehaha,VP16,States Attorney,,Paul Bengford,REP,21
Minnehaha,VP16,States Attorney,,Daniel Haggar,REP,66
Minnehaha,VP17,States Attorney,,Crystal Johnson,REP,68
Minnehaha,VP17,States Attorney,,Paul Bengford,REP,12
Minnehaha,VP17,States Attorney,,Daniel Haggar,REP,69
Minnehaha,VP21,States Attorney,,Crystal Johnson,REP,70
Minnehaha,VP21,States Attorney,,Paul Bengford,REP,17
Minnehaha,VP21,States Attorney,,Daniel Haggar,REP,96
Minnehaha,208,Precinct Committeeman Precinct-0208,,R. Shawn Tornow,REP,173
Minnehaha,208,Precinct Committeeman Precinct-0208,,John Gregg III,REP,93
Minnehaha,306,Precinct Committeeman Precinct-0306,,Anthony VanderWoude,REP,39
Minnehaha,306,Precinct Committeeman Precinct-0306,,Matt Rosburg,REP,33
Minnehaha,317,Precinct Committeeman Precinct-0317,,David Bachmann,REP,79
Minnehaha,317,Precinct Committeeman Precinct-0317,,Greg A Neitzert,REP,240
Minnehaha,512,Precinct Committeeman Precinct-0512,,Justin Bosma,REP,41
Minnehaha,512,Precinct Committeeman Precinct-0512,,Thomas Bosma,REP,22
Minnehaha,VP15,Precinct Committeeman Precinct-VP15,,David R. Carson,REP,68
Minnehaha,VP15,Precinct Committeeman Precinct-VP15,,Michael Steltz,REP,62
Minnehaha,314,Precinct Committeewoman Precinct- 0314,,Linda J Johnson,REP,61
Minnehaha,314,Precinct Committeewoman Precinct- 0314,,Bethany Soye,REP,81
Minnehaha,314,Precinct Committeewoman Precinct- 0314,,Amanda Randall,REP,43
Moody,1,President,,Bernie Sanders,DEM,26
Moody,1,President,,Joseph R. Biden,DEM,97
Moody,2,President,,Bernie Sanders,DEM,20
Moody,2,President,,Joseph R. Biden,DEM,77
Moody,3,President,,Bernie Sanders,DEM,12
Moody,3,President,,Joseph R. Biden,DEM,31
Moody,34,President,,Bernie Sanders,DEM,4
Moody,34,President,,Joseph R. Biden,DEM,26
Moody,4,President,,Bernie Sanders,DEM,10
Moody,4,President,,Joseph R. Biden,DEM,24
Moody,5,President,,Bernie Sanders,DEM,13
Moody,5,President,,Joseph R. Biden,DEM,42
Moody,1,U.S. Senate,,Mike Rounds,REP,58
Moody,1,U.S. Senate,,Scyller J. Borglum,REP,14
Moody,2,U.S. Senate,,Mike Rounds,REP,62
Moody,2,U.S. Senate,,Scyller J. Borglum,REP,17
Moody,3,U.S. Senate,,Mike Rounds,REP,57
Moody,3,U.S. Senate,,Scyller J. Borglum,REP,14
Moody,34,U.S. Senate,,Mike Rounds,REP,56
Moody,34,U.S. Senate,,Scyller J. Borglum,REP,5
Moody,4,U.S. Senate,,Mike Rounds,REP,53
Moody,4,U.S. Senate,,Scyller J. Borglum,REP,16
Moody,5,U.S. Senate,,Mike Rounds,REP,74
Moody,5,U.S. Senate,,Scyller J. Borglum,REP,23
Moody,1,U.S. Representative,1,Liz Marty May,REP,20
Moody,1,U.S. Representative,1,Dusty Johnson,REP,52
Moody,2,U.S. Representative,1,Liz Marty May,REP,15
Moody,2,U.S. Representative,1,Dusty Johnson,REP,64
Moody,3,U.S. Representative,1,Liz Marty May,REP,16
Moody,3,U.S. Representative,1,Dusty Johnson,REP,55
Moody,34,U.S. Representative,1,Liz Marty May,REP,4
Moody,34,U.S. Representative,1,Dusty Johnson,REP,57
Moody,4,U.S. Representative,1,Liz Marty May,REP,21
Moody,4,U.S. Representative,1,Dusty Johnson,REP,48
Moody,5,U.S. Representative,1,Liz Marty May,REP,25
Moody,5,U.S. Representative,1,Dusty Johnson,REP,71
Oglala Lakota,Batesland,President,,Bernie Sanders,DEM,14
Oglala Lakota,Batesland,President,,Joseph R. Biden,DEM,19
Oglala Lakota,Cuny Table,President,,Bernie Sanders,DEM,6
Oglala Lakota,Cuny Table,President,,Joseph R. Biden,DEM,4
Oglala Lakota,Kyle,President,,Bernie Sanders,DEM,69
Oglala Lakota,Kyle,President,,Joseph R. Biden,DEM,77
Oglala Lakota,Manderson,President,,Bernie Sanders,DEM,18
Oglala Lakota,Manderson,President,,Joseph R. Biden,DEM,16
Oglala Lakota,Oglala,President,,Bernie Sanders,DEM,49
Oglala Lakota,Oglala,President,,Joseph R. Biden,DEM,38
Oglala Lakota,Pine Ridge 1,President,,Bernie Sanders,DEM,43
Oglala Lakota,Pine Ridge 1,President,,Joseph R. Biden,DEM,89
Oglala Lakota,Pine Ridge 3,President,,Bernie Sanders,DEM,39
Oglala Lakota,Pine Ridge 3,President,,Joseph R. Biden,DEM,72
Oglala Lakota,Porcupine,President,,Bernie Sanders,DEM,47
Oglala Lakota,Porcupine,President,,Joseph R. Biden,DEM,77
Oglala Lakota,Rockyford,President,,Bernie Sanders,DEM,12
Oglala Lakota,Rockyford,President,,Joseph R. Biden,DEM,24
Oglala Lakota,Batesland,U.S. Senate,,Mike Rounds,REP,12
Oglala Lakota,Batesland,U.S. Senate,,Scyller J. Borglum,REP,7
Oglala Lakota,Cuny Table,U.S. Senate,,Mike Rounds,REP,4
Oglala Lakota,Cuny Table,U.S. Senate,,Scyller J. Borglum,REP,9
Oglala Lakota,Kyle,U.S. Senate,,Mike Rounds,REP,2
Oglala Lakota,Kyle,U.S. Senate,,Scyller J. Borglum,REP,13
Oglala Lakota,Manderson,U.S. Senate,,Mike Rounds,REP,0
Oglala Lakota,Manderson,U.S. Senate,,Scyller J. Borglum,REP,1
Oglala Lakota,Oglala,U.S. Senate,,Mike Rounds,REP,11
Oglala Lakota,Oglala,U.S. Senate,,Scyller J. Borglum,REP,9
Oglala Lakota,Pine Ridge 1,U.S. Senate,,Mike Rounds,REP,4
Oglala Lakota,Pine Ridge 1,U.S. Senate,,Scyller J. Borglum,REP,1
Oglala Lakota,Pine Ridge 3,U.S. Senate,,Mike Rounds,REP,4
Oglala Lakota,Pine Ridge 3,U.S. Senate,,Scyller J. Borglum,REP,0
Oglala Lakota,Porcupine,U.S. Senate,,Mike Rounds,REP,4
Oglala Lakota,Porcupine,U.S. Senate,,Scyller J. Borglum,REP,2
Oglala Lakota,Rockyford,U.S. Senate,,Mike Rounds,REP,2
Oglala Lakota,Rockyford,U.S. Senate,,Scyller J. Borglum,REP,0
Oglala Lakota,Batesland,U.S. Representative,1,Liz Marty May,REP,15
Oglala Lakota,Batesland,U.S. Representative,1,Dusty Johnson,REP,4
Oglala Lakota,Cuny Table,U.S. Representative,1,Liz Marty May,REP,12
Oglala Lakota,Cuny Table,U.S. Representative,1,Dusty Johnson,REP,1
Oglala Lakota,Kyle,U.S. Representative,1,Liz Marty May,REP,9
Oglala Lakota,Kyle,U.S. Representative,1,Dusty Johnson,REP,5
Oglala Lakota,Manderson,U.S. Representative,1,Liz Marty May,REP,1
Oglala Lakota,Manderson,U.S. Representative,1,Dusty Johnson,REP,0
Oglala Lakota,Oglala,U.S. Representative,1,Liz Marty May,REP,12
Oglala Lakota,Oglala,U.S. Representative,1,Dusty Johnson,REP,7
Oglala Lakota,Pine Ridge 1,U.S. Representative,1,Liz Marty May,REP,3
Oglala Lakota,Pine Ridge 1,U.S. Representative,1,Dusty Johnson,REP,2
Oglala Lakota,Pine Ridge 3,U.S. Representative,1,Liz Marty May,REP,0
Oglala Lakota,Pine Ridge 3,U.S. Representative,1,Dusty Johnson,REP,3
Oglala Lakota,Porcupine,U.S. Representative,1,Liz Marty May,REP,3
Oglala Lakota,Porcupine,U.S. Representative,1,Dusty Johnson,REP,3
Oglala Lakota,Rockyford,U.S. Representative,1,Liz Marty May,REP,0
Oglala Lakota,Rockyford,U.S. Representative,1,Dusty Johnson,REP,2
Pennington,1-1,President,,Bernie Sanders,DEM,48
Pennington,1-1,President,,Joseph R. Biden,DEM,150
Pennington,1-2,President,,Bernie Sanders,DEM,84
Pennington,1-2,President,,Joseph R. Biden,DEM,190
Pennington,1-3,President,,Bernie Sanders,DEM,77
Pennington,1-3,President,,Joseph R. Biden,DEM,318
Pennington,1-4,President,,Bernie Sanders,DEM,25
Pennington,1-4,President,,Joseph R. Biden,DEM,113
Pennington,2-1,President,,Bernie Sanders,DEM,3
Pennington,2-1,President,,Joseph R. Biden,DEM,19
Pennington,2-2,President,,Bernie Sanders,DEM,3
Pennington,2-2,President,,Joseph R. Biden,DEM,9
Pennington,2-3,President,,Bernie Sanders,DEM,63
Pennington,2-3,President,,Joseph R. Biden,DEM,143
Pennington,2-4,President,,Bernie Sanders,DEM,138
Pennington,2-4,President,,Joseph R. Biden,DEM,251
Pennington,2-5,President,,Bernie Sanders,DEM,12
Pennington,2-5,President,,Joseph R. Biden,DEM,10
Pennington,3-1,President,,Bernie Sanders,DEM,32
Pennington,3-1,President,,Joseph R. Biden,DEM,84
Pennington,3-2,President,,Bernie Sanders,DEM,54
Pennington,3-2,President,,Joseph R. Biden,DEM,344
Pennington,3-3,President,,Bernie Sanders,DEM,28
Pennington,3-3,President,,Joseph R. Biden,DEM,130
Pennington,3-4,President,,Bernie Sanders,DEM,101
Pennington,3-4,President,,Joseph R. Biden,DEM,395
Pennington,3-5,President,,Bernie Sanders,DEM,9
Pennington,3-5,President,,Joseph R. Biden,DEM,51
Pennington,4-1,President,,Bernie Sanders,DEM,34
Pennington,4-1,President,,Joseph R. Biden,DEM,44
Pennington,4-2,President,,Bernie Sanders,DEM,60
Pennington,4-2,President,,Joseph R. Biden,DEM,145
Pennington,4-3,President,,Bernie Sanders,DEM,49
Pennington,4-3,President,,Joseph R. Biden,DEM,108
Pennington,4-4,President,,Bernie Sanders,DEM,62
Pennington,4-4,President,,Joseph R. Biden,DEM,127
Pennington,4-5,President,,Bernie Sanders,DEM,34
Pennington,4-5,President,,Joseph R. Biden,DEM,86
Pennington,5-1,President,,Bernie Sanders,DEM,17
Pennington,5-1,President,,Joseph R. Biden,DEM,70
Pennington,5-2,President,,Bernie Sanders,DEM,88
Pennington,5-2,President,,Joseph R. Biden,DEM,213
Pennington,5-3,President,,Bernie Sanders,DEM,88
Pennington,5-3,President,,Joseph R. Biden,DEM,230
Pennington,5-4,President,,Bernie Sanders,DEM,93
Pennington,5-4,President,,Joseph R. Biden,DEM,256
Pennington,5-5,President,,Bernie Sanders,DEM,7
Pennington,5-5,President,,Joseph R. Biden,DEM,65
Pennington,AW,President,,Bernie Sanders,DEM,73
Pennington,AW,President,,Joseph R. Biden,DEM,356
Pennington,BE,President,,Bernie Sanders,DEM,31
Pennington,BE,President,,Joseph R. Biden,DEM,94
Pennington,CA,President,,Bernie Sanders,DEM,8
Pennington,CA,President,,Joseph R. Biden,DEM,36
Pennington,CL,President,,Bernie Sanders,DEM,12
Pennington,CL,President,,Joseph R. Biden,DEM,58
Pennington,CR,President,,Bernie Sanders,DEM,0
Pennington,CR,President,,Joseph R. Biden,DEM,1
Pennington,DT,President,,Bernie Sanders,DEM,34
Pennington,DT,President,,Joseph R. Biden,DEM,85
Pennington,EL,President,,Bernie Sanders,DEM,21
Pennington,EL,President,,Joseph R. Biden,DEM,50
Pennington,HC,President,,Bernie Sanders,DEM,40
Pennington,HC,President,,Joseph R. Biden,DEM,107
Pennington,HR,President,,Bernie Sanders,DEM,27
Pennington,HR,President,,Joseph R. Biden,DEM,127
Pennington,JS,President,,Bernie Sanders,DEM,24
Pennington,JS,President,,Joseph R. Biden,DEM,147
Pennington,KY,President,,Bernie Sanders,DEM,17
Pennington,KY,President,,Joseph R. Biden,DEM,57
Pennington,LS,President,,Bernie Sanders,DEM,9
Pennington,LS,President,,Joseph R. Biden,DEM,28
Pennington,NH,President,,Bernie Sanders,DEM,5
Pennington,NH,President,,Joseph R. Biden,DEM,21
Pennington,NU,President,,Bernie Sanders,DEM,14
Pennington,NU,President,,Joseph R. Biden,DEM,52
Pennington,QU,President,,Bernie Sanders,DEM,3
Pennington,QU,President,,Joseph R. Biden,DEM,6
Pennington,RK,President,,Bernie Sanders,DEM,2
Pennington,RK,President,,Joseph R. Biden,DEM,3
Pennington,RV,President,,Bernie Sanders,DEM,36
Pennington,RV,President,,Joseph R. Biden,DEM,100
Pennington,SC,President,,Bernie Sanders,DEM,4
Pennington,SC,President,,Joseph R. Biden,DEM,2
Pennington,VF,President,,Bernie Sanders,DEM,51
Pennington,VF,President,,Joseph R. Biden,DEM,137
Pennington,VV,President,,Bernie Sanders,DEM,27
Pennington,VV,President,,Joseph R. Biden,DEM,106
Pennington,WL,President,,Bernie Sanders,DEM,4
Pennington,WL,President,,Joseph R. Biden,DEM,18
Pennington,WP,President,,Bernie Sanders,DEM,42
Pennington,WP,President,,Joseph R. Biden,DEM,132
Pennington,WS,President,,Bernie Sanders,DEM,3
Pennington,WS,President,,Joseph R. Biden,DEM,5
Pennington,1-1,U.S. Senate,,Mike Rounds,REP,310
Pennington,1-1,U.S. Senate,,Scyller J. Borglum,REP,121
Pennington,1-2,U.S. Senate,,Mike Rounds,REP,343
Pennington,1-2,U.S. Senate,,Scyller J. Borglum,REP,156
Pennington,1-3,U.S. Senate,,Mike Rounds,REP,634
Pennington,1-3,U.S. Senate,,Scyller J. Borglum,REP,260
Pennington,1-4,U.S. Senate,,Mike Rounds,REP,234
Pennington,1-4,U.S. Senate,,Scyller J. Borglum,REP,81
Pennington,2-1,U.S. Senate,,Mike Rounds,REP,18
Pennington,2-1,U.S. Senate,,Scyller J. Borglum,REP,3
Pennington,2-2,U.S. Senate,,Mike Rounds,REP,21
Pennington,2-2,U.S. Senate,,Scyller J. Borglum,REP,3
Pennington,2-3,U.S. Senate,,Mike Rounds,REP,238
Pennington,2-3,U.S. Senate,,Scyller J. Borglum,REP,89
Pennington,2-4,U.S. Senate,,Mike Rounds,REP,268
Pennington,2-4,U.S. Senate,,Scyller J. Borglum,REP,153
Pennington,2-5,U.S. Senate,,Mike Rounds,REP,20
Pennington,2-5,U.S. Senate,,Scyller J. Borglum,REP,6
Pennington,3-1,U.S. Senate,,Mike Rounds,REP,144
Pennington,3-1,U.S. Senate,,Scyller J. Borglum,REP,65
Pennington,3-2,U.S. Senate,,Mike Rounds,REP,783
Pennington,3-2,U.S. Senate,,Scyller J. Borglum,REP,297
Pennington,3-3,U.S. Senate,,Mike Rounds,REP,221
Pennington,3-3,U.S. Senate,,Scyller J. Borglum,REP,80
Pennington,3-4,U.S. Senate,,Mike Rounds,REP,630
Pennington,3-4,U.S. Senate,,Scyller J. Borglum,REP,248
Pennington,3-5,U.S. Senate,,Mike Rounds,REP,95
Pennington,3-5,U.S. Senate,,Scyller J. Borglum,REP,35
Pennington,4-1,U.S. Senate,,Mike Rounds,REP,85
Pennington,4-1,U.S. Senate,,Scyller J. Borglum,REP,27
Pennington,4-2,U.S. Senate,,Mike Rounds,REP,179
Pennington,4-2,U.S. Senate,,Scyller J. Borglum,REP,73
Pennington,4-3,U.S. Senate,,Mike Rounds,REP,173
Pennington,4-3,U.S. Senate,,Scyller J. Borglum,REP,60
Pennington,4-4,U.S. Senate,,Mike Rounds,REP,153
Pennington,4-4,U.S. Senate,,Scyller J. Borglum,REP,55
Pennington,4-5,U.S. Senate,,Mike Rounds,REP,166
Pennington,4-5,U.S. Senate,,Scyller J. Borglum,REP,77
Pennington,5-1,U.S. Senate,,Mike Rounds,REP,80
Pennington,5-1,U.S. Senate,,Scyller J. Borglum,REP,33
Pennington,5-2,U.S. Senate,,Mike Rounds,REP,274
Pennington,5-2,U.S. Senate,,Scyller J. Borglum,REP,145
Pennington,5-3,U.S. Senate,,Mike Rounds,REP,427
Pennington,5-3,U.S. Senate,,Scyller J. Borglum,REP,184
Pennington,5-4,U.S. Senate,,Mike Rounds,REP,248
Pennington,5-4,U.S. Senate,,Scyller J. Borglum,REP,119
Pennington,5-5,U.S. Senate,,Mike Rounds,REP,117
Pennington,5-5,U.S. Senate,,Scyller J. Borglum,REP,40
Pennington,AW,U.S. Senate,,Mike Rounds,REP,672
Pennington,AW,U.S. Senate,,Scyller J. Borglum,REP,97
Pennington,BE,U.S. Senate,,Mike Rounds,REP,177
Pennington,BE,U.S. Senate,,Scyller J. Borglum,REP,66
Pennington,CA,U.S. Senate,,Mike Rounds,REP,100
Pennington,CA,U.S. Senate,,Scyller J. Borglum,REP,65
Pennington,CL,U.S. Senate,,Mike Rounds,REP,125
Pennington,CL,U.S. Senate,,Scyller J. Borglum,REP,37
Pennington,CR,U.S. Senate,,Mike Rounds,REP,15
Pennington,CR,U.S. Senate,,Scyller J. Borglum,REP,4
Pennington,DT,U.S. Senate,,Mike Rounds,REP,290
Pennington,DT,U.S. Senate,,Scyller J. Borglum,REP,90
Pennington,EL,U.S. Senate,,Mike Rounds,REP,75
Pennington,EL,U.S. Senate,,Scyller J. Borglum,REP,25
Pennington,HC,U.S. Senate,,Mike Rounds,REP,287
Pennington,HC,U.S. Senate,,Scyller J. Borglum,REP,79
Pennington,HR,U.S. Senate,,Mike Rounds,REP,311
Pennington,HR,U.S. Senate,,Scyller J. Borglum,REP,130
Pennington,JS,U.S. Senate,,Mike Rounds,REP,385
Pennington,JS,U.S. Senate,,Scyller J. Borglum,REP,152
Pennington,KY,U.S. Senate,,Mike Rounds,REP,140
Pennington,KY,U.S. Senate,,Scyller J. Borglum,REP,37
Pennington,LS,U.S. Senate,,Mike Rounds,REP,95
Pennington,LS,U.S. Senate,,Scyller J. Borglum,REP,38
Pennington,NH,U.S. Senate,,Mike Rounds,REP,47
Pennington,NH,U.S. Senate,,Scyller J. Borglum,REP,23
Pennington,NU,U.S. Senate,,Mike Rounds,REP,155
Pennington,NU,U.S. Senate,,Scyller J. Borglum,REP,81
Pennington,QU,U.S. Senate,,Mike Rounds,REP,61
Pennington,QU,U.S. Senate,,Scyller J. Borglum,REP,39
Pennington,RK,U.S. Senate,,Mike Rounds,REP,13
Pennington,RK,U.S. Senate,,Scyller J. Borglum,REP,4
Pennington,RV,U.S. Senate,,Mike Rounds,REP,194
Pennington,RV,U.S. Senate,,Scyller J. Borglum,REP,72
Pennington,SC,U.S. Senate,,Mike Rounds,REP,16
Pennington,SC,U.S. Senate,,Scyller J. Borglum,REP,23
Pennington,VF,U.S. Senate,,Mike Rounds,REP,286
Pennington,VF,U.S. Senate,,Scyller J. Borglum,REP,121
Pennington,VV,U.S. Senate,,Mike Rounds,REP,205
Pennington,VV,U.S. Senate,,Scyller J. Borglum,REP,90
Pennington,WL,U.S. Senate,,Mike Rounds,REP,101
Pennington,WL,U.S. Senate,,Scyller J. Borglum,REP,67
Pennington,WP,U.S. Senate,,Mike Rounds,REP,340
Pennington,WP,U.S. Senate,,Scyller J. Borglum,REP,109
Pennington,WS,U.S. Senate,,Mike Rounds,REP,15
Pennington,WS,U.S. Senate,,Scyller J. Borglum,REP,23
Pennington,1-1,U.S. Representative,1,Liz Marty May,REP,83
Pennington,1-1,U.S. Representative,1,Dusty Johnson,REP,349
Pennington,1-2,U.S. Representative,1,Liz Marty May,REP,102
Pennington,1-2,U.S. Representative,1,Dusty Johnson,REP,392
Pennington,1-3,U.S. Representative,1,Liz Marty May,REP,183
Pennington,1-3,U.S. Representative,1,Dusty Johnson,REP,698
Pennington,1-4,U.S. Representative,1,Liz Marty May,REP,68
Pennington,1-4,U.S. Representative,1,Dusty Johnson,REP,245
Pennington,2-1,U.S. Representative,1,Liz Marty May,REP,4
Pennington,2-1,U.S. Representative,1,Dusty Johnson,REP,16
Pennington,2-2,U.S. Representative,1,Liz Marty May,REP,6
Pennington,2-2,U.S. Representative,1,Dusty Johnson,REP,18
Pennington,2-3,U.S. Representative,1,Liz Marty May,REP,81
Pennington,2-3,U.S. Representative,1,Dusty Johnson,REP,242
Pennington,2-4,U.S. Representative,1,Liz Marty May,REP,107
Pennington,2-4,U.S. Representative,1,Dusty Johnson,REP,315
Pennington,2-5,U.S. Representative,1,Liz Marty May,REP,5
Pennington,2-5,U.S. Representative,1,Dusty Johnson,REP,20
Pennington,3-1,U.S. Representative,1,Liz Marty May,REP,69
Pennington,3-1,U.S. Representative,1,Dusty Johnson,REP,139
Pennington,3-2,U.S. Representative,1,Liz Marty May,REP,206
Pennington,3-2,U.S. Representative,1,Dusty Johnson,REP,872
Pennington,3-3,U.S. Representative,1,Liz Marty May,REP,68
Pennington,3-3,U.S. Representative,1,Dusty Johnson,REP,229
Pennington,3-4,U.S. Representative,1,Liz Marty May,REP,188
Pennington,3-4,U.S. Representative,1,Dusty Johnson,REP,693
Pennington,3-5,U.S. Representative,1,Liz Marty May,REP,27
Pennington,3-5,U.S. Representative,1,Dusty Johnson,REP,106
Pennington,4-1,U.S. Representative,1,Liz Marty May,REP,24
Pennington,4-1,U.S. Representative,1,Dusty Johnson,REP,87
Pennington,4-2,U.S. Representative,1,Liz Marty May,REP,67
Pennington,4-2,U.S. Representative,1,Dusty Johnson,REP,183
Pennington,4-3,U.S. Representative,1,Liz Marty May,REP,59
Pennington,4-3,U.S. Representative,1,Dusty Johnson,REP,169
Pennington,4-4,U.S. Representative,1,Liz Marty May,REP,45
Pennington,4-4,U.S. Representative,1,Dusty Johnson,REP,161
Pennington,4-5,U.S. Representative,1,Liz Marty May,REP,74
Pennington,4-5,U.S. Representative,1,Dusty Johnson,REP,164
Pennington,5-1,U.S. Representative,1,Liz Marty May,REP,24
Pennington,5-1,U.S. Representative,1,Dusty Johnson,REP,88
Pennington,5-2,U.S. Representative,1,Liz Marty May,REP,130
Pennington,5-2,U.S. Representative,1,Dusty Johnson,REP,281
Pennington,5-3,U.S. Representative,1,Liz Marty May,REP,131
Pennington,5-3,U.S. Representative,1,Dusty Johnson,REP,474
Pennington,5-4,U.S. Representative,1,Liz Marty May,REP,105
Pennington,5-4,U.S. Representative,1,Dusty Johnson,REP,265
Pennington,5-5,U.S. Representative,1,Liz Marty May,REP,19
Pennington,5-5,U.S. Representative,1,Dusty Johnson,REP,138
Pennington,AW,U.S. Representative,1,Liz Marty May,REP,215
Pennington,AW,U.S. Representative,1,Dusty Johnson,REP,550
Pennington,BE,U.S. Representative,1,Liz Marty May,REP,66
Pennington,BE,U.S. Representative,1,Dusty Johnson,REP,176
Pennington,CA,U.S. Representative,1,Liz Marty May,REP,66
Pennington,CA,U.S. Representative,1,Dusty Johnson,REP,97
Pennington,CL,U.S. Representative,1,Liz Marty May,REP,33
Pennington,CL,U.S. Representative,1,Dusty Johnson,REP,131
Pennington,CR,U.S. Representative,1,Liz Marty May,REP,8
Pennington,CR,U.S. Representative,1,Dusty Johnson,REP,11
Pennington,DT,U.S. Representative,1,Liz Marty May,REP,93
Pennington,DT,U.S. Representative,1,Dusty Johnson,REP,288
Pennington,EL,U.S. Representative,1,Liz Marty May,REP,27
Pennington,EL,U.S. Representative,1,Dusty Johnson,REP,72
Pennington,HC,U.S. Representative,1,Liz Marty May,REP,91
Pennington,HC,U.S. Representative,1,Dusty Johnson,REP,271
Pennington,HR,U.S. Representative,1,Liz Marty May,REP,115
Pennington,HR,U.S. Representative,1,Dusty Johnson,REP,318
Pennington,JS,U.S. Representative,1,Liz Marty May,REP,154
Pennington,JS,U.S. Representative,1,Dusty Johnson,REP,381
Pennington,KY,U.S. Representative,1,Liz Marty May,REP,41
Pennington,KY,U.S. Representative,1,Dusty Johnson,REP,136
Pennington,LS,U.S. Representative,1,Liz Marty May,REP,42
Pennington,LS,U.S. Representative,1,Dusty Johnson,REP,92
Pennington,NH,U.S. Representative,1,Liz Marty May,REP,18
Pennington,NH,U.S. Representative,1,Dusty Johnson,REP,51
Pennington,NU,U.S. Representative,1,Liz Marty May,REP,97
Pennington,NU,U.S. Representative,1,Dusty Johnson,REP,139
Pennington,QU,U.S. Representative,1,Liz Marty May,REP,64
Pennington,QU,U.S. Representative,1,Dusty Johnson,REP,36
Pennington,RK,U.S. Representative,1,Liz Marty May,REP,4
Pennington,RK,U.S. Representative,1,Dusty Johnson,REP,13
Pennington,RV,U.S. Representative,1,Liz Marty May,REP,66
Pennington,RV,U.S. Representative,1,Dusty Johnson,REP,197
Pennington,SC,U.S. Representative,1,Liz Marty May,REP,32
Pennington,SC,U.S. Representative,1,Dusty Johnson,REP,9
Pennington,VF,U.S. Representative,1,Liz Marty May,REP,113
Pennington,VF,U.S. Representative,1,Dusty Johnson,REP,288
Pennington,VV,U.S. Representative,1,Liz Marty May,REP,84
Pennington,VV,U.S. Representative,1,Dusty Johnson,REP,211
Pennington,WL,U.S. Representative,1,Liz Marty May,REP,87
Pennington,WL,U.S. Representative,1,Dusty Johnson,REP,78
Pennington,WP,U.S. Representative,1,Liz Marty May,REP,98
Pennington,WP,U.S. Representative,1,Dusty Johnson,REP,352
Pennington,WS,U.S. Representative,1,Liz Marty May,REP,17
Pennington,WS,U.S. Representative,1,Dusty Johnson,REP,22
Pennington,EL,State Senate,29,Terri Jorgenson,REP,57
Pennington,EL,State Senate,29,Gary L Cammack,REP,37
Pennington,CA,State Senate,30,Julie Frye-Mueller,REP,83
Pennington,CA,State Senate,30,George H Kotti,REP,66
Pennington,HC,State Senate,30,Julie Frye-Mueller,REP,180
Pennington,HC,State Senate,30,George H Kotti,REP,171
Pennington,HR,State Senate,30,Julie Frye-Mueller,REP,223
Pennington,HR,State Senate,30,George H Kotti,REP,188
Pennington,KY,State Senate,30,Julie Frye-Mueller,REP,89
Pennington,KY,State Senate,30,George H Kotti,REP,73
Pennington,LS,State Senate,30,Julie Frye-Mueller,REP,57
Pennington,LS,State Senate,30,George H Kotti,REP,72
Pennington,NU,State Senate,30,Julie Frye-Mueller,REP,95
Pennington,NU,State Senate,30,George H Kotti,REP,108
Pennington,WL,State Senate,30,Julie Frye-Mueller,REP,78
Pennington,WL,State Senate,30,George H Kotti,REP,73
Pennington,WS,State Senate,30,Julie Frye-Mueller,REP,20
Pennington,WS,State Senate,30,George H Kotti,REP,16
Pennington,2-2,State Senate,33,David Johnson,REP,2
Pennington,2-2,State Senate,33,Janet Jensen,REP,23
Pennington,3-5,State Senate,33,David Johnson,REP,76
Pennington,3-5,State Senate,33,Janet Jensen,REP,56
Pennington,4-3,State Senate,33,David Johnson,REP,107
Pennington,4-3,State Senate,33,Janet Jensen,REP,126
Pennington,4-4,State Senate,33,David Johnson,REP,119
Pennington,4-4,State Senate,33,Janet Jensen,REP,85
Pennington,4-5,State Senate,33,David Johnson,REP,138
Pennington,4-5,State Senate,33,Janet Jensen,REP,95
Pennington,5-5,State Senate,33,David Johnson,REP,94
Pennington,5-5,State Senate,33,Janet Jensen,REP,60
Pennington,AW,State Senate,33,David Johnson,REP,409
Pennington,AW,State Senate,33,Janet Jensen,REP,340
Pennington,CL,State Senate,33,David Johnson,REP,98
Pennington,CL,State Senate,33,Janet Jensen,REP,61
Pennington,DT,State Senate,33,David Johnson,REP,208
Pennington,DT,State Senate,33,Janet Jensen,REP,164
Pennington,JS,State Senate,33,David Johnson,REP,286
Pennington,JS,State Senate,33,Janet Jensen,REP,252
Pennington,NH,State Senate,33,David Johnson,REP,34
Pennington,NH,State Senate,33,Janet Jensen,REP,33
Pennington,WP,State Senate,33,David Johnson,REP,262
Pennington,WP,State Senate,33,Janet Jensen,REP,186
Pennington,1-4,State Senate,35,Kevin Quick,REP,75
Pennington,1-4,State Senate,35,Jessica Castleberry,REP,215
Pennington,2-3,State Senate,35,Kevin Quick,REP,89
Pennington,2-3,State Senate,35,Jessica Castleberry,REP,221
Pennington,4-2,State Senate,35,Kevin Quick,REP,64
Pennington,4-2,State Senate,35,Jessica Castleberry,REP,167
Pennington,BE,State Senate,35,Kevin Quick,REP,61
Pennington,BE,State Senate,35,Jessica Castleberry,REP,169
Pennington,RV,State Senate,35,Kevin Quick,REP,70
Pennington,RV,State Senate,35,Jessica Castleberry,REP,193
Pennington,VF,State Senate,35,Kevin Quick,REP,109
Pennington,VF,State Senate,35,Jessica Castleberry,REP,283
Pennington,VV,State Senate,35,Kevin Quick,REP,83
Pennington,VV,State Senate,35,Jessica Castleberry,REP,194
Pennington,EL,State Representative,29,Kirk J Chaffee,REP,46
Pennington,EL,State Representative,29,Lincoln I Shuck,REP,20
Pennington,EL,State Representative,29,Thomas J Brunner,REP,55
Pennington,EL,State Representative,29,Dean Wink,REP,32
Pennington,CA,State Representative,30,Tim R Goodwin,REP,93
Pennington,CA,State Representative,30,Kwinn Neff,REP,39
Pennington,CA,State Representative,30,Trish Ladner,REP,46
Pennington,CA,State Representative,30,Florence Thompson,REP,59
Pennington,HC,State Representative,30,Tim R Goodwin,REP,257
Pennington,HC,State Representative,30,Kwinn Neff,REP,181
Pennington,HC,State Representative,30,Trish Ladner,REP,86
Pennington,HC,State Representative,30,Florence Thompson,REP,56
Pennington,HR,State Representative,30,Tim R Goodwin,REP,285
Pennington,HR,State Representative,30,Kwinn Neff,REP,150
Pennington,HR,State Representative,30,Trish Ladner,REP,135
Pennington,HR,State Representative,30,Florence Thompson,REP,93
Pennington,KY,State Representative,30,Tim R Goodwin,REP,140
Pennington,KY,State Representative,30,Kwinn Neff,REP,84
Pennington,KY,State Representative,30,Trish Ladner,REP,26
Pennington,KY,State Representative,30,Florence Thompson,REP,40
Pennington,LS,State Representative,30,Tim R Goodwin,REP,84
Pennington,LS,State Representative,30,Kwinn Neff,REP,29
Pennington,LS,State Representative,30,Trish Ladner,REP,44
Pennington,LS,State Representative,30,Florence Thompson,REP,34
Pennington,NU,State Representative,30,Tim R Goodwin,REP,131
Pennington,NU,State Representative,30,Kwinn Neff,REP,53
Pennington,NU,State Representative,30,Trish Ladner,REP,50
Pennington,NU,State Representative,30,Florence Thompson,REP,76
Pennington,WL,State Representative,30,Tim R Goodwin,REP,94
Pennington,WL,State Representative,30,Kwinn Neff,REP,35
Pennington,WL,State Representative,30,Trish Ladner,REP,70
Pennington,WL,State Representative,30,Florence Thompson,REP,42
Pennington,WS,State Representative,30,Tim R Goodwin,REP,17
Pennington,WS,State Representative,30,Kwinn Neff,REP,11
Pennington,WS,State Representative,30,Trish Ladner,REP,11
Pennington,WS,State Representative,30,Florence Thompson,REP,11
Pennington,2-2,State Representative,33,Phil Jensen,REP,19
Pennington,2-2,State Representative,33,Taffy Howard,REP,16
Pennington,2-2,State Representative,33,Melanie Torno,REP,6
Pennington,3-5,State Representative,33,Phil Jensen,REP,57
Pennington,3-5,State Representative,33,Taffy Howard,REP,102
Pennington,3-5,State Representative,33,Melanie Torno,REP,63
Pennington,4-3,State Representative,33,Phil Jensen,REP,137
Pennington,4-3,State Representative,33,Taffy Howard,REP,158
Pennington,4-3,State Representative,33,Melanie Torno,REP,96
Pennington,4-4,State Representative,33,Phil Jensen,REP,127
Pennington,4-4,State Representative,33,Taffy Howard,REP,119
Pennington,4-4,State Representative,33,Melanie Torno,REP,76
Pennington,4-5,State Representative,33,Phil Jensen,REP,128
Pennington,4-5,State Representative,33,Taffy Howard,REP,145
Pennington,4-5,State Representative,33,Melanie Torno,REP,108
Pennington,5-5,State Representative,33,Phil Jensen,REP,75
Pennington,5-5,State Representative,33,Taffy Howard,REP,93
Pennington,5-5,State Representative,33,Melanie Torno,REP,71
Pennington,AW,State Representative,33,Phil Jensen,REP,480
Pennington,AW,State Representative,33,Taffy Howard,REP,515
Pennington,AW,State Representative,33,Melanie Torno,REP,175
Pennington,CL,State Representative,33,Phil Jensen,REP,77
Pennington,CL,State Representative,33,Taffy Howard,REP,116
Pennington,CL,State Representative,33,Melanie Torno,REP,73
Pennington,DT,State Representative,33,Phil Jensen,REP,220
Pennington,DT,State Representative,33,Taffy Howard,REP,266
Pennington,DT,State Representative,33,Melanie Torno,REP,162
Pennington,JS,State Representative,33,Phil Jensen,REP,276
Pennington,JS,State Representative,33,Taffy Howard,REP,388
Pennington,JS,State Representative,33,Melanie Torno,REP,243
Pennington,NH,State Representative,33,Phil Jensen,REP,46
Pennington,NH,State Representative,33,Taffy Howard,REP,39
Pennington,NH,State Representative,33,Melanie Torno,REP,26
Pennington,WP,State Representative,33,Phil Jensen,REP,210
Pennington,WP,State Representative,33,Taffy Howard,REP,338
Pennington,WP,State Representative,33,Melanie Torno,REP,205
Pennington,2-1,State Representative,34,Mike Derby,REP,10
Pennington,2-1,State Representative,34,Jodie Frye,REP,15
Pennington,2-1,State Representative,34,Jess Olson,REP,11
Pennington,3-2,State Representative,34,Mike Derby,REP,698
Pennington,3-2,State Representative,34,Jodie Frye,REP,382
Pennington,3-2,State Representative,34,Jess Olson,REP,601
Pennington,3-3,State Representative,34,Mike Derby,REP,194
Pennington,3-3,State Representative,34,Jodie Frye,REP,107
Pennington,3-3,State Representative,34,Jess Olson,REP,150
Pennington,3-4,State Representative,34,Mike Derby,REP,548
Pennington,3-4,State Representative,34,Jodie Frye,REP,334
Pennington,3-4,State Representative,34,Jess Olson,REP,517
Pennington,4-1,State Representative,34,Mike Derby,REP,58
Pennington,4-1,State Representative,34,Jodie Frye,REP,81
Pennington,4-1,State Representative,34,Jess Olson,REP,44
Pennington,5-1,State Representative,34,Mike Derby,REP,76
Pennington,5-1,State Representative,34,Jodie Frye,REP,47
Pennington,5-1,State Representative,34,Jess Olson,REP,55
Pennington,5-2,State Representative,34,Mike Derby,REP,229
Pennington,5-2,State Representative,34,Jodie Frye,REP,199
Pennington,5-2,State Representative,34,Jess Olson,REP,200
Pennington,5-3,State Representative,34,Mike Derby,REP,381
Pennington,5-3,State Representative,34,Jodie Frye,REP,256
Pennington,5-3,State Representative,34,Jess Olson,REP,321
Pennington,1-1,County Treasurer,,Janet Sayler,REP,244
Pennington,1-1,County Treasurer,,Jody Sorenson,REP,126
Pennington,1-2,County Treasurer,,Janet Sayler,REP,286
Pennington,1-2,County Treasurer,,Jody Sorenson,REP,160
Pennington,1-3,County Treasurer,,Janet Sayler,REP,531
Pennington,1-3,County Treasurer,,Jody Sorenson,REP,245
Pennington,1-4,County Treasurer,,Janet Sayler,REP,192
Pennington,1-4,County Treasurer,,Jody Sorenson,REP,77
Pennington,2-1,County Treasurer,,Janet Sayler,REP,13
Pennington,2-1,County Treasurer,,Jody Sorenson,REP,7
Pennington,2-2,County Treasurer,,Janet Sayler,REP,18
Pennington,2-2,County Treasurer,,Jody Sorenson,REP,6
Pennington,2-3,County Treasurer,,Janet Sayler,REP,177
Pennington,2-3,County Treasurer,,Jody Sorenson,REP,116
Pennington,2-4,County Treasurer,,Janet Sayler,REP,258
Pennington,2-4,County Treasurer,,Jody Sorenson,REP,131
Pennington,2-5,County Treasurer,,Janet Sayler,REP,13
Pennington,2-5,County Treasurer,,Jody Sorenson,REP,10
Pennington,3-1,County Treasurer,,Janet Sayler,REP,134
Pennington,3-1,County Treasurer,,Jody Sorenson,REP,54
Pennington,3-2,County Treasurer,,Janet Sayler,REP,729
Pennington,3-2,County Treasurer,,Jody Sorenson,REP,225
Pennington,3-3,County Treasurer,,Janet Sayler,REP,199
Pennington,3-3,County Treasurer,,Jody Sorenson,REP,72
Pennington,3-4,County Treasurer,,Janet Sayler,REP,557
Pennington,3-4,County Treasurer,,Jody Sorenson,REP,223
Pennington,3-5,County Treasurer,,Janet Sayler,REP,90
Pennington,3-5,County Treasurer,,Jody Sorenson,REP,27
Pennington,4-1,County Treasurer,,Janet Sayler,REP,62
Pennington,4-1,County Treasurer,,Jody Sorenson,REP,45
Pennington,4-2,County Treasurer,,Janet Sayler,REP,149
Pennington,4-2,County Treasurer,,Jody Sorenson,REP,65
Pennington,4-3,County Treasurer,,Janet Sayler,REP,125
Pennington,4-3,County Treasurer,,Jody Sorenson,REP,83
Pennington,4-4,County Treasurer,,Janet Sayler,REP,131
Pennington,4-4,County Treasurer,,Jody Sorenson,REP,60
Pennington,4-5,County Treasurer,,Janet Sayler,REP,139
Pennington,4-5,County Treasurer,,Jody Sorenson,REP,69
Pennington,5-1,County Treasurer,,Janet Sayler,REP,70
Pennington,5-1,County Treasurer,,Jody Sorenson,REP,35
Pennington,5-2,County Treasurer,,Janet Sayler,REP,244
Pennington,5-2,County Treasurer,,Jody Sorenson,REP,127
Pennington,5-3,County Treasurer,,Janet Sayler,REP,393
Pennington,5-3,County Treasurer,,Jody Sorenson,REP,151
Pennington,5-4,County Treasurer,,Janet Sayler,REP,238
Pennington,5-4,County Treasurer,,Jody Sorenson,REP,94
Pennington,5-5,County Treasurer,,Janet Sayler,REP,102
Pennington,5-5,County Treasurer,,Jody Sorenson,REP,33
Pennington,AW,County Treasurer,,Janet Sayler,REP,448
Pennington,AW,County Treasurer,,Jody Sorenson,REP,169
Pennington,BE,County Treasurer,,Janet Sayler,REP,147
Pennington,BE,County Treasurer,,Jody Sorenson,REP,77
Pennington,CA,County Treasurer,,Janet Sayler,REP,99
Pennington,CA,County Treasurer,,Jody Sorenson,REP,53
Pennington,CL,County Treasurer,,Janet Sayler,REP,100
Pennington,CL,County Treasurer,,Jody Sorenson,REP,41
Pennington,CR,County Treasurer,,Janet Sayler,REP,15
Pennington,CR,County Treasurer,,Jody Sorenson,REP,4
Pennington,DT,County Treasurer,,Janet Sayler,REP,237
Pennington,DT,County Treasurer,,Jody Sorenson,REP,95
Pennington,EL,County Treasurer,,Janet Sayler,REP,53
Pennington,EL,County Treasurer,,Jody Sorenson,REP,34
Pennington,HC,County Treasurer,,Janet Sayler,REP,212
Pennington,HC,County Treasurer,,Jody Sorenson,REP,87
Pennington,HR,County Treasurer,,Janet Sayler,REP,273
Pennington,HR,County Treasurer,,Jody Sorenson,REP,102
Pennington,JS,County Treasurer,,Janet Sayler,REP,344
Pennington,JS,County Treasurer,,Jody Sorenson,REP,130
Pennington,KY,County Treasurer,,Janet Sayler,REP,103
Pennington,KY,County Treasurer,,Jody Sorenson,REP,47
Pennington,LS,County Treasurer,,Janet Sayler,REP,78
Pennington,LS,County Treasurer,,Jody Sorenson,REP,41
Pennington,NH,County Treasurer,,Janet Sayler,REP,49
Pennington,NH,County Treasurer,,Jody Sorenson,REP,19
Pennington,NU,County Treasurer,,Janet Sayler,REP,124
Pennington,NU,County Treasurer,,Jody Sorenson,REP,82
Pennington,QU,County Treasurer,,Janet Sayler,REP,61
Pennington,QU,County Treasurer,,Jody Sorenson,REP,18
Pennington,RK,County Treasurer,,Janet Sayler,REP,13
Pennington,RK,County Treasurer,,Jody Sorenson,REP,2
Pennington,RV,County Treasurer,,Janet Sayler,REP,166
Pennington,RV,County Treasurer,,Jody Sorenson,REP,88
Pennington,SC,County Treasurer,,Janet Sayler,REP,18
Pennington,SC,County Treasurer,,Jody Sorenson,REP,17
Pennington,VF,County Treasurer,,Janet Sayler,REP,216
Pennington,VF,County Treasurer,,Jody Sorenson,REP,163
Pennington,VV,County Treasurer,,Janet Sayler,REP,173
Pennington,VV,County Treasurer,,Jody Sorenson,REP,104
Pennington,WL,County Treasurer,,Janet Sayler,REP,109
Pennington,WL,County Treasurer,,Jody Sorenson,REP,45
Pennington,WP,County Treasurer,,Janet Sayler,REP,298
Pennington,WP,County Treasurer,,Jody Sorenson,REP,111
Pennington,WS,County Treasurer,,Janet Sayler,REP,24
Pennington,WS,County Treasurer,,Jody Sorenson,REP,10
Pennington,1-4,County Commissioner Pennington-4,,Travis Lasseter,REP,1
Pennington,1-4,County Commissioner Pennington-4,,Frank Bloom,REP,1
Pennington,2-3,County Commissioner Pennington-4,,Travis Lasseter,REP,27
Pennington,2-3,County Commissioner Pennington-4,,Frank Bloom,REP,9
Pennington,AW,County Commissioner Pennington-4,,Travis Lasseter,REP,480
Pennington,AW,County Commissioner Pennington-4,,Frank Bloom,REP,131
Pennington,BE,County Commissioner Pennington-4,,Travis Lasseter,REP,128
Pennington,BE,County Commissioner Pennington-4,,Frank Bloom,REP,80
Pennington,CA,County Commissioner Pennington-4,,Travis Lasseter,REP,64
Pennington,CA,County Commissioner Pennington-4,,Frank Bloom,REP,85
Pennington,CR,County Commissioner Pennington-4,,Travis Lasseter,REP,3
Pennington,CR,County Commissioner Pennington-4,,Frank Bloom,REP,14
Pennington,EL,County Commissioner Pennington-4,,Travis Lasseter,REP,49
Pennington,EL,County Commissioner Pennington-4,,Frank Bloom,REP,25
Pennington,LS,County Commissioner Pennington-4,,Travis Lasseter,REP,67
Pennington,LS,County Commissioner Pennington-4,,Frank Bloom,REP,46
Pennington,NH,County Commissioner Pennington-4,,Travis Lasseter,REP,37
Pennington,NH,County Commissioner Pennington-4,,Frank Bloom,REP,26
Pennington,NU,County Commissioner Pennington-4,,Travis Lasseter,REP,82
Pennington,NU,County Commissioner Pennington-4,,Frank Bloom,REP,136
Pennington,QU,County Commissioner Pennington-4,,Travis Lasseter,REP,14
Pennington,QU,County Commissioner Pennington-4,,Frank Bloom,REP,76
Pennington,RV,County Commissioner Pennington-4,,Travis Lasseter,REP,154
Pennington,RV,County Commissioner Pennington-4,,Frank Bloom,REP,82
Pennington,SC,County Commissioner Pennington-4,,Travis Lasseter,REP,6
Pennington,SC,County Commissioner Pennington-4,,Frank Bloom,REP,34
Pennington,VF,County Commissioner Pennington-4,,Travis Lasseter,REP,189
Pennington,VF,County Commissioner Pennington-4,,Frank Bloom,REP,159
Pennington,VV,County Commissioner Pennington-4,,Travis Lasseter,REP,156
Pennington,VV,County Commissioner Pennington-4,,Frank Bloom,REP,93
Pennington,WL,County Commissioner Pennington-4,,Travis Lasseter,REP,60
Pennington,WL,County Commissioner Pennington-4,,Frank Bloom,REP,90
Pennington,WS,County Commissioner Pennington-4,,Travis Lasseter,REP,12
Pennington,WS,County Commissioner Pennington-4,,Frank Bloom,REP,21
Pennington,1-1,Delegates to State Convention,,Marguerite McPhillips,REP,152
Pennington,1-1,Delegates to State Convention,,Shari L. Bradstream,REP,171
Pennington,1-1,Delegates to State Convention,,Andrew Ainslie,REP,193
Pennington,1-1,Delegates to State Convention,,John Santana,REP,170
Pennington,1-2,Delegates to State Convention,,Marguerite McPhillips,REP,174
Pennington,1-2,Delegates to State Convention,,Shari L. Bradstream,REP,196
Pennington,1-2,Delegates to State Convention,,Andrew Ainslie,REP,215
Pennington,1-2,Delegates to State Convention,,John Santana,REP,190
Pennington,1-3,Delegates to State Convention,,Marguerite McPhillips,REP,302
Pennington,1-3,Delegates to State Convention,,Shari L. Bradstream,REP,329
Pennington,1-3,Delegates to State Convention,,Andrew Ainslie,REP,388
Pennington,1-3,Delegates to State Convention,,John Santana,REP,328
Pennington,1-4,Delegates to State Convention,,Marguerite McPhillips,REP,114
Pennington,1-4,Delegates to State Convention,,Shari L. Bradstream,REP,123
Pennington,1-4,Delegates to State Convention,,Andrew Ainslie,REP,134
Pennington,1-4,Delegates to State Convention,,John Santana,REP,118
Pennington,2-1,Delegates to State Convention,,Marguerite McPhillips,REP,8
Pennington,2-1,Delegates to State Convention,,Shari L. Bradstream,REP,8
Pennington,2-1,Delegates to State Convention,,Andrew Ainslie,REP,12
Pennington,2-1,Delegates to State Convention,,John Santana,REP,9
Pennington,2-2,Delegates to State Convention,,Marguerite McPhillips,REP,15
Pennington,2-2,Delegates to State Convention,,Shari L. Bradstream,REP,14
Pennington,2-2,Delegates to State Convention,,Andrew Ainslie,REP,13
Pennington,2-2,Delegates to State Convention,,John Santana,REP,18
Pennington,2-3,Delegates to State Convention,,Marguerite McPhillips,REP,95
Pennington,2-3,Delegates to State Convention,,Shari L. Bradstream,REP,110
Pennington,2-3,Delegates to State Convention,,Andrew Ainslie,REP,140
Pennington,2-3,Delegates to State Convention,,John Santana,REP,131
Pennington,2-4,Delegates to State Convention,,Marguerite McPhillips,REP,157
Pennington,2-4,Delegates to State Convention,,Shari L. Bradstream,REP,194
Pennington,2-4,Delegates to State Convention,,Andrew Ainslie,REP,216
Pennington,2-4,Delegates to State Convention,,John Santana,REP,203
Pennington,2-5,Delegates to State Convention,,Marguerite McPhillips,REP,8
Pennington,2-5,Delegates to State Convention,,Shari L. Bradstream,REP,8
Pennington,2-5,Delegates to State Convention,,Andrew Ainslie,REP,14
Pennington,2-5,Delegates to State Convention,,John Santana,REP,7
Pennington,3-1,Delegates to State Convention,,Marguerite McPhillips,REP,76
Pennington,3-1,Delegates to State Convention,,Shari L. Bradstream,REP,81
Pennington,3-1,Delegates to State Convention,,Andrew Ainslie,REP,106
Pennington,3-1,Delegates to State Convention,,John Santana,REP,87
Pennington,3-2,Delegates to State Convention,,Marguerite McPhillips,REP,341
Pennington,3-2,Delegates to State Convention,,Shari L. Bradstream,REP,371
Pennington,3-2,Delegates to State Convention,,Andrew Ainslie,REP,530
Pennington,3-2,Delegates to State Convention,,John Santana,REP,393
Pennington,3-3,Delegates to State Convention,,Marguerite McPhillips,REP,89
Pennington,3-3,Delegates to State Convention,,Shari L. Bradstream,REP,104
Pennington,3-3,Delegates to State Convention,,Andrew Ainslie,REP,141
Pennington,3-3,Delegates to State Convention,,John Santana,REP,103
Pennington,3-4,Delegates to State Convention,,Marguerite McPhillips,REP,263
Pennington,3-4,Delegates to State Convention,,Shari L. Bradstream,REP,298
Pennington,3-4,Delegates to State Convention,,Andrew Ainslie,REP,444
Pennington,3-4,Delegates to State Convention,,John Santana,REP,306
Pennington,3-5,Delegates to State Convention,,Marguerite McPhillips,REP,53
Pennington,3-5,Delegates to State Convention,,Shari L. Bradstream,REP,39
Pennington,3-5,Delegates to State Convention,,Andrew Ainslie,REP,60
Pennington,3-5,Delegates to State Convention,,John Santana,REP,38
Pennington,4-1,Delegates to State Convention,,Marguerite McPhillips,REP,45
Pennington,4-1,Delegates to State Convention,,Shari L. Bradstream,REP,55
Pennington,4-1,Delegates to State Convention,,Andrew Ainslie,REP,56
Pennington,4-1,Delegates to State Convention,,John Santana,REP,56
Pennington,4-2,Delegates to State Convention,,Marguerite McPhillips,REP,81
Pennington,4-2,Delegates to State Convention,,Shari L. Bradstream,REP,113
Pennington,4-2,Delegates to State Convention,,Andrew Ainslie,REP,98
Pennington,4-2,Delegates to State Convention,,John Santana,REP,94
Pennington,4-3,Delegates to State Convention,,Marguerite McPhillips,REP,77
Pennington,4-3,Delegates to State Convention,,Shari L. Bradstream,REP,84
Pennington,4-3,Delegates to State Convention,,Andrew Ainslie,REP,103
Pennington,4-3,Delegates to State Convention,,John Santana,REP,95
Pennington,4-4,Delegates to State Convention,,Marguerite McPhillips,REP,85
Pennington,4-4,Delegates to State Convention,,Shari L. Bradstream,REP,102
Pennington,4-4,Delegates to State Convention,,Andrew Ainslie,REP,107
Pennington,4-4,Delegates to State Convention,,John Santana,REP,84
Pennington,4-5,Delegates to State Convention,,Marguerite McPhillips,REP,74
Pennington,4-5,Delegates to State Convention,,Shari L. Bradstream,REP,84
Pennington,4-5,Delegates to State Convention,,Andrew Ainslie,REP,101
Pennington,4-5,Delegates to State Convention,,John Santana,REP,91
Pennington,5-1,Delegates to State Convention,,Marguerite McPhillips,REP,35
Pennington,5-1,Delegates to State Convention,,Shari L. Bradstream,REP,54
Pennington,5-1,Delegates to State Convention,,Andrew Ainslie,REP,64
Pennington,5-1,Delegates to State Convention,,John Santana,REP,51
Pennington,5-2,Delegates to State Convention,,Marguerite McPhillips,REP,144
Pennington,5-2,Delegates to State Convention,,Shari L. Bradstream,REP,148
Pennington,5-2,Delegates to State Convention,,Andrew Ainslie,REP,187
Pennington,5-2,Delegates to State Convention,,John Santana,REP,167
Pennington,5-3,Delegates to State Convention,,Marguerite McPhillips,REP,191
Pennington,5-3,Delegates to State Convention,,Shari L. Bradstream,REP,215
Pennington,5-3,Delegates to State Convention,,Andrew Ainslie,REP,283
Pennington,5-3,Delegates to State Convention,,John Santana,REP,238
Pennington,5-4,Delegates to State Convention,,Marguerite McPhillips,REP,109
Pennington,5-4,Delegates to State Convention,,Shari L. Bradstream,REP,123
Pennington,5-4,Delegates to State Convention,,Andrew Ainslie,REP,140
Pennington,5-4,Delegates to State Convention,,John Santana,REP,122
Pennington,5-5,Delegates to State Convention,,Marguerite McPhillips,REP,48
Pennington,5-5,Delegates to State Convention,,Shari L. Bradstream,REP,48
Pennington,5-5,Delegates to State Convention,,Andrew Ainslie,REP,56
Pennington,5-5,Delegates to State Convention,,John Santana,REP,51
Pennington,AW,Delegates to State Convention,,Marguerite McPhillips,REP,282
Pennington,AW,Delegates to State Convention,,Shari L. Bradstream,REP,280
Pennington,AW,Delegates to State Convention,,Andrew Ainslie,REP,284
Pennington,AW,Delegates to State Convention,,John Santana,REP,295
Pennington,BE,Delegates to State Convention,,Marguerite McPhillips,REP,106
Pennington,BE,Delegates to State Convention,,Shari L. Bradstream,REP,123
Pennington,BE,Delegates to State Convention,,Andrew Ainslie,REP,125
Pennington,BE,Delegates to State Convention,,John Santana,REP,99
Pennington,CA,Delegates to State Convention,,Marguerite McPhillips,REP,62
Pennington,CA,Delegates to State Convention,,Shari L. Bradstream,REP,52
Pennington,CA,Delegates to State Convention,,Andrew Ainslie,REP,57
Pennington,CA,Delegates to State Convention,,John Santana,REP,67
Pennington,CL,Delegates to State Convention,,Marguerite McPhillips,REP,54
Pennington,CL,Delegates to State Convention,,Shari L. Bradstream,REP,55
Pennington,CL,Delegates to State Convention,,Andrew Ainslie,REP,70
Pennington,CL,Delegates to State Convention,,John Santana,REP,66
Pennington,CR,Delegates to State Convention,,Marguerite McPhillips,REP,6
Pennington,CR,Delegates to State Convention,,Shari L. Bradstream,REP,5
Pennington,CR,Delegates to State Convention,,Andrew Ainslie,REP,6
Pennington,CR,Delegates to State Convention,,John Santana,REP,5
Pennington,DT,Delegates to State Convention,,Marguerite McPhillips,REP,102
Pennington,DT,Delegates to State Convention,,Shari L. Bradstream,REP,157
Pennington,DT,Delegates to State Convention,,Andrew Ainslie,REP,174
Pennington,DT,Delegates to State Convention,,John Santana,REP,168
Pennington,EL,Delegates to State Convention,,Marguerite McPhillips,REP,46
Pennington,EL,Delegates to State Convention,,Shari L. Bradstream,REP,47
Pennington,EL,Delegates to State Convention,,Andrew Ainslie,REP,48
Pennington,EL,Delegates to State Convention,,John Santana,REP,47
Pennington,HC,Delegates to State Convention,,Marguerite McPhillips,REP,111
Pennington,HC,Delegates to State Convention,,Shari L. Bradstream,REP,99
Pennington,HC,Delegates to State Convention,,Andrew Ainslie,REP,120
Pennington,HC,Delegates to State Convention,,John Santana,REP,115
Pennington,HR,Delegates to State Convention,,Marguerite McPhillips,REP,160
Pennington,HR,Delegates to State Convention,,Shari L. Bradstream,REP,155
Pennington,HR,Delegates to State Convention,,Andrew Ainslie,REP,195
Pennington,HR,Delegates to State Convention,,John Santana,REP,183
Pennington,JS,Delegates to State Convention,,Marguerite McPhillips,REP,169
Pennington,JS,Delegates to State Convention,,Shari L. Bradstream,REP,191
Pennington,JS,Delegates to State Convention,,Andrew Ainslie,REP,235
Pennington,JS,Delegates to State Convention,,John Santana,REP,202
Pennington,KY,Delegates to State Convention,,Marguerite McPhillips,REP,56
Pennington,KY,Delegates to State Convention,,Shari L. Bradstream,REP,53
Pennington,KY,Delegates to State Convention,,Andrew Ainslie,REP,63
Pennington,KY,Delegates to State Convention,,John Santana,REP,59
Pennington,LS,Delegates to State Convention,,Marguerite McPhillips,REP,39
Pennington,LS,Delegates to State Convention,,Shari L. Bradstream,REP,37
Pennington,LS,Delegates to State Convention,,Andrew Ainslie,REP,55
Pennington,LS,Delegates to State Convention,,John Santana,REP,42
Pennington,NH,Delegates to State Convention,,Marguerite McPhillips,REP,35
Pennington,NH,Delegates to State Convention,,Shari L. Bradstream,REP,32
Pennington,NH,Delegates to State Convention,,Andrew Ainslie,REP,32
Pennington,NH,Delegates to State Convention,,John Santana,REP,29
Pennington,NU,Delegates to State Convention,,Marguerite McPhillips,REP,72
Pennington,NU,Delegates to State Convention,,Shari L. Bradstream,REP,65
Pennington,NU,Delegates to State Convention,,Andrew Ainslie,REP,78
Pennington,NU,Delegates to State Convention,,John Santana,REP,67
Pennington,QU,Delegates to State Convention,,Marguerite McPhillips,REP,25
Pennington,QU,Delegates to State Convention,,Shari L. Bradstream,REP,27
Pennington,QU,Delegates to State Convention,,Andrew Ainslie,REP,30
Pennington,QU,Delegates to State Convention,,John Santana,REP,21
Pennington,RK,Delegates to State Convention,,Marguerite McPhillips,REP,3
Pennington,RK,Delegates to State Convention,,Shari L. Bradstream,REP,7
Pennington,RK,Delegates to State Convention,,Andrew Ainslie,REP,7
Pennington,RK,Delegates to State Convention,,John Santana,REP,3
Pennington,RV,Delegates to State Convention,,Marguerite McPhillips,REP,110
Pennington,RV,Delegates to State Convention,,Shari L. Bradstream,REP,120
Pennington,RV,Delegates to State Convention,,Andrew Ainslie,REP,124
Pennington,RV,Delegates to State Convention,,John Santana,REP,100
Pennington,SC,Delegates to State Convention,,Marguerite McPhillips,REP,11
Pennington,SC,Delegates to State Convention,,Shari L. Bradstream,REP,13
Pennington,SC,Delegates to State Convention,,Andrew Ainslie,REP,16
Pennington,SC,Delegates to State Convention,,John Santana,REP,13
Pennington,VF,Delegates to State Convention,,Marguerite McPhillips,REP,166
Pennington,VF,Delegates to State Convention,,Shari L. Bradstream,REP,195
Pennington,VF,Delegates to State Convention,,Andrew Ainslie,REP,195
Pennington,VF,Delegates to State Convention,,John Santana,REP,194
Pennington,VV,Delegates to State Convention,,Marguerite McPhillips,REP,113
Pennington,VV,Delegates to State Convention,,Shari L. Bradstream,REP,129
Pennington,VV,Delegates to State Convention,,Andrew Ainslie,REP,151
Pennington,VV,Delegates to State Convention,,John Santana,REP,125
Pennington,WL,Delegates to State Convention,,Marguerite McPhillips,REP,53
Pennington,WL,Delegates to State Convention,,Shari L. Bradstream,REP,57
Pennington,WL,Delegates to State Convention,,Andrew Ainslie,REP,62
Pennington,WL,Delegates to State Convention,,John Santana,REP,57
Pennington,WP,Delegates to State Convention,,Marguerite McPhillips,REP,152
Pennington,WP,Delegates to State Convention,,Shari L. Bradstream,REP,156
Pennington,WP,Delegates to State Convention,,Andrew Ainslie,REP,217
Pennington,WP,Delegates to State Convention,,John Santana,REP,180
Pennington,WS,Delegates to State Convention,,Marguerite McPhillips,REP,14
Pennington,WS,Delegates to State Convention,,Shari L. Bradstream,REP,8
Pennington,WS,Delegates to State Convention,,Andrew Ainslie,REP,17
Pennington,WS,Delegates to State Convention,,John Santana,REP,14
Pennington,VF,Precinct Committeeman Precinct VF,,Brandon Frizzell,REP,156
Pennington,VF,Precinct Committeeman Precinct VF,,Ken Straatmeyer,REP,139
Pennington,5-2,Precinct Committeewoman Precinct 5-2,,Tonchi (Toni E.) Weaver,REP,149
Pennington,5-2,Precinct Committeewoman Precinct 5-2,,Kathryn Henning,REP,193
Pennington,4-1,School Area Board Member Rapid City School Dist 51 -4 Area 4,,Leah Ann Lutheran,,18
Pennington,4-1,School Area Board Member Rapid City School Dist 51 -4 Area 4,,Bill Freytag,,54
Pennington,4-1,School Area Board Member Rapid City School Dist 51 -4 Area 4,,Amelia (Amy) Sazue,,56
Pennington,4-1,School Area Board Member Rapid City School Dist 51 -4 Area 4,,Jim Hansen,,65
Pennington,4-2,School Area Board Member Rapid City School Dist 51 -4 Area 4,,Leah Ann Lutheran,,41
Pennington,4-2,School Area Board Member Rapid City School Dist 51 -4 Area 4,,Bill Freytag,,86
Pennington,4-2,School Area Board Member Rapid City School Dist 51 -4 Area 4,,Amelia (Amy) Sazue,,85
Pennington,4-2,School Area Board Member Rapid City School Dist 51 -4 Area 4,,Jim Hansen,,97
Pennington,4-3,School Area Board Member Rapid City School Dist 51 -4 Area 4,,Leah Ann Lutheran,,40
Pennington,4-3,School Area Board Member Rapid City School Dist 51 -4 Area 4,,Bill Freytag,,96
Pennington,4-3,School Area Board Member Rapid City School Dist 51 -4 Area 4,,Amelia (Amy) Sazue,,118
Pennington,4-3,School Area Board Member Rapid City School Dist 51 -4 Area 4,,Jim Hansen,,142
Pennington,4-4,School Area Board Member Rapid City School Dist 51 -4 Area 4,,Leah Ann Lutheran,,43
Pennington,4-4,School Area Board Member Rapid City School Dist 51 -4 Area 4,,Bill Freytag,,71
Pennington,4-4,School Area Board Member Rapid City School Dist 51 -4 Area 4,,Amelia (Amy) Sazue,,124
Pennington,4-4,School Area Board Member Rapid City School Dist 51 -4 Area 4,,Jim Hansen,,164
Pennington,4-5,School Area Board Member Rapid City School Dist 51 -4 Area 4,,Leah Ann Lutheran,,28
Pennington,4-5,School Area Board Member Rapid City School Dist 51 -4 Area 4,,Bill Freytag,,85
Pennington,4-5,School Area Board Member Rapid City School Dist 51 -4 Area 4,,Amelia (Amy) Sazue,,100
Pennington,4-5,School Area Board Member Rapid City School Dist 51 -4 Area 4,,Jim Hansen,,121
Pennington,3-1,School Area Board Member Rapid City School Dist 51-4 Area 5,,Clay Colombe,,158
Pennington,3-1,School Area Board Member Rapid City School Dist 51-4 Area 5,,Larry Begley,,117
Pennington,3-4,School Area Board Member Rapid City School Dist 51-4 Area 5,,Clay Colombe,,51
Pennington,3-4,School Area Board Member Rapid City School Dist 51-4 Area 5,,Larry Begley,,41
Pennington,5-1,School Area Board Member Rapid City School Dist 51-4 Area 5,,Clay Colombe,,90
Pennington,5-1,School Area Board Member Rapid City School Dist 51-4 Area 5,,Larry Begley,,74
Pennington,5-2,School Area Board Member Rapid City School Dist 51-4 Area 5,,Clay Colombe,,249
Pennington,5-2,School Area Board Member Rapid City School Dist 51-4 Area 5,,Larry Begley,,172
Pennington,5-3,School Area Board Member Rapid City School Dist 51-4 Area 5,,Clay Colombe,,517
Pennington,5-3,School Area Board Member Rapid City School Dist 51-4 Area 5,,Larry Begley,,334
Pennington,5-4,School Area Board Member Rapid City School Dist 51-4 Area 5,,Clay Colombe,,429
Pennington,5-4,School Area Board Member Rapid City School Dist 51-4 Area 5,,Larry Begley,,132
Pennington,5-5,School Area Board Member Rapid City School Dist 51-4 Area 5,,Clay Colombe,,119
Pennington,5-5,School Area Board Member Rapid City School Dist 51-4 Area 5,,Larry Begley,,65
Pennington,1-1,Alderman Rapid City Ward-1,,Vince Vidal,,199
Pennington,1-1,Alderman Rapid City Ward-1,,Patrick S. Jones,,226
Pennington,1-1,Alderman Rapid City Ward-1,,Robert Overturf,,153
Pennington,1-2,Alderman Rapid City Ward-1,,Vince Vidal,,279
Pennington,1-2,Alderman Rapid City Ward-1,,Patrick S. Jones,,312
Pennington,1-2,Alderman Rapid City Ward-1,,Robert Overturf,,168
Pennington,1-3,Alderman Rapid City Ward-1,,Vince Vidal,,388
Pennington,1-3,Alderman Rapid City Ward-1,,Patrick S. Jones,,482
Pennington,1-3,Alderman Rapid City Ward-1,,Robert Overturf,,335
Pennington,1-4,Alderman Rapid City Ward-1,,Vince Vidal,,132
Pennington,1-4,Alderman Rapid City Ward-1,,Patrick S. Jones,,168
Pennington,1-4,Alderman Rapid City Ward-1,,Robert Overturf,,85
Pennington,3-1,Alderman Rapid City Ward-3,,Chad Lewis,,92
Pennington,3-1,Alderman Rapid City Ward-3,,Jerome Wright,,106
Pennington,3-1,Alderman Rapid City Ward-3,,Jason R. Salamun,,133
Pennington,3-2,Alderman Rapid City Ward-3,,Chad Lewis,,448
Pennington,3-2,Alderman Rapid City Ward-3,,Jerome Wright,,496
Pennington,3-2,Alderman Rapid City Ward-3,,Jason R. Salamun,,507
Pennington,3-3,Alderman Rapid City Ward-3,,Chad Lewis,,163
Pennington,3-3,Alderman Rapid City Ward-3,,Jerome Wright,,138
Pennington,3-3,Alderman Rapid City Ward-3,,Jason R. Salamun,,160
Pennington,3-4,Alderman Rapid City Ward-3,,Chad Lewis,,465
Pennington,3-4,Alderman Rapid City Ward-3,,Jerome Wright,,493
Pennington,3-4,Alderman Rapid City Ward-3,,Jason R. Salamun,,487
Pennington,3-5,Alderman Rapid City Ward-3,,Chad Lewis,,56
Pennington,3-5,Alderman Rapid City Ward-3,,Jerome Wright,,61
Pennington,3-5,Alderman Rapid City Ward-3,,Jason R. Salamun,,68
Pennington,4-1,Alderman Rapid City Ward -4,,John B. Roberts,,111
Pennington,4-1,Alderman Rapid City Ward -4,,Walter Swan Jr,,86
Pennington,4-2,Alderman Rapid City Ward -4,,John B. Roberts,,290
Pennington,4-2,Alderman Rapid City Ward -4,,Walter Swan Jr,,192
Pennington,4-3,Alderman Rapid City Ward -4,,John B. Roberts,,210
Pennington,4-3,Alderman Rapid City Ward -4,,Walter Swan Jr,,193
Pennington,4-4,Alderman Rapid City Ward -4,,John B. Roberts,,194
Pennington,4-4,Alderman Rapid City Ward -4,,Walter Swan Jr,,215
Pennington,4-5,Alderman Rapid City Ward -4,,John B. Roberts,,218
Pennington,4-5,Alderman Rapid City Ward -4,,Walter Swan Jr,,138
Pennington,HC,Alderman Hill City Ward-2,,"Harold ""Dale"" Householder",,77
Pennington,HC,Alderman Hill City Ward-2,,John Johnson,,34
Perkins,1,President,,Bernie Sanders,DEM,6
Perkins,1,President,,Joseph R. Biden,DEM,20
Perkins,2,President,,Bernie Sanders,DEM,1
Perkins,2,President,,Joseph R. Biden,DEM,6
Perkins,3,President,,Bernie Sanders,DEM,8
Perkins,3,President,,Joseph R. Biden,DEM,29
Perkins,4,President,,Bernie Sanders,DEM,3
Perkins,4,President,,Joseph R. Biden,DEM,4
Perkins,5,President,,Bernie Sanders,DEM,2
Perkins,5,President,,Joseph R. Biden,DEM,3
Perkins,6,President,,Bernie Sanders,DEM,3
Perkins,6,President,,Joseph R. Biden,DEM,4
Perkins,7,President,,Bernie Sanders,DEM,0
Perkins,7,President,,Joseph R. Biden,DEM,2
Perkins,8,President,,Bernie Sanders,DEM,0
Perkins,8,President,,Joseph R. Biden,DEM,2
Perkins,9,President,,Bernie Sanders,DEM,0
Perkins,9,President,,Joseph R. Biden,DEM,2
Perkins,12,President,,Bernie Sanders,DEM,3
Perkins,12,President,,Joseph R. Biden,DEM,11
Perkins,1,U.S. Senate,,Mike Rounds,REP,52
Perkins,1,U.S. Senate,,Scyller J. Borglum,REP,16
Perkins,2,U.S. Senate,,Mike Rounds,REP,14
Perkins,2,U.S. Senate,,Scyller J. Borglum,REP,9
Perkins,3,U.S. Senate,,Mike Rounds,REP,80
Perkins,3,U.S. Senate,,Scyller J. Borglum,REP,17
Perkins,4,U.S. Senate,,Mike Rounds,REP,10
Perkins,4,U.S. Senate,,Scyller J. Borglum,REP,14
Perkins,5,U.S. Senate,,Mike Rounds,REP,27
Perkins,5,U.S. Senate,,Scyller J. Borglum,REP,19
Perkins,6,U.S. Senate,,Mike Rounds,REP,16
Perkins,6,U.S. Senate,,Scyller J. Borglum,REP,27
Perkins,7,U.S. Senate,,Mike Rounds,REP,25
Perkins,7,U.S. Senate,,Scyller J. Borglum,REP,44
Perkins,8,U.S. Senate,,Mike Rounds,REP,9
Perkins,8,U.S. Senate,,Scyller J. Borglum,REP,9
Perkins,9,U.S. Senate,,Mike Rounds,REP,18
Perkins,9,U.S. Senate,,Scyller J. Borglum,REP,32
Perkins,12,U.S. Senate,,Mike Rounds,REP,57
Perkins,12,U.S. Senate,,Scyller J. Borglum,REP,105
Perkins,1,U.S. Representative,1,Liz Marty May,REP,13
Perkins,1,U.S. Representative,1,Dusty Johnson,REP,54
Perkins,2,U.S. Representative,1,Liz Marty May,REP,19
Perkins,2,U.S. Representative,1,Dusty Johnson,REP,5
Perkins,3,U.S. Representative,1,Liz Marty May,REP,13
Perkins,3,U.S. Representative,1,Dusty Johnson,REP,82
Perkins,4,U.S. Representative,1,Liz Marty May,REP,14
Perkins,4,U.S. Representative,1,Dusty Johnson,REP,10
Perkins,5,U.S. Representative,1,Liz Marty May,REP,17
Perkins,5,U.S. Representative,1,Dusty Johnson,REP,29
Perkins,6,U.S. Representative,1,Liz Marty May,REP,28
Perkins,6,U.S. Representative,1,Dusty Johnson,REP,15
Perkins,7,U.S. Representative,1,Liz Marty May,REP,55
Perkins,7,U.S. Representative,1,Dusty Johnson,REP,15
Perkins,8,U.S. Representative,1,Liz Marty May,REP,11
Perkins,8,U.S. Representative,1,Dusty Johnson,REP,7
Perkins,9,U.S. Representative,1,Liz Marty May,REP,41
Perkins,9,U.S. Representative,1,Dusty Johnson,REP,9
Perkins,12,U.S. Representative,1,Liz Marty May,REP,103
Perkins,12,U.S. Representative,1,Dusty Johnson,REP,61
Potter,Absentee,President,,Bernie Sanders,DEM,9
Potter,Absentee,President,,Joseph R. Biden,DEM,41
Potter,Gettysburg Legion Annex,President,,Bernie Sanders,DEM,4
Potter,Gettysburg Legion Annex,President,,Joseph R. Biden,DEM,10
Potter,Hoven American Legion,President,,Bernie Sanders,DEM,2
Potter,Hoven American Legion,President,,Joseph R. Biden,DEM,3
Potter,Absentee,U.S. Senate,,Mike Rounds,REP,190
Potter,Absentee,U.S. Senate,,Scyller J. Borglum,REP,37
Potter,Gettysburg Legion Annex,U.S. Senate,,Mike Rounds,REP,134
Potter,Gettysburg Legion Annex,U.S. Senate,,Scyller J. Borglum,REP,35
Potter,Hoven American Legion,U.S. Senate,,Mike Rounds,REP,63
Potter,Hoven American Legion,U.S. Senate,,Scyller J. Borglum,REP,17
Potter,Absentee,U.S. Representative,1,Liz Marty May,REP,30
Potter,Absentee,U.S. Representative,1,Dusty Johnson,REP,197
Potter,Gettysburg Legion Annex,U.S. Representative,1,Liz Marty May,REP,46
Potter,Gettysburg Legion Annex,U.S. Representative,1,Dusty Johnson,REP,120
Potter,Hoven American Legion,U.S. Representative,1,Liz Marty May,REP,25
Potter,Hoven American Legion,U.S. Representative,1,Dusty Johnson,REP,55
Potter,Absentee,State Senate,23,Bryan J Breitling,REP,109
Potter,Absentee,State Senate,23,Larry Nielson,REP,102
Potter,Gettysburg Legion Annex,State Senate,23,Bryan J Breitling,REP,69
Potter,Gettysburg Legion Annex,State Senate,23,Larry Nielson,REP,78
Potter,Hoven American Legion,State Senate,23,Bryan J Breitling,REP,28
Potter,Hoven American Legion,State Senate,23,Larry Nielson,REP,49
Potter,Absentee,State Representative,23,Kevin E Watts,REP,28
Potter,Absentee,State Representative,23,Spencer Gosch,REP,173
Potter,Absentee,State Representative,23,Charlie Hoffman,REP,158
Potter,Absentee,State Representative,23,James D Wangsness,REP,54
Potter,Gettysburg Legion Annex,State Representative,23,Kevin E Watts,REP,16
Potter,Gettysburg Legion Annex,State Representative,23,Spencer Gosch,REP,113
Potter,Gettysburg Legion Annex,State Representative,23,Charlie Hoffman,REP,93
Potter,Gettysburg Legion Annex,State Representative,23,James D Wangsness,REP,42
Potter,Hoven American Legion,State Representative,23,Kevin E Watts,REP,7
Potter,Hoven American Legion,State Representative,23,Spencer Gosch,REP,60
Potter,Hoven American Legion,State Representative,23,Charlie Hoffman,REP,53
Potter,Hoven American Legion,State Representative,23,James D Wangsness,REP,8
Potter,Absentee,County Commissioner Potter-5,,Patrick W Everson,REP,29
Potter,Absentee,County Commissioner Potter-5,,Karen S. Doerr,REP,25
Potter,Gettysburg Legion Annex,County Commissioner Potter-5,,Patrick W Everson,REP,40
Potter,Gettysburg Legion Annex,County Commissioner Potter-5,,Karen S. Doerr,REP,33
Potter,Hoven American Legion,County Commissioner Potter-5,,Patrick W Everson,REP,1
Potter,Hoven American Legion,County Commissioner Potter-5,,Karen S. Doerr,REP,0
Roberts,1,President,,Bernie Sanders,DEM,5
Roberts,1,President,,Joseph R. Biden,DEM,28
Roberts,2,President,,Bernie Sanders,DEM,6
Roberts,2,President,,Joseph R. Biden,DEM,54
Roberts,3,President,,Bernie Sanders,DEM,14
Roberts,3,President,,Joseph R. Biden,DEM,35
Roberts,4,President,,Bernie Sanders,DEM,6
Roberts,4,President,,Joseph R. Biden,DEM,15
Roberts,5,President,,Bernie Sanders,DEM,28
Roberts,5,President,,Joseph R. Biden,DEM,89
Roberts,06 (07),President,,Bernie Sanders,DEM,19
Roberts,06 (07),President,,Joseph R. Biden,DEM,80
Roberts,8,President,,Bernie Sanders,DEM,6
Roberts,8,President,,Joseph R. Biden,DEM,22
Roberts,9,President,,Bernie Sanders,DEM,18
Roberts,9,President,,Joseph R. Biden,DEM,62
Roberts,10,President,,Bernie Sanders,DEM,19
Roberts,10,President,,Joseph R. Biden,DEM,26
Roberts,11,President,,Bernie Sanders,DEM,54
Roberts,11,President,,Joseph R. Biden,DEM,149
Roberts,12 (14),President,,Bernie Sanders,DEM,18
Roberts,12 (14),President,,Joseph R. Biden,DEM,61
Roberts,13,President,,Bernie Sanders,DEM,17
Roberts,13,President,,Joseph R. Biden,DEM,70
Roberts,1,U.S. Senate,,Mike Rounds,REP,21
Roberts,1,U.S. Senate,,Scyller J. Borglum,REP,4
Roberts,2,U.S. Senate,,Mike Rounds,REP,76
Roberts,2,U.S. Senate,,Scyller J. Borglum,REP,37
Roberts,3,U.S. Senate,,Mike Rounds,REP,31
Roberts,3,U.S. Senate,,Scyller J. Borglum,REP,2
Roberts,4,U.S. Senate,,Mike Rounds,REP,8
Roberts,4,U.S. Senate,,Scyller J. Borglum,REP,2
Roberts,5,U.S. Senate,,Mike Rounds,REP,35
Roberts,5,U.S. Senate,,Scyller J. Borglum,REP,8
Roberts,06 (07),U.S. Senate,,Mike Rounds,REP,85
Roberts,06 (07),U.S. Senate,,Scyller J. Borglum,REP,21
Roberts,8,U.S. Senate,,Mike Rounds,REP,8
Roberts,8,U.S. Senate,,Scyller J. Borglum,REP,3
Roberts,9,U.S. Senate,,Mike Rounds,REP,73
Roberts,9,U.S. Senate,,Scyller J. Borglum,REP,24
Roberts,10,U.S. Senate,,Mike Rounds,REP,31
Roberts,10,U.S. Senate,,Scyller J. Borglum,REP,2
Roberts,11,U.S. Senate,,Mike Rounds,REP,94
Roberts,11,U.S. Senate,,Scyller J. Borglum,REP,16
Roberts,12 (14),U.S. Senate,,Mike Rounds,REP,29
Roberts,12 (14),U.S. Senate,,Scyller J. Borglum,REP,6
Roberts,13,U.S. Senate,,Mike Rounds,REP,45
Roberts,13,U.S. Senate,,Scyller J. Borglum,REP,3
Roberts,1,U.S. Representative,1,Liz Marty May,REP,5
Roberts,1,U.S. Representative,1,Dusty Johnson,REP,19
Roberts,2,U.S. Representative,1,Liz Marty May,REP,23
Roberts,2,U.S. Representative,1,Dusty Johnson,REP,90
Roberts,3,U.S. Representative,1,Liz Marty May,REP,5
Roberts,3,U.S. Representative,1,Dusty Johnson,REP,27
Roberts,4,U.S. Representative,1,Liz Marty May,REP,1
Roberts,4,U.S. Representative,1,Dusty Johnson,REP,10
Roberts,5,U.S. Representative,1,Liz Marty May,REP,10
Roberts,5,U.S. Representative,1,Dusty Johnson,REP,33
Roberts,06 (07),U.S. Representative,1,Liz Marty May,REP,21
Roberts,06 (07),U.S. Representative,1,Dusty Johnson,REP,83
Roberts,8,U.S. Representative,1,Liz Marty May,REP,2
Roberts,8,U.S. Representative,1,Dusty Johnson,REP,9
Roberts,9,U.S. Representative,1,Liz Marty May,REP,27
Roberts,9,U.S. Representative,1,Dusty Johnson,REP,69
Roberts,10,U.S. Representative,1,Liz Marty May,REP,0
Roberts,10,U.S. Representative,1,Dusty Johnson,REP,32
Roberts,11,U.S. Representative,1,Liz Marty May,REP,22
Roberts,11,U.S. Representative,1,Dusty Johnson,REP,87
Roberts,12 (14),U.S. Representative,1,Liz Marty May,REP,6
Roberts,12 (14),U.S. Representative,1,Dusty Johnson,REP,29
Roberts,13,U.S. Representative,1,Liz Marty May,REP,10
Roberts,13,U.S. Representative,1,Dusty Johnson,REP,38
Roberts,1,Sheriff,,Barry Hillestad,DEM,17
Roberts,1,Sheriff,,Tyler Appel,DEM,23
Roberts,2,Sheriff,,Barry Hillestad,DEM,33
Roberts,2,Sheriff,,Tyler Appel,DEM,31
Roberts,3,Sheriff,,Barry Hillestad,DEM,31
Roberts,3,Sheriff,,Tyler Appel,DEM,31
Roberts,4,Sheriff,,Barry Hillestad,DEM,16
Roberts,4,Sheriff,,Tyler Appel,DEM,10
Roberts,5,Sheriff,,Barry Hillestad,DEM,52
Roberts,5,Sheriff,,Tyler Appel,DEM,96
Roberts,06 (07),Sheriff,,Barry Hillestad,DEM,53
Roberts,06 (07),Sheriff,,Tyler Appel,DEM,69
Roberts,8,Sheriff,,Barry Hillestad,DEM,23
Roberts,8,Sheriff,,Tyler Appel,DEM,7
Roberts,9,Sheriff,,Barry Hillestad,DEM,45
Roberts,9,Sheriff,,Tyler Appel,DEM,57
Roberts,10,Sheriff,,Barry Hillestad,DEM,20
Roberts,10,Sheriff,,Tyler Appel,DEM,27
Roberts,11,Sheriff,,Barry Hillestad,DEM,86
Roberts,11,Sheriff,,Tyler Appel,DEM,153
Roberts,12 (14),Sheriff,,Barry Hillestad,DEM,31
Roberts,12 (14),Sheriff,,Tyler Appel,DEM,62
Roberts,13,Sheriff,,Barry Hillestad,DEM,34
Roberts,13,Sheriff,,Tyler Appel,DEM,68
Sanborn,1,President,,Bernie Sanders,DEM,6
Sanborn,1,President,,Joseph R. Biden,DEM,11
Sanborn,2,President,,Bernie Sanders,DEM,3
Sanborn,2,President,,Joseph R. Biden,DEM,22
Sanborn,4,President,,Bernie Sanders,DEM,4
Sanborn,4,President,,Joseph R. Biden,DEM,21
Sanborn,5,President,,Bernie Sanders,DEM,2
Sanborn,5,President,,Joseph R. Biden,DEM,19
Sanborn,1,U.S. Senate,,Mike Rounds,REP,58
Sanborn,1,U.S. Senate,,Scyller J. Borglum,REP,12
Sanborn,2,U.S. Senate,,Mike Rounds,REP,49
Sanborn,2,U.S. Senate,,Scyller J. Borglum,REP,14
Sanborn,4,U.S. Senate,,Mike Rounds,REP,55
Sanborn,4,U.S. Senate,,Scyller J. Borglum,REP,12
Sanborn,5,U.S. Senate,,Mike Rounds,REP,56
Sanborn,5,U.S. Senate,,Scyller J. Borglum,REP,8
Sanborn,1,U.S. Representative,1,Liz Marty May,REP,12
Sanborn,1,U.S. Representative,1,Dusty Johnson,REP,58
Sanborn,2,U.S. Representative,1,Liz Marty May,REP,10
Sanborn,2,U.S. Representative,1,Dusty Johnson,REP,53
Sanborn,4,U.S. Representative,1,Liz Marty May,REP,14
Sanborn,4,U.S. Representative,1,Dusty Johnson,REP,55
Sanborn,5,U.S. Representative,1,Liz Marty May,REP,5
Sanborn,5,U.S. Representative,1,Dusty Johnson,REP,59
Sanborn,1,County Commissioner Sanborn-2,,Craig A Brueske,REP,13
Sanborn,1,County Commissioner Sanborn-2,,Donald Klinkner,REP,24
Sanborn,4,County Commissioner Sanborn-2,,Craig A Brueske,REP,31
Sanborn,4,County Commissioner Sanborn-2,,Donald Klinkner,REP,13
Sanborn,5,County Commissioner Sanborn-2,,Craig A Brueske,REP,2
Sanborn,5,County Commissioner Sanborn-2,,Donald Klinkner,REP,0
Spink,1,President,,Bernie Sanders,DEM,1
Spink,1,President,,Joseph R. Biden,DEM,29
Spink,3,President,,Bernie Sanders,DEM,5
Spink,3,President,,Joseph R. Biden,DEM,30
Spink,4,President,,Bernie Sanders,DEM,1
Spink,4,President,,Joseph R. Biden,DEM,21
Spink,5,President,,Bernie Sanders,DEM,2
Spink,5,President,,Joseph R. Biden,DEM,19
Spink,6,President,,Bernie Sanders,DEM,2
Spink,6,President,,Joseph R. Biden,DEM,10
Spink,7,President,,Bernie Sanders,DEM,6
Spink,7,President,,Joseph R. Biden,DEM,47
Spink,8,President,,Bernie Sanders,DEM,0
Spink,8,President,,Joseph R. Biden,DEM,18
Spink,9,President,,Bernie Sanders,DEM,7
Spink,9,President,,Joseph R. Biden,DEM,71
Spink,10,President,,Bernie Sanders,DEM,9
Spink,10,President,,Joseph R. Biden,DEM,60
Spink,1,U.S. Senate,,Mike Rounds,REP,57
Spink,1,U.S. Senate,,Scyller J. Borglum,REP,17
Spink,3,U.S. Senate,,Mike Rounds,REP,84
Spink,3,U.S. Senate,,Scyller J. Borglum,REP,28
Spink,4,U.S. Senate,,Mike Rounds,REP,63
Spink,4,U.S. Senate,,Scyller J. Borglum,REP,18
Spink,5,U.S. Senate,,Mike Rounds,REP,49
Spink,5,U.S. Senate,,Scyller J. Borglum,REP,8
Spink,6,U.S. Senate,,Mike Rounds,REP,11
Spink,6,U.S. Senate,,Scyller J. Borglum,REP,4
Spink,7,U.S. Senate,,Mike Rounds,REP,48
Spink,7,U.S. Senate,,Scyller J. Borglum,REP,22
Spink,8,U.S. Senate,,Mike Rounds,REP,8
Spink,8,U.S. Senate,,Scyller J. Borglum,REP,7
Spink,9,U.S. Senate,,Mike Rounds,REP,71
Spink,9,U.S. Senate,,Scyller J. Borglum,REP,32
Spink,10,U.S. Senate,,Mike Rounds,REP,72
Spink,10,U.S. Senate,,Scyller J. Borglum,REP,28
Spink,1,U.S. Representative,1,Liz Marty May,REP,8
Spink,1,U.S. Representative,1,Dusty Johnson,REP,66
Spink,3,U.S. Representative,1,Liz Marty May,REP,27
Spink,3,U.S. Representative,1,Dusty Johnson,REP,86
Spink,4,U.S. Representative,1,Liz Marty May,REP,5
Spink,4,U.S. Representative,1,Dusty Johnson,REP,77
Spink,5,U.S. Representative,1,Liz Marty May,REP,6
Spink,5,U.S. Representative,1,Dusty Johnson,REP,50
Spink,6,U.S. Representative,1,Liz Marty May,REP,3
Spink,6,U.S. Representative,1,Dusty Johnson,REP,12
Spink,7,U.S. Representative,1,Liz Marty May,REP,13
Spink,7,U.S. Representative,1,Dusty Johnson,REP,57
Spink,8,U.S. Representative,1,Liz Marty May,REP,2
Spink,8,U.S. Representative,1,Dusty Johnson,REP,13
Spink,9,U.S. Representative,1,Liz Marty May,REP,14
Spink,9,U.S. Representative,1,Dusty Johnson,REP,89
Spink,10,U.S. Representative,1,Liz Marty May,REP,19
Spink,10,U.S. Representative,1,Dusty Johnson,REP,82
Spink,3,State Senate,23,Bryan J Breitling,REP,32
Spink,3,State Senate,23,Larry Nielson,REP,76
Spink,3,State Representative,23,Kevin E Watts,REP,28
Spink,3,State Representative,23,Spencer Gosch,REP,45
Spink,3,State Representative,23,Charlie Hoffman,REP,60
Spink,3,State Representative,23,James D Wangsness,REP,43
Spink,3,County Commissioner Spink-2,,Robert J Roeber,REP,34
Spink,3,County Commissioner Spink-2,,Brian Johnson,REP,70
Spink,4,County Commissioner Spink-2,,Robert J Roeber,REP,14
Spink,4,County Commissioner Spink-2,,Brian Johnson,REP,31
Spink,5,County Commissioner Spink-2,,Robert J Roeber,REP,3
Spink,5,County Commissioner Spink-2,,Brian Johnson,REP,47
Stanley,1,President,,Bernie Sanders,DEM,21
Stanley,1,President,,Joseph R. Biden,DEM,103
Stanley,2,President,,Bernie Sanders,DEM,0
Stanley,2,President,,Joseph R. Biden,DEM,7
Stanley,3,President,,Bernie Sanders,DEM,1
Stanley,3,President,,Joseph R. Biden,DEM,6
Stanley,1,U.S. Senate,,Mike Rounds,REP,508
Stanley,1,U.S. Senate,,Scyller J. Borglum,REP,104
Stanley,2,U.S. Senate,,Mike Rounds,REP,27
Stanley,2,U.S. Senate,,Scyller J. Borglum,REP,8
Stanley,3,U.S. Senate,,Mike Rounds,REP,43
Stanley,3,U.S. Senate,,Scyller J. Borglum,REP,13
Stanley,1,U.S. Representative,1,Liz Marty May,REP,133
Stanley,1,U.S. Representative,1,Dusty Johnson,REP,477
Stanley,2,U.S. Representative,1,Liz Marty May,REP,16
Stanley,2,U.S. Representative,1,Dusty Johnson,REP,18
Stanley,3,U.S. Representative,1,Liz Marty May,REP,14
Stanley,3,U.S. Representative,1,Dusty Johnson,REP,43
Stanley,1,State Representative,24,Jeff Monroe,REP,154
Stanley,1,State Representative,24,Noel D Chicoine,REP,93
Stanley,1,State Representative,24,Will D Mortenson,REP,416
Stanley,1,State Representative,24,Mike Weisgram,REP,399
Stanley,1,State Representative,24,Bob Lowery,REP,44
Stanley,2,State Representative,24,Jeff Monroe,REP,12
Stanley,2,State Representative,24,Noel D Chicoine,REP,4
Stanley,2,State Representative,24,Will D Mortenson,REP,30
Stanley,2,State Representative,24,Mike Weisgram,REP,13
Stanley,2,State Representative,24,Bob Lowery,REP,0
Stanley,3,State Representative,24,Jeff Monroe,REP,18
Stanley,3,State Representative,24,Noel D Chicoine,REP,5
Stanley,3,State Representative,24,Will D Mortenson,REP,46
Stanley,3,State Representative,24,Mike Weisgram,REP,15
Stanley,3,State Representative,24,Bob Lowery,REP,7
Sully,Absentee,President,,Bernie Sanders,DEM,8
Sully,Absentee,President,,Joseph R. Biden,DEM,49
Sully,Agar Fire Hall,President,,Bernie Sanders,DEM,4
Sully,Agar Fire Hall,President,,Joseph R. Biden,DEM,3
Sully,Bill Floyd Shop,President,,Bernie Sanders,DEM,2
Sully,Bill Floyd Shop,President,,Joseph R. Biden,DEM,4
Sully,Phoenix Center,President,,Bernie Sanders,DEM,3
Sully,Phoenix Center,President,,Joseph R. Biden,DEM,11
Sully,Absentee,U.S. Senate,,Mike Rounds,REP,123
Sully,Absentee,U.S. Senate,,Scyller J. Borglum,REP,20
Sully,Agar Fire Hall,U.S. Senate,,Mike Rounds,REP,20
Sully,Agar Fire Hall,U.S. Senate,,Scyller J. Borglum,REP,4
Sully,Bill Floyd Shop,U.S. Senate,,Mike Rounds,REP,33
Sully,Bill Floyd Shop,U.S. Senate,,Scyller J. Borglum,REP,12
Sully,Phoenix Center,U.S. Senate,,Mike Rounds,REP,112
Sully,Phoenix Center,U.S. Senate,,Scyller J. Borglum,REP,33
Sully,Absentee,U.S. Representative,1,Liz Marty May,REP,30
Sully,Absentee,U.S. Representative,1,Dusty Johnson,REP,114
Sully,Agar Fire Hall,U.S. Representative,1,Liz Marty May,REP,5
Sully,Agar Fire Hall,U.S. Representative,1,Dusty Johnson,REP,17
Sully,Bill Floyd Shop,U.S. Representative,1,Liz Marty May,REP,9
Sully,Bill Floyd Shop,U.S. Representative,1,Dusty Johnson,REP,34
Sully,Phoenix Center,U.S. Representative,1,Liz Marty May,REP,38
Sully,Phoenix Center,U.S. Representative,1,Dusty Johnson,REP,108
Sully,Absentee,State Representative,24,Jeff Monroe,REP,75
Sully,Absentee,State Representative,24,Noel D Chicoine,REP,48
Sully,Absentee,State Representative,24,Will D Mortenson,REP,72
Sully,Absentee,State Representative,24,Mike Weisgram,REP,50
Sully,Absentee,State Representative,24,Bob Lowery,REP,12
Sully,Agar Fire Hall,State Representative,24,Jeff Monroe,REP,13
Sully,Agar Fire Hall,State Representative,24,Noel D Chicoine,REP,4
Sully,Agar Fire Hall,State Representative,24,Will D Mortenson,REP,15
Sully,Agar Fire Hall,State Representative,24,Mike Weisgram,REP,6
Sully,Agar Fire Hall,State Representative,24,Bob Lowery,REP,4
Sully,Bill Floyd Shop,State Representative,24,Jeff Monroe,REP,25
Sully,Bill Floyd Shop,State Representative,24,Noel D Chicoine,REP,12
Sully,Bill Floyd Shop,State Representative,24,Will D Mortenson,REP,22
Sully,Bill Floyd Shop,State Representative,24,Mike Weisgram,REP,19
Sully,Bill Floyd Shop,State Representative,24,Bob Lowery,REP,1
Sully,Phoenix Center,State Representative,24,Jeff Monroe,REP,65
Sully,Phoenix Center,State Representative,24,Noel D Chicoine,REP,60
Sully,Phoenix Center,State Representative,24,Will D Mortenson,REP,84
Sully,Phoenix Center,State Representative,24,Mike Weisgram,REP,45
Sully,Phoenix Center,State Representative,24,Bob Lowery,REP,8
Todd,Bordeaux,President,,Bernie Sanders,DEM,8
Todd,Bordeaux,President,,Joseph R. Biden,DEM,18
Todd,Jeanette,President,,Bernie Sanders,DEM,1
Todd,Jeanette,President,,Joseph R. Biden,DEM,6
Todd,Lakeview,President,,Bernie Sanders,DEM,4
Todd,Lakeview,President,,Joseph R. Biden,DEM,8
Todd,Mission-N. Antelope,President,,Bernie Sanders,DEM,95
Todd,Mission-N. Antelope,President,,Joseph R. Biden,DEM,142
Todd,OKreek,President,,Bernie Sanders,DEM,20
Todd,OKreek,President,,Joseph R. Biden,DEM,15
Todd,Parmelee,President,,Bernie Sanders,DEM,57
Todd,Parmelee,President,,Joseph R. Biden,DEM,50
Todd,Rosebud,President,,Bernie Sanders,DEM,58
Todd,Rosebud,President,,Joseph R. Biden,DEM,94
Todd,S. Antelope,President,,Bernie Sanders,DEM,53
Todd,S. Antelope,President,,Joseph R. Biden,DEM,61
Todd,Saint Francis,President,,Bernie Sanders,DEM,41
Todd,Saint Francis,President,,Joseph R. Biden,DEM,59
Todd,Bordeaux,U.S. Senate,,Mike Rounds,REP,3
Todd,Bordeaux,U.S. Senate,,Scyller J. Borglum,REP,0
Todd,Jeanette,U.S. Senate,,Mike Rounds,REP,16
Todd,Jeanette,U.S. Senate,,Scyller J. Borglum,REP,9
Todd,Lakeview,U.S. Senate,,Mike Rounds,REP,29
Todd,Lakeview,U.S. Senate,,Scyller J. Borglum,REP,22
Todd,Mission-N. Antelope,U.S. Senate,,Mike Rounds,REP,39
Todd,Mission-N. Antelope,U.S. Senate,,Scyller J. Borglum,REP,15
Todd,OKreek,U.S. Senate,,Mike Rounds,REP,4
Todd,OKreek,U.S. Senate,,Scyller J. Borglum,REP,13
Todd,Parmelee,U.S. Senate,,Mike Rounds,REP,5
Todd,Parmelee,U.S. Senate,,Scyller J. Borglum,REP,5
Todd,Rosebud,U.S. Senate,,Mike Rounds,REP,10
Todd,Rosebud,U.S. Senate,,Scyller J. Borglum,REP,4
Todd,S. Antelope,U.S. Senate,,Mike Rounds,REP,13
Todd,S. Antelope,U.S. Senate,,Scyller J. Borglum,REP,12
Todd,Saint Francis,U.S. Senate,,Mike Rounds,REP,12
Todd,Saint Francis,U.S. Senate,,Scyller J. Borglum,REP,6
Todd,Bordeaux,U.S. Representative,1,Liz Marty May,REP,1
Todd,Bordeaux,U.S. Representative,1,Dusty Johnson,REP,2
Todd,Jeanette,U.S. Representative,1,Liz Marty May,REP,11
Todd,Jeanette,U.S. Representative,1,Dusty Johnson,REP,13
Todd,Lakeview,U.S. Representative,1,Liz Marty May,REP,30
Todd,Lakeview,U.S. Representative,1,Dusty Johnson,REP,20
Todd,Mission-N. Antelope,U.S. Representative,1,Liz Marty May,REP,21
Todd,Mission-N. Antelope,U.S. Representative,1,Dusty Johnson,REP,33
Todd,OKreek,U.S. Representative,1,Liz Marty May,REP,9
Todd,OKreek,U.S. Representative,1,Dusty Johnson,REP,9
Todd,Parmelee,U.S. Representative,1,Liz Marty May,REP,7
Todd,Parmelee,U.S. Representative,1,Dusty Johnson,REP,3
Todd,Rosebud,U.S. Representative,1,Liz Marty May,REP,4
Todd,Rosebud,U.S. Representative,1,Dusty Johnson,REP,10
Todd,S. Antelope,U.S. Representative,1,Liz Marty May,REP,15
Todd,S. Antelope,U.S. Representative,1,Dusty Johnson,REP,10
Todd,Saint Francis,U.S. Representative,1,Liz Marty May,REP,6
Todd,Saint Francis,U.S. Representative,1,Dusty Johnson,REP,12
Todd,Bordeaux,State Representative,26A,Shawn Bordeaux,DEM,13
Todd,Bordeaux,State Representative,26A,Alexandra Frederick,DEM,13
Todd,Jeanette,State Representative,26A,Shawn Bordeaux,DEM,1
Todd,Jeanette,State Representative,26A,Alexandra Frederick,DEM,5
Todd,Lakeview,State Representative,26A,Shawn Bordeaux,DEM,7
Todd,Lakeview,State Representative,26A,Alexandra Frederick,DEM,10
Todd,Mission-N. Antelope,State Representative,26A,Shawn Bordeaux,DEM,140
Todd,Mission-N. Antelope,State Representative,26A,Alexandra Frederick,DEM,98
Todd,OKreek,State Representative,26A,Shawn Bordeaux,DEM,15
Todd,OKreek,State Representative,26A,Alexandra Frederick,DEM,21
Todd,Parmelee,State Representative,26A,Shawn Bordeaux,DEM,64
Todd,Parmelee,State Representative,26A,Alexandra Frederick,DEM,45
Todd,Rosebud,State Representative,26A,Shawn Bordeaux,DEM,88
Todd,Rosebud,State Representative,26A,Alexandra Frederick,DEM,67
Todd,S. Antelope,State Representative,26A,Shawn Bordeaux,DEM,64
Todd,S. Antelope,State Representative,26A,Alexandra Frederick,DEM,54
Todd,Saint Francis,State Representative,26A,Shawn Bordeaux,DEM,66
Todd,Saint Francis,State Representative,26A,Alexandra Frederick,DEM,38
Todd,Bordeaux,County Commissioner Todd-4,,Howard Heinert,DEM,7
Todd,Bordeaux,County Commissioner Todd-4,,Viola Waln,DEM,18
Todd,Parmelee,County Commissioner Todd-4,,Howard Heinert,DEM,42
Todd,Parmelee,County Commissioner Todd-4,,Viola Waln,DEM,65
Todd,Bordeaux,School Board Member Todd County School District 66-1,,Glen Yellow Eagle,,4
Todd,Bordeaux,School Board Member Todd County School District 66-1,,Linda Bordeaux,,4
Todd,Bordeaux,School Board Member Todd County School District 66-1,,Jennifer Bordeaux-Black Bear,,5
Todd,Bordeaux,School Board Member Todd County School District 66-1,,Sage D. Fast Dog,,13
Todd,Jeanette,School Board Member Todd County School District 66-1,,Glen Yellow Eagle,,2
Todd,Jeanette,School Board Member Todd County School District 66-1,,Linda Bordeaux,,13
Todd,Jeanette,School Board Member Todd County School District 66-1,,Jennifer Bordeaux-Black Bear,,3
Todd,Jeanette,School Board Member Todd County School District 66-1,,Sage D. Fast Dog,,5
Todd,Lakeview,School Board Member Todd County School District 66-1,,Glen Yellow Eagle,,2
Todd,Lakeview,School Board Member Todd County School District 66-1,,Linda Bordeaux,,34
Todd,Lakeview,School Board Member Todd County School District 66-1,,Jennifer Bordeaux-Black Bear,,6
Todd,Lakeview,School Board Member Todd County School District 66-1,,Sage D. Fast Dog,,13
Todd,Mission-N. Antelope,School Board Member Todd County School District 66-1,,Glen Yellow Eagle,,23
Todd,Mission-N. Antelope,School Board Member Todd County School District 66-1,,Linda Bordeaux,,81
Todd,Mission-N. Antelope,School Board Member Todd County School District 66-1,,Jennifer Bordeaux-Black Bear,,7
Todd,Mission-N. Antelope,School Board Member Todd County School District 66-1,,Sage D. Fast Dog,,196
Todd,OKreek,School Board Member Todd County School District 66-1,,Glen Yellow Eagle,,1
Todd,OKreek,School Board Member Todd County School District 66-1,,Linda Bordeaux,,17
Todd,OKreek,School Board Member Todd County School District 66-1,,Jennifer Bordeaux-Black Bear,,5
Todd,OKreek,School Board Member Todd County School District 66-1,,Sage D. Fast Dog,,24
Todd,Parmelee,School Board Member Todd County School District 66-1,,Glen Yellow Eagle,,11
Todd,Parmelee,School Board Member Todd County School District 66-1,,Linda Bordeaux,,23
Todd,Parmelee,School Board Member Todd County School District 66-1,,Jennifer Bordeaux-Black Bear,,15
Todd,Parmelee,School Board Member Todd County School District 66-1,,Sage D. Fast Dog,,85
Todd,Rosebud,School Board Member Todd County School District 66-1,,Glen Yellow Eagle,,15
Todd,Rosebud,School Board Member Todd County School District 66-1,,Linda Bordeaux,,34
Todd,Rosebud,School Board Member Todd County School District 66-1,,Jennifer Bordeaux-Black Bear,,28
Todd,Rosebud,School Board Member Todd County School District 66-1,,Sage D. Fast Dog,,118
Todd,S. Antelope,School Board Member Todd County School District 66-1,,Glen Yellow Eagle,,19
Todd,S. Antelope,School Board Member Todd County School District 66-1,,Linda Bordeaux,,30
Todd,S. Antelope,School Board Member Todd County School District 66-1,,Jennifer Bordeaux-Black Bear,,5
Todd,S. Antelope,School Board Member Todd County School District 66-1,,Sage D. Fast Dog,,93
Todd,Saint Francis,School Board Member Todd County School District 66-1,,Glen Yellow Eagle,,19
Todd,Saint Francis,School Board Member Todd County School District 66-1,,Linda Bordeaux,,29
Todd,Saint Francis,School Board Member Todd County School District 66-1,,Jennifer Bordeaux-Black Bear,,16
Todd,Saint Francis,School Board Member Todd County School District 66-1,,Sage D. Fast Dog,,55
Tripp,Clearfield Consolidated,President,,Bernie Sanders,DEM,1
Tripp,Clearfield Consolidated,President,,Joseph R. Biden,DEM,11
Tripp,Colome Consolidated,President,,Bernie Sanders,DEM,4
Tripp,Colome Consolidated,President,,Joseph R. Biden,DEM,30
Tripp,Hamill Consolidated,President,,Bernie Sanders,DEM,1
Tripp,Hamill Consolidated,President,,Joseph R. Biden,DEM,7
Tripp,Ideal Consolidated,President,,Bernie Sanders,DEM,0
Tripp,Ideal Consolidated,President,,Joseph R. Biden,DEM,0
Tripp,Lake Consolidated,President,,Bernie Sanders,DEM,1
Tripp,Lake Consolidated,President,,Joseph R. Biden,DEM,8
Tripp,Lamro Consolidated,President,,Bernie Sanders,DEM,5
Tripp,Lamro Consolidated,President,,Joseph R. Biden,DEM,16
Tripp,Sully Consolidated,President,,Bernie Sanders,DEM,0
Tripp,Sully Consolidated,President,,Joseph R. Biden,DEM,7
Tripp,WINNER Consolidated SE 1ST,President,,Bernie Sanders,DEM,1
Tripp,WINNER Consolidated SE 1ST,President,,Joseph R. Biden,DEM,8
Tripp,WINNER Consolidated-E 2ND,President,,Bernie Sanders,DEM,3
Tripp,WINNER Consolidated-E 2ND,President,,Joseph R. Biden,DEM,18
Tripp,WINNER Consolidated-E 3RD,President,,Bernie Sanders,DEM,6
Tripp,WINNER Consolidated-E 3RD,President,,Joseph R. Biden,DEM,18
Tripp,WINNER Consolidated-W 2ND,President,,Bernie Sanders,DEM,1
Tripp,WINNER Consolidated-W 2ND,President,,Joseph R. Biden,DEM,36
Tripp,WINNER Consolidated-W 3RD,President,,Bernie Sanders,DEM,8
Tripp,WINNER Consolidated-W 3RD,President,,Joseph R. Biden,DEM,8
Tripp,Witten Consolidated,President,,Bernie Sanders,DEM,1
Tripp,Witten Consolidated,President,,Joseph R. Biden,DEM,3
Tripp,Clearfield Consolidated,U.S. Senate,,Mike Rounds,REP,28
Tripp,Clearfield Consolidated,U.S. Senate,,Scyller J. Borglum,REP,35
Tripp,Colome Consolidated,U.S. Senate,,Mike Rounds,REP,86
Tripp,Colome Consolidated,U.S. Senate,,Scyller J. Borglum,REP,80
Tripp,Hamill Consolidated,U.S. Senate,,Mike Rounds,REP,14
Tripp,Hamill Consolidated,U.S. Senate,,Scyller J. Borglum,REP,18
Tripp,Ideal Consolidated,U.S. Senate,,Mike Rounds,REP,29
Tripp,Ideal Consolidated,U.S. Senate,,Scyller J. Borglum,REP,9
Tripp,Lake Consolidated,U.S. Senate,,Mike Rounds,REP,30
Tripp,Lake Consolidated,U.S. Senate,,Scyller J. Borglum,REP,35
Tripp,Lamro Consolidated,U.S. Senate,,Mike Rounds,REP,96
Tripp,Lamro Consolidated,U.S. Senate,,Scyller J. Borglum,REP,60
Tripp,Sully Consolidated,U.S. Senate,,Mike Rounds,REP,30
Tripp,Sully Consolidated,U.S. Senate,,Scyller J. Borglum,REP,8
Tripp,WINNER Consolidated SE 1ST,U.S. Senate,,Mike Rounds,REP,49
Tripp,WINNER Consolidated SE 1ST,U.S. Senate,,Scyller J. Borglum,REP,19
Tripp,WINNER Consolidated-E 2ND,U.S. Senate,,Mike Rounds,REP,71
Tripp,WINNER Consolidated-E 2ND,U.S. Senate,,Scyller J. Borglum,REP,29
Tripp,WINNER Consolidated-E 3RD,U.S. Senate,,Mike Rounds,REP,75
Tripp,WINNER Consolidated-E 3RD,U.S. Senate,,Scyller J. Borglum,REP,47
Tripp,WINNER Consolidated-W 2ND,U.S. Senate,,Mike Rounds,REP,88
Tripp,WINNER Consolidated-W 2ND,U.S. Senate,,Scyller J. Borglum,REP,51
Tripp,WINNER Consolidated-W 3RD,U.S. Senate,,Mike Rounds,REP,32
Tripp,WINNER Consolidated-W 3RD,U.S. Senate,,Scyller J. Borglum,REP,24
Tripp,Witten Consolidated,U.S. Senate,,Mike Rounds,REP,19
Tripp,Witten Consolidated,U.S. Senate,,Scyller J. Borglum,REP,13
Tripp,Clearfield Consolidated,U.S. Representative,1,Liz Marty May,REP,35
Tripp,Clearfield Consolidated,U.S. Representative,1,Dusty Johnson,REP,29
Tripp,Colome Consolidated,U.S. Representative,1,Liz Marty May,REP,76
Tripp,Colome Consolidated,U.S. Representative,1,Dusty Johnson,REP,89
Tripp,Hamill Consolidated,U.S. Representative,1,Liz Marty May,REP,22
Tripp,Hamill Consolidated,U.S. Representative,1,Dusty Johnson,REP,11
Tripp,Ideal Consolidated,U.S. Representative,1,Liz Marty May,REP,15
Tripp,Ideal Consolidated,U.S. Representative,1,Dusty Johnson,REP,23
Tripp,Lake Consolidated,U.S. Representative,1,Liz Marty May,REP,45
Tripp,Lake Consolidated,U.S. Representative,1,Dusty Johnson,REP,22
Tripp,Lamro Consolidated,U.S. Representative,1,Liz Marty May,REP,72
Tripp,Lamro Consolidated,U.S. Representative,1,Dusty Johnson,REP,84
Tripp,Sully Consolidated,U.S. Representative,1,Liz Marty May,REP,12
Tripp,Sully Consolidated,U.S. Representative,1,Dusty Johnson,REP,25
Tripp,WINNER Consolidated SE 1ST,U.S. Representative,1,Liz Marty May,REP,18
Tripp,WINNER Consolidated SE 1ST,U.S. Representative,1,Dusty Johnson,REP,49
Tripp,WINNER Consolidated-E 2ND,U.S. Representative,1,Liz Marty May,REP,31
Tripp,WINNER Consolidated-E 2ND,U.S. Representative,1,Dusty Johnson,REP,68
Tripp,WINNER Consolidated-E 3RD,U.S. Representative,1,Liz Marty May,REP,54
Tripp,WINNER Consolidated-E 3RD,U.S. Representative,1,Dusty Johnson,REP,68
Tripp,WINNER Consolidated-W 2ND,U.S. Representative,1,Liz Marty May,REP,60
Tripp,WINNER Consolidated-W 2ND,U.S. Representative,1,Dusty Johnson,REP,79
Tripp,WINNER Consolidated-W 3RD,U.S. Representative,1,Liz Marty May,REP,31
Tripp,WINNER Consolidated-W 3RD,U.S. Representative,1,Dusty Johnson,REP,24
Tripp,Witten Consolidated,U.S. Representative,1,Liz Marty May,REP,15
Tripp,Witten Consolidated,U.S. Representative,1,Dusty Johnson,REP,17
Tripp,Clearfield Consolidated,State Senate,21,Erin Tobin,REP,47
Tripp,Clearfield Consolidated,State Senate,21,Lee Qualm,REP,17
Tripp,Colome Consolidated,State Senate,21,Erin Tobin,REP,102
Tripp,Colome Consolidated,State Senate,21,Lee Qualm,REP,61
Tripp,Hamill Consolidated,State Senate,21,Erin Tobin,REP,18
Tripp,Hamill Consolidated,State Senate,21,Lee Qualm,REP,15
Tripp,Ideal Consolidated,State Senate,21,Erin Tobin,REP,30
Tripp,Ideal Consolidated,State Senate,21,Lee Qualm,REP,8
Tripp,Lake Consolidated,State Senate,21,Erin Tobin,REP,41
Tripp,Lake Consolidated,State Senate,21,Lee Qualm,REP,24
Tripp,Lamro Consolidated,State Senate,21,Erin Tobin,REP,138
Tripp,Lamro Consolidated,State Senate,21,Lee Qualm,REP,18
Tripp,Sully Consolidated,State Senate,21,Erin Tobin,REP,31
Tripp,Sully Consolidated,State Senate,21,Lee Qualm,REP,7
Tripp,WINNER Consolidated SE 1ST,State Senate,21,Erin Tobin,REP,54
Tripp,WINNER Consolidated SE 1ST,State Senate,21,Lee Qualm,REP,13
Tripp,WINNER Consolidated-E 2ND,State Senate,21,Erin Tobin,REP,85
Tripp,WINNER Consolidated-E 2ND,State Senate,21,Lee Qualm,REP,15
Tripp,WINNER Consolidated-E 3RD,State Senate,21,Erin Tobin,REP,103
Tripp,WINNER Consolidated-E 3RD,State Senate,21,Lee Qualm,REP,21
Tripp,WINNER Consolidated-W 2ND,State Senate,21,Erin Tobin,REP,121
Tripp,WINNER Consolidated-W 2ND,State Senate,21,Lee Qualm,REP,19
Tripp,WINNER Consolidated-W 3RD,State Senate,21,Erin Tobin,REP,44
Tripp,WINNER Consolidated-W 3RD,State Senate,21,Lee Qualm,REP,12
Tripp,Witten Consolidated,State Senate,21,Erin Tobin,REP,26
Tripp,Witten Consolidated,State Senate,21,Lee Qualm,REP,7
Tripp,Clearfield Consolidated,County Commissioner Tripp-4,,Greg English,REP,37
Tripp,Clearfield Consolidated,County Commissioner Tripp-4,,Joyce Kartak,REP,26
Tripp,Lamro Consolidated,County Commissioner Tripp-4,,Greg English,REP,5
Tripp,Lamro Consolidated,County Commissioner Tripp-4,,Joyce Kartak,REP,13
Tripp,WINNER Consolidated-W 2ND,County Commissioner Tripp-4,,Greg English,REP,52
Tripp,WINNER Consolidated-W 2ND,County Commissioner Tripp-4,,Joyce Kartak,REP,88
Turner,1,President,,Bernie Sanders,DEM,17
Turner,1,President,,Joseph R. Biden,DEM,56
Turner,2,President,,Bernie Sanders,DEM,9
Turner,2,President,,Joseph R. Biden,DEM,70
Turner,3,President,,Bernie Sanders,DEM,7
Turner,3,President,,Joseph R. Biden,DEM,20
Turner,4,President,,Bernie Sanders,DEM,1
Turner,4,President,,Joseph R. Biden,DEM,15
Turner,5,President,,Bernie Sanders,DEM,7
Turner,5,President,,Joseph R. Biden,DEM,36
Turner,6,President,,Bernie Sanders,DEM,11
Turner,6,President,,Joseph R. Biden,DEM,42
Turner,7,President,,Bernie Sanders,DEM,7
Turner,7,President,,Joseph R. Biden,DEM,21
Turner,8,President,,Bernie Sanders,DEM,12
Turner,8,President,,Joseph R. Biden,DEM,23
Turner,1,U.S. Senate,,Mike Rounds,REP,206
Turner,1,U.S. Senate,,Scyller J. Borglum,REP,58
Turner,2,U.S. Senate,,Mike Rounds,REP,200
Turner,2,U.S. Senate,,Scyller J. Borglum,REP,72
Turner,3,U.S. Senate,,Mike Rounds,REP,33
Turner,3,U.S. Senate,,Scyller J. Borglum,REP,24
Turner,4,U.S. Senate,,Mike Rounds,REP,48
Turner,4,U.S. Senate,,Scyller J. Borglum,REP,14
Turner,5,U.S. Senate,,Mike Rounds,REP,92
Turner,5,U.S. Senate,,Scyller J. Borglum,REP,49
Turner,6,U.S. Senate,,Mike Rounds,REP,107
Turner,6,U.S. Senate,,Scyller J. Borglum,REP,36
Turner,7,U.S. Senate,,Mike Rounds,REP,26
Turner,7,U.S. Senate,,Scyller J. Borglum,REP,5
Turner,8,U.S. Senate,,Mike Rounds,REP,128
Turner,8,U.S. Senate,,Scyller J. Borglum,REP,36
Turner,1,U.S. Representative,1,Liz Marty May,REP,58
Turner,1,U.S. Representative,1,Dusty Johnson,REP,204
Turner,2,U.S. Representative,1,Liz Marty May,REP,56
Turner,2,U.S. Representative,1,Dusty Johnson,REP,219
Turner,3,U.S. Representative,1,Liz Marty May,REP,13
Turner,3,U.S. Representative,1,Dusty Johnson,REP,44
Turner,4,U.S. Representative,1,Liz Marty May,REP,10
Turner,4,U.S. Representative,1,Dusty Johnson,REP,49
Turner,5,U.S. Representative,1,Liz Marty May,REP,27
Turner,5,U.S. Representative,1,Dusty Johnson,REP,112
Turner,6,U.S. Representative,1,Liz Marty May,REP,33
Turner,6,U.S. Representative,1,Dusty Johnson,REP,109
Turner,7,U.S. Representative,1,Liz Marty May,REP,4
Turner,7,U.S. Representative,1,Dusty Johnson,REP,27
Turner,8,U.S. Representative,1,Liz Marty May,REP,21
Turner,8,U.S. Representative,1,Dusty Johnson,REP,142
Turner,1,State Senate,17,Arthur Rusch,REP,77
Turner,1,State Senate,17,Nancy Rasmussen,REP,175
Turner,2,State Senate,17,Arthur Rusch,REP,111
Turner,2,State Senate,17,Nancy Rasmussen,REP,157
Turner,3,State Senate,17,Arthur Rusch,REP,20
Turner,3,State Senate,17,Nancy Rasmussen,REP,37
Turner,4,State Senate,17,Arthur Rusch,REP,11
Turner,4,State Senate,17,Nancy Rasmussen,REP,50
Turner,5,State Senate,17,Arthur Rusch,REP,50
Turner,5,State Senate,17,Nancy Rasmussen,REP,89
Turner,6,State Senate,17,Arthur Rusch,REP,47
Turner,6,State Senate,17,Nancy Rasmussen,REP,91
Turner,7,State Senate,17,Arthur Rusch,REP,9
Turner,7,State Senate,17,Nancy Rasmussen,REP,22
Turner,8,State Senate,17,Arthur Rusch,REP,77
Turner,8,State Senate,17,Nancy Rasmussen,REP,84
Turner,1,State Representative,17,Richard Vasgaard,REP,73
Turner,1,State Representative,17,Dan Werner,REP,158
Turner,1,State Representative,17,Sydney Davis,REP,119
Turner,1,State Representative,17,Charles Kludt,REP,43
Turner,2,State Representative,17,Richard Vasgaard,REP,97
Turner,2,State Representative,17,Dan Werner,REP,65
Turner,2,State Representative,17,Sydney Davis,REP,196
Turner,2,State Representative,17,Charles Kludt,REP,70
Turner,3,State Representative,17,Richard Vasgaard,REP,32
Turner,3,State Representative,17,Dan Werner,REP,18
Turner,3,State Representative,17,Sydney Davis,REP,37
Turner,3,State Representative,17,Charles Kludt,REP,16
Turner,4,State Representative,17,Richard Vasgaard,REP,28
Turner,4,State Representative,17,Dan Werner,REP,18
Turner,4,State Representative,17,Sydney Davis,REP,34
Turner,4,State Representative,17,Charles Kludt,REP,26
Turner,5,State Representative,17,Richard Vasgaard,REP,78
Turner,5,State Representative,17,Dan Werner,REP,21
Turner,5,State Representative,17,Sydney Davis,REP,89
Turner,5,State Representative,17,Charles Kludt,REP,45
Turner,6,State Representative,17,Richard Vasgaard,REP,66
Turner,6,State Representative,17,Dan Werner,REP,15
Turner,6,State Representative,17,Sydney Davis,REP,65
Turner,6,State Representative,17,Charles Kludt,REP,94
Turner,7,State Representative,17,Richard Vasgaard,REP,16
Turner,7,State Representative,17,Dan Werner,REP,4
Turner,7,State Representative,17,Sydney Davis,REP,14
Turner,7,State Representative,17,Charles Kludt,REP,24
Turner,8,State Representative,17,Richard Vasgaard,REP,124
Turner,8,State Representative,17,Dan Werner,REP,21
Turner,8,State Representative,17,Sydney Davis,REP,69
Turner,8,State Representative,17,Charles Kludt,REP,64
Union,1,President,,Bernie Sanders,DEM,6
Union,1,President,,Joseph R. Biden,DEM,23
Union,2,President,,Bernie Sanders,DEM,7
Union,2,President,,Joseph R. Biden,DEM,51
Union,3,President,,Bernie Sanders,DEM,24
Union,3,President,,Joseph R. Biden,DEM,77
Union,4,President,,Bernie Sanders,DEM,11
Union,4,President,,Joseph R. Biden,DEM,33
Union,5,President,,Bernie Sanders,DEM,10
Union,5,President,,Joseph R. Biden,DEM,44
Union,6,President,,Bernie Sanders,DEM,14
Union,6,President,,Joseph R. Biden,DEM,72
Union,7,President,,Bernie Sanders,DEM,9
Union,7,President,,Joseph R. Biden,DEM,31
Union,8,President,,Bernie Sanders,DEM,4
Union,8,President,,Joseph R. Biden,DEM,43
Union,9,President,,Bernie Sanders,DEM,11
Union,9,President,,Joseph R. Biden,DEM,51
Union,10,President,,Bernie Sanders,DEM,18
Union,10,President,,Joseph R. Biden,DEM,69
Union,11,President,,Bernie Sanders,DEM,9
Union,11,President,,Joseph R. Biden,DEM,48
Union,12,President,,Bernie Sanders,DEM,12
Union,12,President,,Joseph R. Biden,DEM,57
Union,13,President,,Bernie Sanders,DEM,12
Union,13,President,,Joseph R. Biden,DEM,78
Union,1,U.S. Senate,,Mike Rounds,REP,30
Union,1,U.S. Senate,,Scyller J. Borglum,REP,12
Union,2,U.S. Senate,,Mike Rounds,REP,55
Union,2,U.S. Senate,,Scyller J. Borglum,REP,22
Union,3,U.S. Senate,,Mike Rounds,REP,91
Union,3,U.S. Senate,,Scyller J. Borglum,REP,25
Union,4,U.S. Senate,,Mike Rounds,REP,46
Union,4,U.S. Senate,,Scyller J. Borglum,REP,25
Union,5,U.S. Senate,,Mike Rounds,REP,74
Union,5,U.S. Senate,,Scyller J. Borglum,REP,25
Union,6,U.S. Senate,,Mike Rounds,REP,115
Union,6,U.S. Senate,,Scyller J. Borglum,REP,22
Union,7,U.S. Senate,,Mike Rounds,REP,90
Union,7,U.S. Senate,,Scyller J. Borglum,REP,8
Union,8,U.S. Senate,,Mike Rounds,REP,77
Union,8,U.S. Senate,,Scyller J. Borglum,REP,10
Union,9,U.S. Senate,,Mike Rounds,REP,46
Union,9,U.S. Senate,,Scyller J. Borglum,REP,8
Union,10,U.S. Senate,,Mike Rounds,REP,83
Union,10,U.S. Senate,,Scyller J. Borglum,REP,9
Union,11,U.S. Senate,,Mike Rounds,REP,77
Union,11,U.S. Senate,,Scyller J. Borglum,REP,9
Union,12,U.S. Senate,,Mike Rounds,REP,182
Union,12,U.S. Senate,,Scyller J. Borglum,REP,10
Union,13,U.S. Senate,,Mike Rounds,REP,240
Union,13,U.S. Senate,,Scyller J. Borglum,REP,17
Union,1,U.S. Representative,1,Liz Marty May,REP,7
Union,1,U.S. Representative,1,Dusty Johnson,REP,37
Union,2,U.S. Representative,1,Liz Marty May,REP,20
Union,2,U.S. Representative,1,Dusty Johnson,REP,57
Union,3,U.S. Representative,1,Liz Marty May,REP,18
Union,3,U.S. Representative,1,Dusty Johnson,REP,98
Union,4,U.S. Representative,1,Liz Marty May,REP,23
Union,4,U.S. Representative,1,Dusty Johnson,REP,49
Union,5,U.S. Representative,1,Liz Marty May,REP,23
Union,5,U.S. Representative,1,Dusty Johnson,REP,76
Union,6,U.S. Representative,1,Liz Marty May,REP,18
Union,6,U.S. Representative,1,Dusty Johnson,REP,122
Union,7,U.S. Representative,1,Liz Marty May,REP,10
Union,7,U.S. Representative,1,Dusty Johnson,REP,87
Union,8,U.S. Representative,1,Liz Marty May,REP,11
Union,8,U.S. Representative,1,Dusty Johnson,REP,74
Union,9,U.S. Representative,1,Liz Marty May,REP,9
Union,9,U.S. Representative,1,Dusty Johnson,REP,45
Union,10,U.S. Representative,1,Liz Marty May,REP,18
Union,10,U.S. Representative,1,Dusty Johnson,REP,72
Union,11,U.S. Representative,1,Liz Marty May,REP,14
Union,11,U.S. Representative,1,Dusty Johnson,REP,71
Union,12,U.S. Representative,1,Liz Marty May,REP,31
Union,12,U.S. Representative,1,Dusty Johnson,REP,154
Union,13,U.S. Representative,1,Liz Marty May,REP,50
Union,13,U.S. Representative,1,Dusty Johnson,REP,200
Union,1,State Representative,16,Kevin D Jensen,REP,32
Union,1,State Representative,16,William (Bill) Shorma,REP,17
Union,1,State Representative,16,David L Anderson,REP,30
Union,2,State Representative,16,Kevin D Jensen,REP,51
Union,2,State Representative,16,William (Bill) Shorma,REP,28
Union,2,State Representative,16,David L Anderson,REP,44
Union,3,State Representative,16,Kevin D Jensen,REP,61
Union,3,State Representative,16,William (Bill) Shorma,REP,75
Union,3,State Representative,16,David L Anderson,REP,49
Union,4,State Representative,16,Kevin D Jensen,REP,51
Union,4,State Representative,16,William (Bill) Shorma,REP,33
Union,4,State Representative,16,David L Anderson,REP,33
Union,5,State Representative,16,Kevin D Jensen,REP,67
Union,5,State Representative,16,William (Bill) Shorma,REP,42
Union,5,State Representative,16,David L Anderson,REP,54
Union,6,State Representative,16,Kevin D Jensen,REP,77
Union,6,State Representative,16,William (Bill) Shorma,REP,73
Union,6,State Representative,16,David L Anderson,REP,82
Union,7,State Representative,16,Kevin D Jensen,REP,59
Union,7,State Representative,16,William (Bill) Shorma,REP,61
Union,7,State Representative,16,David L Anderson,REP,37
Union,8,State Representative,16,Kevin D Jensen,REP,49
Union,8,State Representative,16,William (Bill) Shorma,REP,46
Union,8,State Representative,16,David L Anderson,REP,36
Union,9,State Representative,16,Kevin D Jensen,REP,30
Union,9,State Representative,16,William (Bill) Shorma,REP,33
Union,9,State Representative,16,David L Anderson,REP,23
Union,10,State Representative,16,Kevin D Jensen,REP,57
Union,10,State Representative,16,William (Bill) Shorma,REP,50
Union,10,State Representative,16,David L Anderson,REP,32
Union,11,State Representative,16,Kevin D Jensen,REP,56
Union,11,State Representative,16,William (Bill) Shorma,REP,49
Union,11,State Representative,16,David L Anderson,REP,31
Union,12,State Representative,16,Kevin D Jensen,REP,90
Union,12,State Representative,16,William (Bill) Shorma,REP,138
Union,12,State Representative,16,David L Anderson,REP,61
Union,13,State Representative,16,Kevin D Jensen,REP,106
Union,13,State Representative,16,William (Bill) Shorma,REP,189
Union,13,State Representative,16,David L Anderson,REP,69
Union,4,School Board Member Vermillion School District 13-1,,Shane Nordyke,,3
Union,4,School Board Member Vermillion School District 13-1,,Curt Kevin Cameron,,6
Union,4,School Board Member Vermillion School District 13-1,,Carol Voss-Ward,,5
Walworth,1,President,,Bernie Sanders,DEM,2
Walworth,1,President,,Joseph R. Biden,DEM,10
Walworth,2,President,,Bernie Sanders,DEM,2
Walworth,2,President,,Joseph R. Biden,DEM,5
Walworth,3,President,,Bernie Sanders,DEM,4
Walworth,3,President,,Joseph R. Biden,DEM,10
Walworth,4,President,,Bernie Sanders,DEM,9
Walworth,4,President,,Joseph R. Biden,DEM,12
Walworth,5,President,,Bernie Sanders,DEM,6
Walworth,5,President,,Joseph R. Biden,DEM,23
Walworth,6,President,,Bernie Sanders,DEM,7
Walworth,6,President,,Joseph R. Biden,DEM,46
Walworth,7,President,,Bernie Sanders,DEM,6
Walworth,7,President,,Joseph R. Biden,DEM,25
Walworth,8,President,,Bernie Sanders,DEM,0
Walworth,8,President,,Joseph R. Biden,DEM,3
Walworth,9,President,,Bernie Sanders,DEM,2
Walworth,9,President,,Joseph R. Biden,DEM,1
Walworth,10,President,,Bernie Sanders,DEM,3
Walworth,10,President,,Joseph R. Biden,DEM,10
Walworth,1,U.S. Senate,,Mike Rounds,REP,61
Walworth,1,U.S. Senate,,Scyller J. Borglum,REP,14
Walworth,2,U.S. Senate,,Mike Rounds,REP,56
Walworth,2,U.S. Senate,,Scyller J. Borglum,REP,24
Walworth,3,U.S. Senate,,Mike Rounds,REP,167
Walworth,3,U.S. Senate,,Scyller J. Borglum,REP,66
Walworth,4,U.S. Senate,,Mike Rounds,REP,37
Walworth,4,U.S. Senate,,Scyller J. Borglum,REP,7
Walworth,5,U.S. Senate,,Mike Rounds,REP,75
Walworth,5,U.S. Senate,,Scyller J. Borglum,REP,20
Walworth,6,U.S. Senate,,Mike Rounds,REP,110
Walworth,6,U.S. Senate,,Scyller J. Borglum,REP,36
Walworth,7,U.S. Senate,,Mike Rounds,REP,131
Walworth,7,U.S. Senate,,Scyller J. Borglum,REP,47
Walworth,8,U.S. Senate,,Mike Rounds,REP,33
Walworth,8,U.S. Senate,,Scyller J. Borglum,REP,4
Walworth,9,U.S. Senate,,Mike Rounds,REP,30
Walworth,9,U.S. Senate,,Scyller J. Borglum,REP,15
Walworth,10,U.S. Senate,,Mike Rounds,REP,52
Walworth,10,U.S. Senate,,Scyller J. Borglum,REP,20
Walworth,1,U.S. Representative,1,Liz Marty May,REP,15
Walworth,1,U.S. Representative,1,Dusty Johnson,REP,59
Walworth,2,U.S. Representative,1,Liz Marty May,REP,26
Walworth,2,U.S. Representative,1,Dusty Johnson,REP,55
Walworth,3,U.S. Representative,1,Liz Marty May,REP,63
Walworth,3,U.S. Representative,1,Dusty Johnson,REP,171
Walworth,4,U.S. Representative,1,Liz Marty May,REP,16
Walworth,4,U.S. Representative,1,Dusty Johnson,REP,28
Walworth,5,U.S. Representative,1,Liz Marty May,REP,22
Walworth,5,U.S. Representative,1,Dusty Johnson,REP,76
Walworth,6,U.S. Representative,1,Liz Marty May,REP,35
Walworth,6,U.S. Representative,1,Dusty Johnson,REP,110
Walworth,7,U.S. Representative,1,Liz Marty May,REP,41
Walworth,7,U.S. Representative,1,Dusty Johnson,REP,133
Walworth,8,U.S. Representative,1,Liz Marty May,REP,5
Walworth,8,U.S. Representative,1,Dusty Johnson,REP,31
Walworth,9,U.S. Representative,1,Liz Marty May,REP,14
Walworth,9,U.S. Representative,1,Dusty Johnson,REP,30
Walworth,10,U.S. Representative,1,Liz Marty May,REP,27
Walworth,10,U.S. Representative,1,Dusty Johnson,REP,45
Walworth,1,State Senate,23,Bryan J Breitling,REP,23
Walworth,1,State Senate,23,Larry Nielson,REP,46
Walworth,2,State Senate,23,Bryan J Breitling,REP,35
Walworth,2,State Senate,23,Larry Nielson,REP,38
Walworth,3,State Senate,23,Bryan J Breitling,REP,89
Walworth,3,State Senate,23,Larry Nielson,REP,112
Walworth,4,State Senate,23,Bryan J Breitling,REP,21
Walworth,4,State Senate,23,Larry Nielson,REP,21
Walworth,5,State Senate,23,Bryan J Breitling,REP,46
Walworth,5,State Senate,23,Larry Nielson,REP,39
Walworth,6,State Senate,23,Bryan J Breitling,REP,65
Walworth,6,State Senate,23,Larry Nielson,REP,64
Walworth,7,State Senate,23,Bryan J Breitling,REP,86
Walworth,7,State Senate,23,Larry Nielson,REP,73
Walworth,8,State Senate,23,Bryan J Breitling,REP,10
Walworth,8,State Senate,23,Larry Nielson,REP,20
Walworth,9,State Senate,23,Bryan J Breitling,REP,17
Walworth,9,State Senate,23,Larry Nielson,REP,22
Walworth,10,State Senate,23,Bryan J Breitling,REP,32
Walworth,10,State Senate,23,Larry Nielson,REP,26
Walworth,1,State Representative,23,Kevin E Watts,REP,6
Walworth,1,State Representative,23,Spencer Gosch,REP,62
Walworth,1,State Representative,23,Charlie Hoffman,REP,42
Walworth,1,State Representative,23,James D Wangsness,REP,13
Walworth,2,State Representative,23,Kevin E Watts,REP,9
Walworth,2,State Representative,23,Spencer Gosch,REP,71
Walworth,2,State Representative,23,Charlie Hoffman,REP,46
Walworth,2,State Representative,23,James D Wangsness,REP,15
Walworth,3,State Representative,23,Kevin E Watts,REP,26
Walworth,3,State Representative,23,Spencer Gosch,REP,213
Walworth,3,State Representative,23,Charlie Hoffman,REP,125
Walworth,3,State Representative,23,James D Wangsness,REP,47
Walworth,4,State Representative,23,Kevin E Watts,REP,1
Walworth,4,State Representative,23,Spencer Gosch,REP,41
Walworth,4,State Representative,23,Charlie Hoffman,REP,17
Walworth,4,State Representative,23,James D Wangsness,REP,10
Walworth,5,State Representative,23,Kevin E Watts,REP,4
Walworth,5,State Representative,23,Spencer Gosch,REP,91
Walworth,5,State Representative,23,Charlie Hoffman,REP,59
Walworth,5,State Representative,23,James D Wangsness,REP,20
Walworth,6,State Representative,23,Kevin E Watts,REP,12
Walworth,6,State Representative,23,Spencer Gosch,REP,132
Walworth,6,State Representative,23,Charlie Hoffman,REP,89
Walworth,6,State Representative,23,James D Wangsness,REP,23
Walworth,7,State Representative,23,Kevin E Watts,REP,9
Walworth,7,State Representative,23,Spencer Gosch,REP,163
Walworth,7,State Representative,23,Charlie Hoffman,REP,121
Walworth,7,State Representative,23,James D Wangsness,REP,19
Walworth,8,State Representative,23,Kevin E Watts,REP,1
Walworth,8,State Representative,23,Spencer Gosch,REP,34
Walworth,8,State Representative,23,Charlie Hoffman,REP,23
Walworth,8,State Representative,23,James D Wangsness,REP,6
Walworth,9,State Representative,23,Kevin E Watts,REP,5
Walworth,9,State Representative,23,Spencer Gosch,REP,42
Walworth,9,State Representative,23,Charlie Hoffman,REP,26
Walworth,9,State Representative,23,James D Wangsness,REP,4
Walworth,10,State Representative,23,Kevin E Watts,REP,9
Walworth,10,State Representative,23,Spencer Gosch,REP,63
Walworth,10,State Representative,23,Charlie Hoffman,REP,49
Walworth,10,State Representative,23,James D Wangsness,REP,11
Walworth,5,County Commissioner Walworth-2,,Kevin Holgard,REP,49
Walworth,5,County Commissioner Walworth-2,,Taylor Oster,REP,46
Walworth,9,County Commissioner Walworth-2,,Kevin Holgard,REP,29
Walworth,9,County Commissioner Walworth-2,,Taylor Oster,REP,16
Walworth,6,County Commissioner Walworth-4,,Duane Mohr,REP,78
Walworth,6,County Commissioner Walworth-4,,Marion Schlomer,REP,69
Yankton,Absentee,President,,Bernie Sanders,DEM,123
Yankton,Absentee,President,,Joseph R. Biden,DEM,985
Yankton,Gayville Community Center,President,,Bernie Sanders,DEM,8
Yankton,Gayville Community Center,President,,Joseph R. Biden,DEM,20
Yankton,Lesterville Fire Hall,President,,Bernie Sanders,DEM,5
Yankton,Lesterville Fire Hall,President,,Joseph R. Biden,DEM,7
Yankton,Lewis and Clark Recreation Area,President,,Bernie Sanders,DEM,8
Yankton,Lewis and Clark Recreation Area,President,,Joseph R. Biden,DEM,13
Yankton,Mayfield Store,President,,Bernie Sanders,DEM,1
Yankton,Mayfield Store,President,,Joseph R. Biden,DEM,8
Yankton,Yankton City Hall,President,,Bernie Sanders,DEM,51
Yankton,Yankton City Hall,President,,Joseph R. Biden,DEM,132
Yankton,Yankton Fire Station #2,President,,Bernie Sanders,DEM,33
Yankton,Yankton Fire Station #2,President,,Joseph R. Biden,DEM,81
Yankton,Absentee,U.S. Senate,,Mike Rounds,REP,1047
Yankton,Absentee,U.S. Senate,,Scyller J. Borglum,REP,298
Yankton,Gayville Community Center,U.S. Senate,,Mike Rounds,REP,35
Yankton,Gayville Community Center,U.S. Senate,,Scyller J. Borglum,REP,18
Yankton,Lesterville Fire Hall,U.S. Senate,,Mike Rounds,REP,27
Yankton,Lesterville Fire Hall,U.S. Senate,,Scyller J. Borglum,REP,23
Yankton,Lewis and Clark Recreation Area,U.S. Senate,,Mike Rounds,REP,48
Yankton,Lewis and Clark Recreation Area,U.S. Senate,,Scyller J. Borglum,REP,16
Yankton,Mayfield Store,U.S. Senate,,Mike Rounds,REP,33
Yankton,Mayfield Store,U.S. Senate,,Scyller J. Borglum,REP,16
Yankton,Yankton City Hall,U.S. Senate,,Mike Rounds,REP,190
Yankton,Yankton City Hall,U.S. Senate,,Scyller J. Borglum,REP,109
Yankton,Yankton Fire Station #2,U.S. Senate,,Mike Rounds,REP,276
Yankton,Yankton Fire Station #2,U.S. Senate,,Scyller J. Borglum,REP,123
Yankton,Absentee,U.S. Representative,1,Liz Marty May,REP,231
Yankton,Absentee,U.S. Representative,1,Dusty Johnson,REP,1104
Yankton,Gayville Community Center,U.S. Representative,1,Liz Marty May,REP,18
Yankton,Gayville Community Center,U.S. Representative,1,Dusty Johnson,REP,35
Yankton,Lesterville Fire Hall,U.S. Representative,1,Liz Marty May,REP,17
Yankton,Lesterville Fire Hall,U.S. Representative,1,Dusty Johnson,REP,32
Yankton,Lewis and Clark Recreation Area,U.S. Representative,1,Liz Marty May,REP,16
Yankton,Lewis and Clark Recreation Area,U.S. Representative,1,Dusty Johnson,REP,47
Yankton,Mayfield Store,U.S. Representative,1,Liz Marty May,REP,12
Yankton,Mayfield Store,U.S. Representative,1,Dusty Johnson,REP,38
Yankton,Yankton City Hall,U.S. Representative,1,Liz Marty May,REP,71
Yankton,Yankton City Hall,U.S. Representative,1,Dusty Johnson,REP,228
Yankton,Yankton Fire Station #2,U.S. Representative,1,Liz Marty May,REP,86
Yankton,Yankton Fire Station #2,U.S. Representative,1,Dusty Johnson,REP,307
Yankton,Absentee,County Commissioner At Large,,Wanda Howey-Fox,REP,676
Yankton,Absentee,County Commissioner At Large,,Ward Youngblom,REP,568
Yankton,Absentee,County Commissioner At Large,,Don Kettering,REP,890
Yankton,Gayville Community Center,County Commissioner At Large,,Wanda Howey-Fox,REP,25
Yankton,Gayville Community Center,County Commissioner At Large,,Ward Youngblom,REP,16
Yankton,Gayville Community Center,County Commissioner At Large,,Don Kettering,REP,37
Yankton,Lesterville Fire Hall,County Commissioner At Large,,Wanda Howey-Fox,REP,30
Yankton,Lesterville Fire Hall,County Commissioner At Large,,Ward Youngblom,REP,23
Yankton,Lesterville Fire Hall,County Commissioner At Large,,Don Kettering,REP,25
Yankton,Lewis and Clark Recreation Area,County Commissioner At Large,,Wanda Howey-Fox,REP,34
Yankton,Lewis and Clark Recreation Area,County Commissioner At Large,,Ward Youngblom,REP,32
Yankton,Lewis and Clark Recreation Area,County Commissioner At Large,,Don Kettering,REP,35
Yankton,Mayfield Store,County Commissioner At Large,,Wanda Howey-Fox,REP,28
Yankton,Mayfield Store,County Commissioner At Large,,Ward Youngblom,REP,17
Yankton,Mayfield Store,County Commissioner At Large,,Don Kettering,REP,32
Yankton,Yankton City Hall,County Commissioner At Large,,Wanda Howey-Fox,REP,171
Yankton,Yankton City Hall,County Commissioner At Large,,Ward Youngblom,REP,134
Yankton,Yankton City Hall,County Commissioner At Large,,Don Kettering,REP,186
Yankton,Yankton Fire Station #2,County Commissioner At Large,,Wanda Howey-Fox,REP,208
Yankton,Yankton Fire Station #2,County Commissioner At Large,,Ward Youngblom,REP,174
Yankton,Yankton Fire Station #2,County Commissioner At Large,,Don Kettering,REP,246
Yankton,Absentee,City Commissioner Yankton,,Stephanie Moser,,1186
Yankton,Absentee,City Commissioner Yankton,,Timothy Sean Wamble,,462
Yankton,Absentee,City Commissioner Yankton,,Tony Maibaum,,887
Yankton,Absentee,City Commissioner Yankton,,Ben Brunick,,1108
Yankton,Absentee,City Commissioner Yankton,,Bruce T Viau,,659
Yankton,Gayville Community Center,City Commissioner Yankton,,Stephanie Moser,,1
Yankton,Gayville Community Center,City Commissioner Yankton,,Timothy Sean Wamble,,0
Yankton,Gayville Community Center,City Commissioner Yankton,,Tony Maibaum,,0
Yankton,Gayville Community Center,City Commissioner Yankton,,Ben Brunick,,1
Yankton,Gayville Community Center,City Commissioner Yankton,,Bruce T Viau,,1
Yankton,Lesterville Fire Hall,City Commissioner Yankton,,Stephanie Moser,,2
Yankton,Lesterville Fire Hall,City Commissioner Yankton,,Timothy Sean Wamble,,2
Yankton,Lesterville Fire Hall,City Commissioner Yankton,,Tony Maibaum,,0
Yankton,Lesterville Fire Hall,City Commissioner Yankton,,Ben Brunick,,2
Yankton,Lesterville Fire Hall,City Commissioner Yankton,,Bruce T Viau,,0
Yankton,Lewis and Clark Recreation Area,City Commissioner Yankton,,Stephanie Moser,,0
Yankton,Lewis and Clark Recreation Area,City Commissioner Yankton,,Timothy Sean Wamble,,0
Yankton,Lewis and Clark Recreation Area,City Commissioner Yankton,,Tony Maibaum,,0
Yankton,Lewis and Clark Recreation Area,City Commissioner Yankton,,Ben Brunick,,0
Yankton,Lewis and Clark Recreation Area,City Commissioner Yankton,,Bruce T Viau,,0
Yankton,Mayfield Store,City Commissioner Yankton,,Stephanie Moser,,0
Yankton,Mayfield Store,City Commissioner Yankton,,Timothy Sean Wamble,,0
Yankton,Mayfield Store,City Commissioner Yankton,,Tony Maibaum,,0
Yankton,Mayfield Store,City Commissioner Yankton,,Ben Brunick,,0
Yankton,Mayfield Store,City Commissioner Yankton,,Bruce T Viau,,0
Yankton,Yankton City Hall,City Commissioner Yankton,,Stephanie Moser,,260
Yankton,Yankton City Hall,City Commissioner Yankton,,Timothy Sean Wamble,,139
Yankton,Yankton City Hall,City Commissioner Yankton,,Tony Maibaum,,208
Yankton,Yankton City Hall,City Commissioner Yankton,,Ben Brunick,,274
Yankton,Yankton City Hall,City Commissioner Yankton,,Bruce T Viau,,147
Yankton,Yankton Fire Station #2,City Commissioner Yankton,,Stephanie Moser,,307
Yankton,Yankton Fire Station #2,City Commissioner Yankton,,Timothy Sean Wamble,,140
Yankton,Yankton Fire Station #2,City Commissioner Yankton,,Tony Maibaum,,245
Yankton,Yankton Fire Station #2,City Commissioner Yankton,,Ben Brunick,,283
Yankton,Yankton Fire Station #2,City Commissioner Yankton,,Bruce T Viau,,187
Ziebach,1 Bridger,President,,Bernie Sanders,DEM,5
Ziebach,1 Bridger,President,,Joseph R. Biden,DEM,6
Ziebach,2 Cherry Creek,President,,Bernie Sanders,DEM,6
Ziebach,2 Cherry Creek,President,,Joseph R. Biden,DEM,14
Ziebach,3 Davis,President,,Bernie Sanders,DEM,39
Ziebach,3 Davis,President,,Joseph R. Biden,DEM,33
Ziebach,4 Glad Valley,President,,Bernie Sanders,DEM,3
Ziebach,4 Glad Valley,President,,Joseph R. Biden,DEM,11
Ziebach,"6 Redelm (5 North Dupree, 8 South Dupree)",President,,Bernie Sanders,DEM,25
Ziebach,"6 Redelm (5 North Dupree, 8 South Dupree)",President,,Joseph R. Biden,DEM,51
Ziebach,7 Red Scaffold,President,,Bernie Sanders,DEM,5
Ziebach,7 Red Scaffold,President,,Joseph R. Biden,DEM,8
Ziebach,1 Bridger,U.S. Senate,,Mike Rounds,REP,3
Ziebach,1 Bridger,U.S. Senate,,Scyller J. Borglum,REP,4
Ziebach,2 Cherry Creek,U.S. Senate,,Mike Rounds,REP,1
Ziebach,2 Cherry Creek,U.S. Senate,,Scyller J. Borglum,REP,2
Ziebach,3 Davis,U.S. Senate,,Mike Rounds,REP,17
Ziebach,3 Davis,U.S. Senate,,Scyller J. Borglum,REP,6
Ziebach,4 Glad Valley,U.S. Senate,,Mike Rounds,REP,8
Ziebach,4 Glad Valley,U.S. Senate,,Scyller J. Borglum,REP,15
Ziebach,"6 Redelm (5 North Dupree, 8 South Dupree)",U.S. Senate,,Mike Rounds,REP,53
Ziebach,"6 Redelm (5 North Dupree, 8 South Dupree)",U.S. Senate,,Scyller J. Borglum,REP,39
Ziebach,7 Red Scaffold,U.S. Senate,,Mike Rounds,REP,1
Ziebach,7 Red Scaffold,U.S. Senate,,Scyller J. Borglum,REP,2
Ziebach,1 Bridger,U.S. Representative,1,Liz Marty May,REP,4
Ziebach,1 Bridger,U.S. Representative,1,Dusty Johnson,REP,3
Ziebach,2 Cherry Creek,U.S. Representative,1,Liz Marty May,REP,2
Ziebach,2 Cherry Creek,U.S. Representative,1,Dusty Johnson,REP,1
Ziebach,3 Davis,U.S. Representative,1,Liz Marty May,REP,9
Ziebach,3 Davis,U.S. Representative,1,Dusty Johnson,REP,16
Ziebach,4 Glad Valley,U.S. Representative,1,Liz Marty May,REP,13
Ziebach,4 Glad Valley,U.S. Representative,1,Dusty Johnson,REP,10
Ziebach,"6 Redelm (5 North Dupree, 8 South Dupree)",U.S. Representative,1,Liz Marty May,REP,43
Ziebach,"6 Redelm (5 North Dupree, 8 South Dupree)",U.S. Representative,1,Dusty Johnson,REP,48
Ziebach,7 Red Scaffold,U.S. Representative,1,Liz Marty May,REP,2
Ziebach,7 Red Scaffold,U.S. Representative,1,Dusty Johnson,REP,1
Ziebach,1 Bridger,State Representative,28A,Oren Lee Lesmeister,DEM,12
Ziebach,1 Bridger,State Representative,28A,Dean Schrempp,DEM,1
Ziebach,2 Cherry Creek,State Representative,28A,Oren Lee Lesmeister,DEM,16
Ziebach,2 Cherry Creek,State Representative,28A,Dean Schrempp,DEM,5
Ziebach,3 Davis,State Representative,28A,Oren Lee Lesmeister,DEM,65
Ziebach,3 Davis,State Representative,28A,Dean Schrempp,DEM,11
Ziebach,4 Glad Valley,State Representative,28A,Oren Lee Lesmeister,DEM,6
Ziebach,4 Glad Valley,State Representative,28A,Dean Schrempp,DEM,11
Ziebach,"6 Redelm (5 North Dupree, 8 South Dupree)",State Representative,28A,Oren Lee Lesmeister,DEM,66
Ziebach,"6 Redelm (5 North Dupree, 8 South Dupree)",State Representative,28A,Dean Schrempp,DEM,25
Ziebach,7 Red Scaffold,State Representative,28A,Oren Lee Lesmeister,DEM,5
Ziebach,7 Red Scaffold,State Representative,28A,Dean Schrempp,DEM,8
