county,precinct,office,district,candidate,party,votes
Aurora,1,U.S. Senate,,John R. Thune,REP,90
Aurora,1,U.S. Senate,,Bruce Whalen,REP,19
Aurora,1,U.S. Senate,,Mark Mowry,REP,5
Aurora,2,U.S. Senate,,John R. Thune,REP,36
Aurora,2,U.S. Senate,,Bruce Whalen,REP,19
Aurora,2,U.S. Senate,,Mark Mowry,REP,2
Aurora,3,U.S. Senate,,John R. Thune,REP,68
Aurora,3,U.S. Senate,,Bruce Whalen,REP,22
Aurora,3,U.S. Senate,,Mark Mowry,REP,11
Aurora,5,U.S. Senate,,John R. Thune,REP,30
Aurora,5,U.S. Senate,,Bruce Whalen,REP,11
Aurora,5,U.S. Senate,,Mark Mowry,REP,2
Aurora,7,U.S. Senate,,John R. Thune,REP,56
Aurora,7,U.S. Senate,,Bruce Whalen,REP,13
Aurora,7,U.S. Senate,,Mark Mowry,REP,6
Aurora,1,U.S. House,1,Dusty Johnson,REP,72
Aurora,1,U.S. House,1,Taffy Howard,REP,41
Aurora,2,U.S. House,1,Dusty Johnson,REP,28
Aurora,2,U.S. House,1,Taffy Howard,REP,28
Aurora,3,U.S. House,1,Dusty Johnson,REP,51
Aurora,3,U.S. House,1,Taffy Howard,REP,51
Aurora,5,U.S. House,1,Dusty Johnson,REP,27
Aurora,5,U.S. House,1,Taffy Howard,REP,15
Aurora,7,U.S. House,1,Dusty Johnson,REP,45
Aurora,7,U.S. House,1,Taffy Howard,REP,31
Aurora,1,Governor,,Steven Haugaard,REP,17
Aurora,1,Governor,,Kristi Noem,REP,96
Aurora,2,Governor,,Steven Haugaard,REP,6
Aurora,2,Governor,,Kristi Noem,REP,51
Aurora,3,Governor,,Steven Haugaard,REP,28
Aurora,3,Governor,,Kristi Noem,REP,76
Aurora,5,Governor,,Steven Haugaard,REP,8
Aurora,5,Governor,,Kristi Noem,REP,36
Aurora,7,Governor,,Steven Haugaard,REP,21
Aurora,7,Governor,,Kristi Noem,REP,56
Aurora,1,County Commissioner Aurora-1,,Andy Espedal,REP,1
Aurora,1,County Commissioner Aurora-1,,Randy Niles,REP,3
Aurora,3,County Commissioner Aurora-1,,Andy Espedal,REP,10
Aurora,3,County Commissioner Aurora-1,,Randy Niles,REP,22
Aurora,5,County Commissioner Aurora-1,,Andy Espedal,REP,8
Aurora,5,County Commissioner Aurora-1,,Randy Niles,REP,27
Aurora,7,County Commissioner Aurora-1,,Andy Espedal,REP,3
Aurora,7,County Commissioner Aurora-1,,Randy Niles,REP,1
Aurora,1,Constitutional Amendment C: A Constitutional Amendment Requiring Three-Fifths Vote for Approval of Ballot Measures Imposing Taxes or Fees or Obligating over $10 Million,,Yes,,59
Aurora,1,Constitutional Amendment C: A Constitutional Amendment Requiring Three-Fifths Vote for Approval of Ballot Measures Imposing Taxes or Fees or Obligating over $10 Million,,No,,98
Aurora,2,Constitutional Amendment C: A Constitutional Amendment Requiring Three-Fifths Vote for Approval of Ballot Measures Imposing Taxes or Fees or Obligating over $10 Million,,Yes,,52
Aurora,2,Constitutional Amendment C: A Constitutional Amendment Requiring Three-Fifths Vote for Approval of Ballot Measures Imposing Taxes or Fees or Obligating over $10 Million,,No,,78
Aurora,3,Constitutional Amendment C: A Constitutional Amendment Requiring Three-Fifths Vote for Approval of Ballot Measures Imposing Taxes or Fees or Obligating over $10 Million,,Yes,,80
Aurora,3,Constitutional Amendment C: A Constitutional Amendment Requiring Three-Fifths Vote for Approval of Ballot Measures Imposing Taxes or Fees or Obligating over $10 Million,,No,,100
Aurora,5,Constitutional Amendment C: A Constitutional Amendment Requiring Three-Fifths Vote for Approval of Ballot Measures Imposing Taxes or Fees or Obligating over $10 Million,,Yes,,23
Aurora,5,Constitutional Amendment C: A Constitutional Amendment Requiring Three-Fifths Vote for Approval of Ballot Measures Imposing Taxes or Fees or Obligating over $10 Million,,No,,44
Aurora,7,Constitutional Amendment C: A Constitutional Amendment Requiring Three-Fifths Vote for Approval of Ballot Measures Imposing Taxes or Fees or Obligating over $10 Million,,Yes,,35
Aurora,7,Constitutional Amendment C: A Constitutional Amendment Requiring Three-Fifths Vote for Approval of Ballot Measures Imposing Taxes or Fees or Obligating over $10 Million,,No,,45
Aurora,White,State House,3,Troy Heinert,REP,4
Aurora,White,State House,3,Erin Tobin,REP,40
Aurora,White,State House,3,Carl Perry,REP,62
Aurora,White,State House,3,Scott Odenbach,REP,88
Aurora,Gann,State House,3,Troy Heinert,REP,2
Aurora,Gann,State House,3,Erin Tobin,REP,20
Aurora,Gann,State House,3,Carl Perry,REP,26
Aurora,Gann,State House,3,Scott Odenbach,REP,57
Aurora,Stickney,State House,3,Troy Heinert,REP,1
Aurora,Stickney,State House,3,Erin Tobin,REP,30
Aurora,Stickney,State House,3,Carl Perry,REP,62
Aurora,Stickney,State House,3,Scott Odenbach,REP,70
Aurora,Aurora 01,Precinct Committeeman,,Paul M. Vis,REP,93
Aurora,Aurora 02,Precinct Committeeman,,Carl Pannone,REP,31
Aurora,Aurora 03,Precinct Committeeman,,Jason L Brockmuller,REP,44
Aurora,Aurora 04,Precinct Committeeman,,Chris Karr,REP,140
Aurora,Aurora 05,Precinct Committeeman,,Patrick Kenyon,REP,54
Aurora,Aurora 06,Precinct Committeeman,,T.J. Mason,REP,170
Aurora,Aurora 07,Precinct Committeeman,,Todd M Anderson,REP,57
Aurora,Aurora 08,Precinct Committeeman,,Jesse Smith,REP,56
Aurora,Aurora 09,Precinct Committeeman,,Pat Medberry,REP,131
Aurora,Aurora 10,Precinct Committeeman,,Cory Heidel,REP,97
Aurora,Aurora 11,Precinct Committeeman,,Helen Lynch,REP,99
Aurora,Aurora 12,Precinct Committeeman,,David Ellwein,REP,30
Aurora,Aurora 13,Precinct Committeeman,,Mark Stump,REP,111
Aurora,Aurora 14,Precinct Committeeman,,R. Shawn Tornow,REP,134
Aurora,Aurora 15,Precinct Committeeman,,Lester Peterson,REP,231
Aurora,Aurora 16,Precinct Committeeman,,Jared Brue,REP,109
Aurora,Aurora 17,Precinct Committeeman,,Tyler Christenson,REP,72
Aurora,0415,Precinct Committeewoman Precinct-0415,,Beth Fauchenber ner,REP,132
Aurora,0415,Precinct Committeewoman Precinct-0415,,Liza Heidelberger,REP,159
Aurora,0508,Precinct Committeewoman Precinct-0508,,Bobbi Lynn Andera,REP,40
Aurora,0508,Precinct Committeewoman Precinct-0508,,Phyllis Heineman,REP,121
Aurora,0517,Precinct Committeewoman Precinct-0517,,Jacqueline Zacharias,REP,78
Aurora,0517,Precinct Committeewoman Precinct-0517,,Katherine Meert,REP,36
Aurora,0519,Precinct Committeewoman Precinct-0519,,Donna M Wiese,REP,36
Aurora,0519,Precinct Committeewoman Precinct-0519,,Karen A Samp,REP,74
Aurora,VP04,Precinct Committeewoman Precinct-VP04,,Mary Haugaard,REP,160
Aurora,VP04,Precinct Committeewoman Precinct-VP04,,Diane Schaak,REP,71
Aurora,VP07,Precinct Committeewoman Precinct-VP07,,Janie R. Steckley,REP,137
Aurora,VP07,Precinct Committeewoman Precinct-VP07,,Vonnie Barnett,REP,143
Aurora,VP09,Precinct Committeewoman Precinct-VP09,,Kris Swanson,REP,166
Aurora,VP09,Precinct Committeewoman Precinct-VP09,,Lisa Rave,REP,98
Aurora,VP15,Precinct Committeewoman Precinct-VP15,,Cindy Meyer,REP,110
Aurora,VP15,Precinct Committeewoman Precinct-VP15,,Janet Feterl,REP,83
Aurora,VP16,Precinct Committeewoman Precinct-VP16,,Megan Kool,REP,62
Aurora,VP16,Precinct Committeewoman Precinct-VP16,,Cynthia Sierhauer,REP,100
Beadle,1,U.S. Senate,,John R. Thune,REP,197
Beadle,1,U.S. Senate,,Bruce Whalen,REP,39
Beadle,1,U.S. Senate,,Mark Mowry,REP,20
Beadle,2,U.S. Senate,,John R. Thune,REP,164
Beadle,2,U.S. Senate,,Bruce Whalen,REP,26
Beadle,2,U.S. Senate,,Mark Mowry,REP,18
Beadle,3,U.S. Senate,,John R. Thune,REP,182
Beadle,3,U.S. Senate,,Bruce Whalen,REP,33
Beadle,3,U.S. Senate,,Mark Mowry,REP,19
Beadle,4,U.S. Senate,,John R. Thune,REP,168
Beadle,4,U.S. Senate,,Bruce Whalen,REP,25
Beadle,4,U.S. Senate,,Mark Mowry,REP,9
Beadle,5,U.S. Senate,,John R. Thune,REP,219
Beadle,5,U.S. Senate,,Bruce Whalen,REP,38
Beadle,5,U.S. Senate,,Mark Mowry,REP,16
Beadle,6,U.S. Senate,,John R. Thune,REP,169
Beadle,6,U.S. Senate,,Bruce Whalen,REP,27
Beadle,6,U.S. Senate,,Mark Mowry,REP,13
Beadle,8,U.S. Senate,,John R. Thune,REP,81
Beadle,8,U.S. Senate,,Bruce Whalen,REP,9
Beadle,8,U.S. Senate,,Mark Mowry,REP,3
Beadle,9,U.S. Senate,,John R. Thune,REP,53
Beadle,9,U.S. Senate,,Bruce Whalen,REP,3
Beadle,9,U.S. Senate,,Mark Mowry,REP,3
Beadle,7,U.S. Senate,,John R. Thune,REP,169
Beadle,7,U.S. Senate,,Bruce Whalen,REP,32
Beadle,7,U.S. Senate,,Mark Mowry,REP,21
Beadle,1,U.S. House,1,Dusty Johnson,REP,166
Beadle,1,U.S. House,1,Taffy Howard,REP,93
Beadle,2,U.S. House,1,Dusty Johnson,REP,136
Beadle,2,U.S. House,1,Taffy Howard,REP,67
Beadle,3,U.S. House,1,Dusty Johnson,REP,163
Beadle,3,U.S. House,1,Taffy Howard,REP,71
Beadle,4,U.S. House,1,Dusty Johnson,REP,132
Beadle,4,U.S. House,1,Taffy Howard,REP,68
Beadle,5,U.S. House,1,Dusty Johnson,REP,187
Beadle,5,U.S. House,1,Taffy Howard,REP,89
Beadle,6,U.S. House,1,Dusty Johnson,REP,138
Beadle,6,U.S. House,1,Taffy Howard,REP,72
Beadle,8,U.S. House,1,Dusty Johnson,REP,58
Beadle,8,U.S. House,1,Taffy Howard,REP,34
Beadle,9,U.S. House,1,Dusty Johnson,REP,43
Beadle,9,U.S. House,1,Taffy Howard,REP,15
Beadle,7,U.S. House,1,Dusty Johnson,REP,137
Beadle,7,U.S. House,1,Taffy Howard,REP,91
Beadle,1,Governor,,Steven Haugaard,REP,61
Beadle,1,Governor,,Kristi Noem,REP,202
Beadle,2,Governor,,Steven Haugaard,REP,44
Beadle,2,Governor,,Kristi Noem,REP,166
Beadle,3,Governor,,Steven Haugaard,REP,49
Beadle,3,Governor,,Kristi Noem,REP,183
Beadle,4,Governor,,Steven Haugaard,REP,44
Beadle,4,Governor,,Kristi Noem,REP,159
Beadle,5,Governor,,Steven Haugaard,REP,69
Beadle,5,Governor,,Kristi Noem,REP,208
Beadle,6,Governor,,Steven Haugaard,REP,39
Beadle,6,Governor,,Kristi Noem,REP,167
Beadle,8,Governor,,Steven Haugaard,REP,15
Beadle,8,Governor,,Kristi Noem,REP,78
Beadle,9,Governor,,Steven Haugaard,REP,10
Beadle,9,Governor,,Kristi Noem,REP,50
Beadle,7,Governor,,Steven Haugaard,REP,38
Beadle,7,Governor,,Kristi Noem,REP,190
Beadle,1,Register of Deeds,,Kelley Hagland,REP,69
Beadle,1,Register of Deeds,,Scott Beck,REP,64
Beadle,1,Register of Deeds,,Judy Rodacker,REP,106
Beadle,2,Register of Deeds,,Kelley Hagland,REP,54
Beadle,2,Register of Deeds,,Scott Beck,REP,42
Beadle,2,Register of Deeds,,Judy Rodacker,REP,94
Beadle,3,Register of Deeds,,Kelley Hagland,REP,62
Beadle,3,Register of Deeds,,Scott Beck,REP,46
Beadle,3,Register of Deeds,,Judy Rodacker,REP,100
Beadle,4,Register of Deeds,,Kelley Hagland,REP,46
Beadle,4,Register of Deeds,,Scott Beck,REP,60
Beadle,4,Register of Deeds,,Judy Rodacker,REP,74
Beadle,5,Register of Deeds,,Kelley Hagland,REP,75
Beadle,5,Register of Deeds,,Scott Beck,REP,70
Beadle,5,Register of Deeds,,Judy Rodacker,REP,113
Beadle,6,Register of Deeds,,Kelley Hagland,REP,44
Beadle,6,Register of Deeds,,Scott Beck,REP,61
Beadle,6,Register of Deeds,,Judy Rodacker,REP,81
Beadle,8,Register of Deeds,,Kelley Hagland,REP,30
Beadle,8,Register of Deeds,,Scott Beck,REP,17
Beadle,8,Register of Deeds,,Judy Rodacker,REP,34
Beadle,9,Register of Deeds,,Kelley Hagland,REP,16
Beadle,9,Register of Deeds,,Scott Beck,REP,9
Beadle,9,Register of Deeds,,Judy Rodacker,REP,27
Beadle,7,Register of Deeds,,Kelley Hagland,REP,102
Beadle,7,Register of Deeds,,Scott Beck,REP,38
Beadle,7,Register of Deeds,,Judy Rodacker,REP,56
Beadle,3,County Commissioner Beadle-5,,Dennis W Meyer,REP,169
Beadle,3,County Commissioner Beadle-5,,Gary Wegter,REP,31
Beadle,4,County Commissioner Beadle-5,,Dennis W Meyer,REP,148
Beadle,4,County Commissioner Beadle-5,,Gary Wegter,REP,30
Beadle,7,County Commissioner Beadle-5,,Dennis W Meyer,REP,37
Beadle,7,County Commissioner Beadle-5,,Gary Wegter,REP,13
Beadle,3,Precinct Committeeman Precinct 3,,Duane Christensen,REP,26
Beadle,3,Precinct Committeeman Precinct 3,,Larry L. Larson,REP,30
Beadle,3,Precinct Committeeman Precinct 3,,Gary Jones,REP,42
Beadle,3,Precinct Committeeman Precinct 3,,Aaron Pilcher,REP,40
Beadle,1,Constitutional Amendment C: A Constitutional Amendment Requiring Three-Fifths Vote for Approval of Ballot Measures Imposing Taxes or Fees or Obligating over $10 Million,,Yes,,123
Beadle,1,Constitutional Amendment C: A Constitutional Amendment Requiring Three-Fifths Vote for Approval of Ballot Measures Imposing Taxes or Fees or Obligating over $10 Million,,No,,332
Beadle,2,Constitutional Amendment C: A Constitutional Amendment Requiring Three-Fifths Vote for Approval of Ballot Measures Imposing Taxes or Fees or Obligating over $10 Million,,Yes,,113
Beadle,2,Constitutional Amendment C: A Constitutional Amendment Requiring Three-Fifths Vote for Approval of Ballot Measures Imposing Taxes or Fees or Obligating over $10 Million,,No,,233
Beadle,3,Constitutional Amendment C: A Constitutional Amendment Requiring Three-Fifths Vote for Approval of Ballot Measures Imposing Taxes or Fees or Obligating over $10 Million,,Yes,,109
Beadle,3,Constitutional Amendment C: A Constitutional Amendment Requiring Three-Fifths Vote for Approval of Ballot Measures Imposing Taxes or Fees or Obligating over $10 Million,,No,,254
Beadle,4,Constitutional Amendment C: A Constitutional Amendment Requiring Three-Fifths Vote for Approval of Ballot Measures Imposing Taxes or Fees or Obligating over $10 Million,,Yes,,98
Beadle,4,Constitutional Amendment C: A Constitutional Amendment Requiring Three-Fifths Vote for Approval of Ballot Measures Imposing Taxes or Fees or Obligating over $10 Million,,No,,209
Beadle,5,Constitutional Amendment C: A Constitutional Amendment Requiring Three-Fifths Vote for Approval of Ballot Measures Imposing Taxes or Fees or Obligating over $10 Million,,Yes,,130
Beadle,5,Constitutional Amendment C: A Constitutional Amendment Requiring Three-Fifths Vote for Approval of Ballot Measures Imposing Taxes or Fees or Obligating over $10 Million,,No,,378
Beadle,6,Constitutional Amendment C: A Constitutional Amendment Requiring Three-Fifths Vote for Approval of Ballot Measures Imposing Taxes or Fees or Obligating over $10 Million,,Yes,,97
Beadle,6,Constitutional Amendment C: A Constitutional Amendment Requiring Three-Fifths Vote for Approval of Ballot Measures Imposing Taxes or Fees or Obligating over $10 Million,,No,,230
Beadle,8,Constitutional Amendment C: A Constitutional Amendment Requiring Three-Fifths Vote for Approval of Ballot Measures Imposing Taxes or Fees or Obligating over $10 Million,,Yes,,47
Beadle,8,Constitutional Amendment C: A Constitutional Amendment Requiring Three-Fifths Vote for Approval of Ballot Measures Imposing Taxes or Fees or Obligating over $10 Million,,No,,74
Beadle,9,Constitutional Amendment C: A Constitutional Amendment Requiring Three-Fifths Vote for Approval of Ballot Measures Imposing Taxes or Fees or Obligating over $10 Million,,Yes,,20
Beadle,9,Constitutional Amendment C: A Constitutional Amendment Requiring Three-Fifths Vote for Approval of Ballot Measures Imposing Taxes or Fees or Obligating over $10 Million,,No,,83
Beadle,7,Constitutional Amendment C: A Constitutional Amendment Requiring Three-Fifths Vote for Approval of Ballot Measures Imposing Taxes or Fees or Obligating over $10 Million,,Yes,,116
Beadle,7,Constitutional Amendment C: A Constitutional Amendment Requiring Three-Fifths Vote for Approval of Ballot Measures Imposing Taxes or Fees or Obligating over $10 Million,,No,,230
Beadle,3,Precinct Committeewoman,,Patricia Jones,REP,78
Beadle,3,Precinct Committeewoman,,Kristie Christensen,REP,42
Beadle,6,Precinct Committeewoman,,Michelle Chase,REP,97
Beadle,6,Precinct Committeewoman,,Amanda Haeder,REP,70
Beadle,8,Precinct Committeewoman,,Randi L Papka,REP,33
Beadle,8,Precinct Committeewoman,,Camron Weber,REP,35
Bennett,Allen Precinct,County Commissioner At Large,,Cole Blu Donovan,REP,14
Bennett,Allen Precinct,County Commissioner At Large,,Robert L. Cerlecha,REP,10
Bennett,Allen Precinct,County Commissioner At Large,,Rod R Kirk,REP,5
Bennett,Allen Precinct,County Commissioner At Large,,Bill Livermore,REP,17
Bennett,Allen Precinct,County Commissioner At Large,,Judd W Schomp,REP,14
Bennett,Martin City Precinct,County Commissioner At Large,,Cole Blu Donovan,REP,76
Bennett,Martin City Precinct,County Commissioner At Large,,Robert L. Cerlecha,REP,58
Bennett,Martin City Precinct,County Commissioner At Large,,Rod R Kirk,REP,32
Bennett,Martin City Precinct,County Commissioner At Large,,Bill Livermore,REP,70
Bennett,Martin City Precinct,County Commissioner At Large,,Judd W Schomp,REP,28
Bennett,Martin Rural 26/27 Precinct,County Commissioner At Large,,Cole Blu Donovan,REP,113
Bennett,Martin Rural 26/27 Precinct,County Commissioner At Large,,Robert L. Cerlecha,REP,66
Bennett,Martin Rural 26/27 Precinct,County Commissioner At Large,,Rod R Kirk,REP,40
Bennett,Martin Rural 26/27 Precinct,County Commissioner At Large,,Bill Livermore,REP,105
Bennett,Martin Rural 26/27 Precinct,County Commissioner At Large,,Judd W Schomp,REP,33
Bennett,Vetal/Tuthill Precinct,County Commissioner At Large,,Cole Blu Donovan,REP,75
Bennett,Vetal/Tuthill Precinct,County Commissioner At Large,,Robert L. Cerlecha,REP,22
Bennett,Vetal/Tuthill Precinct,County Commissioner At Large,,Rod R Kirk,REP,48
Bennett,Vetal/Tuthill Precinct,County Commissioner At Large,,Bill Livermore,REP,52
Bennett,Vetal/Tuthill Precinct,County Commissioner At Large,,Judd W Schomp,REP,11
Bon Homme,1,Constitutional Amendment C: A Constitutional Amendment Requiring Three-Fifths Vote for Approval of Ballot Measures Imposing Taxes or Fees or Obligating over $10 Million,,Yes,,67
Bon Homme,1,Constitutional Amendment C: A Constitutional Amendment Requiring Three-Fifths Vote for Approval of Ballot Measures Imposing Taxes or Fees or Obligating over $10 Million,,No,,190
Bon Homme,2,Constitutional Amendment C: A Constitutional Amendment Requiring Three-Fifths Vote for Approval of Ballot Measures Imposing Taxes or Fees or Obligating over $10 Million,,Yes,,90
Bon Homme,2,Constitutional Amendment C: A Constitutional Amendment Requiring Three-Fifths Vote for Approval of Ballot Measures Imposing Taxes or Fees or Obligating over $10 Million,,No,,164
Bon Homme,3,Constitutional Amendment C: A Constitutional Amendment Requiring Three-Fifths Vote for Approval of Ballot Measures Imposing Taxes or Fees or Obligating over $10 Million,,Yes,,87
Bon Homme,3,Constitutional Amendment C: A Constitutional Amendment Requiring Three-Fifths Vote for Approval of Ballot Measures Imposing Taxes or Fees or Obligating over $10 Million,,No,,219
Bon Homme,4,Constitutional Amendment C: A Constitutional Amendment Requiring Three-Fifths Vote for Approval of Ballot Measures Imposing Taxes or Fees or Obligating over $10 Million,,Yes,,71
Bon Homme,4,Constitutional Amendment C: A Constitutional Amendment Requiring Three-Fifths Vote for Approval of Ballot Measures Imposing Taxes or Fees or Obligating over $10 Million,,No,,137
Bon Homme,5,Constitutional Amendment C: A Constitutional Amendment Requiring Three-Fifths Vote for Approval of Ballot Measures Imposing Taxes or Fees or Obligating over $10 Million,,Yes,,104
Bon Homme,5,Constitutional Amendment C: A Constitutional Amendment Requiring Three-Fifths Vote for Approval of Ballot Measures Imposing Taxes or Fees or Obligating over $10 Million,,No,,218
Brookings,Absentee Precinct,U.S. Senate,,John R. Thune,REP,634
Brookings,Absentee Precinct,U.S. Senate,,Bruce Whalen,REP,158
Brookings,Absentee Precinct,U.S. Senate,,Mark Mowry,REP,35
Brookings,Aurora Little Hall,U.S. Senate,,John R. Thune,REP,108
Brookings,Aurora Little Hall,U.S. Senate,,Bruce Whalen,REP,43
Brookings,Aurora Little Hall,U.S. Senate,,Mark Mowry,REP,16
Brookings,Bethel Baptist,U.S. Senate,,John R. Thune,REP,588
Brookings,Bethel Baptist,U.S. Senate,,Bruce Whalen,REP,175
Brookings,Bethel Baptist,U.S. Senate,,Mark Mowry,REP,24
Brookings,Brookings Activity Center,U.S. Senate,,John R. Thune,REP,358
Brookings,Brookings Activity Center,U.S. Senate,,Bruce Whalen,REP,100
Brookings,Brookings Activity Center,U.S. Senate,,Mark Mowry,REP,37
Brookings,Bruce Community Room,U.S. Senate,,John R. Thune,REP,100
Brookings,Bruce Community Room,U.S. Senate,,Bruce Whalen,REP,27
Brookings,Bruce Community Room,U.S. Senate,,Mark Mowry,REP,17
Brookings,Elkton Community Center,U.S. Senate,,John R. Thune,REP,85
Brookings,Elkton Community Center,U.S. Senate,,Bruce Whalen,REP,33
Brookings,Elkton Community Center,U.S. Senate,,Mark Mowry,REP,6
Brookings,Holy Life Tabernacle,U.S. Senate,,John R. Thune,REP,239
Brookings,Holy Life Tabernacle,U.S. Senate,,Bruce Whalen,REP,74
Brookings,Holy Life Tabernacle,U.S. Senate,,Mark Mowry,REP,15
Brookings,Volga Community Center,U.S. Senate,,John R. Thune,REP,341
Brookings,Volga Community Center,U.S. Senate,,Bruce Whalen,REP,102
Brookings,Volga Community Center,U.S. Senate,,Mark Mowry,REP,21
Brookings,White McKnight Hall,U.S. Senate,,John R. Thune,REP,116
Brookings,White McKnight Hall,U.S. Senate,,Bruce Whalen,REP,30
Brookings,White McKnight Hall,U.S. Senate,,Mark Mowry,REP,8
Brookings,Absentee Precinct,U.S. House,1,Dusty Johnson,REP,591
Brookings,Absentee Precinct,U.S. House,1,Taffy Howard,REP,254
Brookings,Aurora Little Hall,U.S. House,1,Dusty Johnson,REP,88
Brookings,Aurora Little Hall,U.S. House,1,Taffy Howard,REP,78
Brookings,Bethel Baptist,U.S. House,1,Dusty Johnson,REP,524
Brookings,Bethel Baptist,U.S. House,1,Taffy Howard,REP,254
Brookings,Brookings Activity Center,U.S. House,1,Dusty Johnson,REP,315
Brookings,Brookings Activity Center,U.S. House,1,Taffy Howard,REP,182
Brookings,Bruce Community Room,U.S. House,1,Dusty Johnson,REP,82
Brookings,Bruce Community Room,U.S. House,1,Taffy Howard,REP,62
Brookings,Elkton Community Center,U.S. House,1,Dusty Johnson,REP,71
Brookings,Elkton Community Center,U.S. House,1,Taffy Howard,REP,54
Brookings,Holy Life Tabernacle,U.S. House,1,Dusty Johnson,REP,187
Brookings,Holy Life Tabernacle,U.S. House,1,Taffy Howard,REP,136
Brookings,Volga Community Center,U.S. House,1,Dusty Johnson,REP,306
Brookings,Volga Community Center,U.S. House,1,Taffy Howard,REP,159
Brookings,White McKnight Hall,U.S. House,1,Dusty Johnson,REP,110
Brookings,White McKnight Hall,U.S. House,1,Taffy Howard,REP,47
Brookings,Absentee Precinct,Governor,,Steven Haugaard,REP,225
Brookings,Absentee Precinct,Governor,,Kristi Noem,REP,588
Brookings,Aurora Little Hall,Governor,,Steven Haugaard,REP,44
Brookings,Aurora Little Hall,Governor,,Kristi Noem,REP,122
Brookings,Bethel Baptist,Governor,,Steven Haugaard,REP,204
Brookings,Bethel Baptist,Governor,,Kristi Noem,REP,588
Brookings,Brookings Activity Center,Governor,,Steven Haugaard,REP,143
Brookings,Brookings Activity Center,Governor,,Kristi Noem,REP,350
Brookings,Bruce Community Room,Governor,,Steven Haugaard,REP,28
Brookings,Bruce Community Room,Governor,,Kristi Noem,REP,118
Brookings,Elkton Community Center,Governor,,Steven Haugaard,REP,25
Brookings,Elkton Community Center,Governor,,Kristi Noem,REP,101
Brookings,Holy Life Tabernacle,Governor,,Steven Haugaard,REP,84
Brookings,Holy Life Tabernacle,Governor,,Kristi Noem,REP,243
Brookings,Volga Community Center,Governor,,Steven Haugaard,REP,117
Brookings,Volga Community Center,Governor,,Kristi Noem,REP,347
Brookings,White McKnight Hall,Governor,,Steven Haugaard,REP,36
Brookings,White McKnight Hall,Governor,,Kristi Noem,REP,122
Brookings,Absentee Precinct,State Senate,7,Tim Reed,REP,474
Brookings,Absentee Precinct,State Senate,7,Julie Erickson,REP,248
Brookings,Aurora Little Hall,State Senate,7,Tim Reed,REP,46
Brookings,Aurora Little Hall,State Senate,7,Julie Erickson,REP,63
Brookings,Bethel Baptist,State Senate,7,Tim Reed,REP,438
Brookings,Bethel Baptist,State Senate,7,Julie Erickson,REP,317
Brookings,Brookings Activity Center,State Senate,7,Tim Reed,REP,274
Brookings,Brookings Activity Center,State Senate,7,Julie Erickson,REP,179
Brookings,Bruce Community Room,State Senate,7,Tim Reed,REP,1
Brookings,Bruce Community Room,State Senate,7,Julie Erickson,REP,1
Brookings,Elkton Community Center,State Senate,7,Tim Reed,REP,5
Brookings,Elkton Community Center,State Senate,7,Julie Erickson,REP,0
Brookings,Holy Life Tabernacle,State Senate,7,Tim Reed,REP,192
Brookings,Holy Life Tabernacle,State Senate,7,Julie Erickson,REP,128
Brookings,Volga Community Center,State Senate,7,Tim Reed,REP,15
Brookings,Volga Community Center,State Senate,7,Julie Erickson,REP,19
Brookings,White McKnight Hall,State Senate,7,Tim Reed,REP,1
Brookings,White McKnight Hall,State Senate,7,Julie Erickson,REP,2
Brookings,Absentee Precinct,County Commissioner At Large,,Anthony Teesdale,REP,257
Brookings,Absentee Precinct,County Commissioner At Large,,Shawn Hostler,REP,333
Brookings,Absentee Precinct,County Commissioner At Large,,Gretchen Weible,REP,245
Brookings,Absentee Precinct,County Commissioner At Large,,Kelly VanderWal,REP,528
Brookings,Aurora Little Hall,County Commissioner At Large,,Anthony Teesdale,REP,41
Brookings,Aurora Little Hall,County Commissioner At Large,,Shawn Hostler,REP,52
Brookings,Aurora Little Hall,County Commissioner At Large,,Gretchen Weible,REP,64
Brookings,Aurora Little Hall,County Commissioner At Large,,Kelly VanderWal,REP,92
Brookings,Bethel Baptist,County Commissioner At Large,,Anthony Teesdale,REP,236
Brookings,Bethel Baptist,County Commissioner At Large,,Shawn Hostler,REP,284
Brookings,Bethel Baptist,County Commissioner At Large,,Gretchen Weible,REP,214
Brookings,Bethel Baptist,County Commissioner At Large,,Kelly VanderWal,REP,452
Brookings,Brookings Activity Center,County Commissioner At Large,,Anthony Teesdale,REP,163
Brookings,Brookings Activity Center,County Commissioner At Large,,Shawn Hostler,REP,195
Brookings,Brookings Activity Center,County Commissioner At Large,,Gretchen Weible,REP,139
Brookings,Brookings Activity Center,County Commissioner At Large,,Kelly VanderWal,REP,309
Brookings,Bruce Community Room,County Commissioner At Large,,Anthony Teesdale,REP,28
Brookings,Bruce Community Room,County Commissioner At Large,,Shawn Hostler,REP,46
Brookings,Bruce Community Room,County Commissioner At Large,,Gretchen Weible,REP,30
Brookings,Bruce Community Room,County Commissioner At Large,,Kelly VanderWal,REP,125
Brookings,Elkton Community Center,County Commissioner At Large,,Anthony Teesdale,REP,24
Brookings,Elkton Community Center,County Commissioner At Large,,Shawn Hostler,REP,40
Brookings,Elkton Community Center,County Commissioner At Large,,Gretchen Weible,REP,53
Brookings,Elkton Community Center,County Commissioner At Large,,Kelly VanderWal,REP,74
Brookings,Holy Life Tabernacle,County Commissioner At Large,,Anthony Teesdale,REP,92
Brookings,Holy Life Tabernacle,County Commissioner At Large,,Shawn Hostler,REP,136
Brookings,Holy Life Tabernacle,County Commissioner At Large,,Gretchen Weible,REP,81
Brookings,Holy Life Tabernacle,County Commissioner At Large,,Kelly VanderWal,REP,185
Brookings,Volga Community Center,County Commissioner At Large,,Anthony Teesdale,REP,100
Brookings,Volga Community Center,County Commissioner At Large,,Shawn Hostler,REP,141
Brookings,Volga Community Center,County Commissioner At Large,,Gretchen Weible,REP,130
Brookings,Volga Community Center,County Commissioner At Large,,Kelly VanderWal,REP,413
Brookings,White McKnight Hall,County Commissioner At Large,,Anthony Teesdale,REP,42
Brookings,White McKnight Hall,County Commissioner At Large,,Shawn Hostler,REP,48
Brookings,White McKnight Hall,County Commissioner At Large,,Gretchen Weible,REP,43
Brookings,White McKnight Hall,County Commissioner At Large,,Kelly VanderWal,REP,98
Brookings,Absentee Precinct,Precinct Committeeman,,Leon Pesall,REP,24
Brookings,Absentee Precinct,Precinct Committeeman,,Patrick Powers,REP,66
Brookings,Absentee Precinct,Precinct Committeeman,,Jeremiah VanOverbek,REP,20
Brookings,Absentee Precinct,Precinct Committeeman,,Regg Neiger,REP,3
Brookings,Absentee Precinct,Precinct Committeeman,,Donald Jacobson,REP,4
Brookings,Absentee Precinct,Precinct Committeeman,,James Mitchell,REP,3
Brookings,Absentee Precinct,Precinct Committeeman,,Joshua Solide,REP,7
Brookings,Absentee Precinct,Precinct Committeeman,,Rick Weible,REP,5
Brookings,Absentee Precinct,Precinct Committeeman,,Randolph K. Gross,REP,5
Brookings,Aurora Little Hall,Precinct Committeeman,,Leon Pesall,REP,0
Brookings,Aurora Little Hall,Precinct Committeeman,,Patrick Powers,REP,1
Brookings,Aurora Little Hall,Precinct Committeeman,,Jeremiah VanOverbek,REP,0
Brookings,Aurora Little Hall,Precinct Committeeman,,Regg Neiger,REP,0
Brookings,Aurora Little Hall,Precinct Committeeman,,Donald Jacobson,REP,0
Brookings,Aurora Little Hall,Precinct Committeeman,,James Mitchell,REP,0
Brookings,Aurora Little Hall,Precinct Committeeman,,Joshua Solide,REP,1
Brookings,Aurora Little Hall,Precinct Committeeman,,Rick Weible,REP,0
Brookings,Aurora Little Hall,Precinct Committeeman,,Randolph K. Gross,REP,0
Brookings,Bethel Baptist,Precinct Committeeman,,Leon Pesall,REP,43
Brookings,Bethel Baptist,Precinct Committeeman,,Patrick Powers,REP,110
Brookings,Bethel Baptist,Precinct Committeeman,,Jeremiah VanOverbek,REP,63
Brookings,Bethel Baptist,Precinct Committeeman,,Regg Neiger,REP,0
Brookings,Bethel Baptist,Precinct Committeeman,,Donald Jacobson,REP,2
Brookings,Bethel Baptist,Precinct Committeeman,,James Mitchell,REP,1
Brookings,Bethel Baptist,Precinct Committeeman,,Joshua Solide,REP,1
Brookings,Bethel Baptist,Precinct Committeeman,,Rick Weible,REP,0
Brookings,Bethel Baptist,Precinct Committeeman,,Randolph K. Gross,REP,0
Brookings,Brookings Activity Center,Precinct Committeeman,,Leon Pesall,REP,6
Brookings,Brookings Activity Center,Precinct Committeeman,,Patrick Powers,REP,25
Brookings,Brookings Activity Center,Precinct Committeeman,,Jeremiah VanOverbek,REP,7
Brookings,Brookings Activity Center,Precinct Committeeman,,Regg Neiger,REP,0
Brookings,Brookings Activity Center,Precinct Committeeman,,Donald Jacobson,REP,3
Brookings,Brookings Activity Center,Precinct Committeeman,,James Mitchell,REP,3
Brookings,Brookings Activity Center,Precinct Committeeman,,Joshua Solide,REP,2
Brookings,Brookings Activity Center,Precinct Committeeman,,Rick Weible,REP,0
Brookings,Brookings Activity Center,Precinct Committeeman,,Randolph K. Gross,REP,0
Brookings,Bruce Community Room,Precinct Committeeman,,Leon Pesall,REP,0
Brookings,Bruce Community Room,Precinct Committeeman,,Patrick Powers,REP,0
Brookings,Bruce Community Room,Precinct Committeeman,,Jeremiah VanOverbek,REP,0
Brookings,Bruce Community Room,Precinct Committeeman,,Regg Neiger,REP,0
Brookings,Bruce Community Room,Precinct Committeeman,,Donald Jacobson,REP,0
Brookings,Bruce Community Room,Precinct Committeeman,,James Mitchell,REP,11
Brookings,Bruce Community Room,Precinct Committeeman,,Joshua Solide,REP,8
Brookings,Bruce Community Room,Precinct Committeeman,,Rick Weible,REP,0
Brookings,Bruce Community Room,Precinct Committeeman,,Randolph K. Gross,REP,0
Brookings,Elkton Community Center,Precinct Committeeman,,Leon Pesall,REP,0
Brookings,Elkton Community Center,Precinct Committeeman,,Patrick Powers,REP,1
Brookings,Elkton Community Center,Precinct Committeeman,,Jeremiah VanOverbek,REP,0
Brookings,Elkton Community Center,Precinct Committeeman,,Regg Neiger,REP,0
Brookings,Elkton Community Center,Precinct Committeeman,,Donald Jacobson,REP,0
Brookings,Elkton Community Center,Precinct Committeeman,,James Mitchell,REP,0
Brookings,Elkton Community Center,Precinct Committeeman,,Joshua Solide,REP,0
Brookings,Elkton Community Center,Precinct Committeeman,,Rick Weible,REP,42
Brookings,Elkton Community Center,Precinct Committeeman,,Randolph K. Gross,REP,39
Brookings,Holy Life Tabernacle,Precinct Committeeman,,Leon Pesall,REP,3
Brookings,Holy Life Tabernacle,Precinct Committeeman,,Patrick Powers,REP,5
Brookings,Holy Life Tabernacle,Precinct Committeeman,,Jeremiah VanOverbek,REP,5
Brookings,Holy Life Tabernacle,Precinct Committeeman,,Regg Neiger,REP,0
Brookings,Holy Life Tabernacle,Precinct Committeeman,,Donald Jacobson,REP,0
Brookings,Holy Life Tabernacle,Precinct Committeeman,,James Mitchell,REP,0
Brookings,Holy Life Tabernacle,Precinct Committeeman,,Joshua Solide,REP,0
Brookings,Holy Life Tabernacle,Precinct Committeeman,,Rick Weible,REP,0
Brookings,Holy Life Tabernacle,Precinct Committeeman,,Randolph K. Gross,REP,0
Brookings,Volga Community Center,Precinct Committeeman,,Leon Pesall,REP,0
Brookings,Volga Community Center,Precinct Committeeman,,Patrick Powers,REP,2
Brookings,Volga Community Center,Precinct Committeeman,,Jeremiah VanOverbek,REP,2
Brookings,Volga Community Center,Precinct Committeeman,,Regg Neiger,REP,3
Brookings,Volga Community Center,Precinct Committeeman,,Donald Jacobson,REP,30
Brookings,Volga Community Center,Precinct Committeeman,,James Mitchell,REP,11
Brookings,Volga Community Center,Precinct Committeeman,,Joshua Solide,REP,9
Brookings,Volga Community Center,Precinct Committeeman,,Rick Weible,REP,1
Brookings,Volga Community Center,Precinct Committeeman,,Randolph K. Gross,REP,1
Brookings,White McKnight Hall,Precinct Committeeman,,Leon Pesall,REP,0
Brookings,White McKnight Hall,Precinct Committeeman,,Patrick Powers,REP,0
Brookings,White McKnight Hall,Precinct Committeeman,,Jeremiah VanOverbek,REP,0
Brookings,White McKnight Hall,Precinct Committeeman,,Regg Neiger,REP,0
Brookings,White McKnight Hall,Precinct Committeeman,,Donald Jacobson,REP,0
Brookings,White McKnight Hall,Precinct Committeeman,,James Mitchell,REP,0
Brookings,White McKnight Hall,Precinct Committeeman,,Joshua Solide,REP,0
Brookings,White McKnight Hall,Precinct Committeeman,,Rick Weible,REP,0
Brookings,White McKnight Hall,Precinct Committeeman,,Randolph K. Gross,REP,0
Brookings,Absentee Precinct,Committeewoman,,Lillian Hellickson,REP,47
Brookings,Absentee Precinct,Committeewoman,,Jeanette Gibbons,REP,35
Brookings,Absentee Precinct,Committeewoman,,Karissa Fassler,REP,34
Brookings,Absentee Precinct,Committeewoman,,Teresa (Teri) Ronning,REP,84
Brookings,Absentee Precinct,Committeewoman,,Linda Popkes,REP,8
Brookings,Absentee Precinct,Committeewoman,,Carla Gaitzke,REP,12
Brookings,Absentee Precinct,Committeewoman,,Penny Nelger,REP,1
Brookings,Absentee Precinct,Committeewoman,,Gail Jacobsma,REP,6
Brookings,Aurora Little Hall,Committeewoman,,Lillian Hellickson,REP,0
Brookings,Aurora Little Hall,Committeewoman,,Jeanette Gibbons,REP,0
Brookings,Aurora Little Hall,Committeewoman,,Karissa Fassler,REP,0
Brookings,Aurora Little Hall,Committeewoman,,Teresa (Teri) Ronning,REP,3
Brookings,Aurora Little Hall,Committeewoman,,Linda Popkes,REP,53
Brookings,Aurora Little Hall,Committeewoman,,Carla Gaitzke,REP,55
Brookings,Aurora Little Hall,Committeewoman,,Penny Nelger,REP,0
Brookings,Aurora Little Hall,Committeewoman,,Gail Jacobsma,REP,0
Brookings,Bethel Baptist,Committeewoman,,Lillian Hellickson,REP,47
Brookings,Bethel Baptist,Committeewoman,,Jeanette Gibbons,REP,40
Brookings,Bethel Baptist,Committeewoman,,Karissa Fassler,REP,23
Brookings,Bethel Baptist,Committeewoman,,Teresa (Teri) Ronning,REP,66
Brookings,Bethel Baptist,Committeewoman,,Linda Popkes,REP,1
Brookings,Bethel Baptist,Committeewoman,,Carla Gaitzke,REP,3
Brookings,Bethel Baptist,Committeewoman,,Penny Nelger,REP,0
Brookings,Bethel Baptist,Committeewoman,,Gail Jacobsma,REP,2
Brookings,Brookings Activity Center,Committeewoman,,Lillian Hellickson,REP,24
Brookings,Brookings Activity Center,Committeewoman,,Jeanette Gibbons,REP,22
Brookings,Brookings Activity Center,Committeewoman,,Karissa Fassler,REP,19
Brookings,Brookings Activity Center,Committeewoman,,Teresa (Teri) Ronning,REP,31
Brookings,Brookings Activity Center,Committeewoman,,Linda Popkes,REP,2
Brookings,Brookings Activity Center,Committeewoman,,Carla Gaitzke,REP,5
Brookings,Brookings Activity Center,Committeewoman,,Penny Nelger,REP,1
Brookings,Brookings Activity Center,Committeewoman,,Gail Jacobsma,REP,3
Brookings,Bruce Community Room,Committeewoman,,Lillian Hellickson,REP,0
Brookings,Bruce Community Room,Committeewoman,,Jeanette Gibbons,REP,0
Brookings,Bruce Community Room,Committeewoman,,Karissa Fassler,REP,0
Brookings,Bruce Community Room,Committeewoman,,Teresa (Teri) Ronning,REP,0
Brookings,Bruce Community Room,Committeewoman,,Linda Popkes,REP,0
Brookings,Bruce Community Room,Committeewoman,,Carla Gaitzke,REP,0
Brookings,Bruce Community Room,Committeewoman,,Penny Nelger,REP,0
Brookings,Bruce Community Room,Committeewoman,,Gail Jacobsma,REP,0
Brookings,Elkton Community Center,Committeewoman,,Lillian Hellickson,REP,0
Brookings,Elkton Community Center,Committeewoman,,Jeanette Gibbons,REP,0
Brookings,Elkton Community Center,Committeewoman,,Karissa Fassler,REP,1
Brookings,Elkton Community Center,Committeewoman,,Teresa (Teri) Ronning,REP,1
Brookings,Elkton Community Center,Committeewoman,,Linda Popkes,REP,0
Brookings,Elkton Community Center,Committeewoman,,Carla Gaitzke,REP,1
Brookings,Elkton Community Center,Committeewoman,,Penny Nelger,REP,0
Brookings,Elkton Community Center,Committeewoman,,Gail Jacobsma,REP,0
Brookings,Holy Life Tabernacle,Committeewoman,,Lillian Hellickson,REP,0
Brookings,Holy Life Tabernacle,Committeewoman,,Jeanette Gibbons,REP,1
Brookings,Holy Life Tabernacle,Committeewoman,,Karissa Fassler,REP,40
Brookings,Holy Life Tabernacle,Committeewoman,,Teresa (Teri) Ronning,REP,57
Brookings,Holy Life Tabernacle,Committeewoman,,Linda Popkes,REP,0
Brookings,Holy Life Tabernacle,Committeewoman,,Carla Gaitzke,REP,1
Brookings,Holy Life Tabernacle,Committeewoman,,Penny Nelger,REP,0
Brookings,Holy Life Tabernacle,Committeewoman,,Gail Jacobsma,REP,0
Brookings,Volga Community Center,Committeewoman,,Lillian Hellickson,REP,0
Brookings,Volga Community Center,Committeewoman,,Jeanette Gibbons,REP,0
Brookings,Volga Community Center,Committeewoman,,Karissa Fassler,REP,1
Brookings,Volga Community Center,Committeewoman,,Teresa (Teri) Ronning,REP,3
Brookings,Volga Community Center,Committeewoman,,Linda Popkes,REP,0
Brookings,Volga Community Center,Committeewoman,,Carla Gaitzke,REP,0
Brookings,Volga Community Center,Committeewoman,,Penny Nelger,REP,7
Brookings,Volga Community Center,Committeewoman,,Gail Jacobsma,REP,26
Brookings,White McKnight Hall,Committeewoman,,Lillian Hellickson,REP,0
Brookings,White McKnight Hall,Committeewoman,,Jeanette Gibbons,REP,1
Brookings,White McKnight Hall,Committeewoman,,Karissa Fassler,REP,0
Brookings,White McKnight Hall,Committeewoman,,Teresa (Teri) Ronning,REP,0
Brookings,White McKnight Hall,Committeewoman,,Linda Popkes,REP,0
Brookings,White McKnight Hall,Committeewoman,,Carla Gaitzke,REP,0
Brookings,White McKnight Hall,Committeewoman,,Penny Nelger,REP,0
Brookings,White McKnight Hall,Committeewoman,,Gail Jacobsma,REP,0
Brookings,Absentee Precinct,Constitutional Amendment C: A Constitutional Amendment Requiring Three-Fifths Vote for Approval of Ballot Measures Imposing Taxes or Fees or Obligating over $10 Million,,Yes,,464
Brookings,Absentee Precinct,Constitutional Amendment C: A Constitutional Amendment Requiring Three-Fifths Vote for Approval of Ballot Measures Imposing Taxes or Fees or Obligating over $10 Million,,No,,1210
Brookings,Aurora Little Hall,Constitutional Amendment C: A Constitutional Amendment Requiring Three-Fifths Vote for Approval of Ballot Measures Imposing Taxes or Fees or Obligating over $10 Million,,Yes,,100
Brookings,Aurora Little Hall,Constitutional Amendment C: A Constitutional Amendment Requiring Three-Fifths Vote for Approval of Ballot Measures Imposing Taxes or Fees or Obligating over $10 Million,,No,,184
Brookings,Bethel Baptist,Constitutional Amendment C: A Constitutional Amendment Requiring Three-Fifths Vote for Approval of Ballot Measures Imposing Taxes or Fees or Obligating over $10 Million,,Yes,,476
Brookings,Bethel Baptist,Constitutional Amendment C: A Constitutional Amendment Requiring Three-Fifths Vote for Approval of Ballot Measures Imposing Taxes or Fees or Obligating over $10 Million,,No,,929
Brookings,Brookings Activity Center,Constitutional Amendment C: A Constitutional Amendment Requiring Three-Fifths Vote for Approval of Ballot Measures Imposing Taxes or Fees or Obligating over $10 Million,,Yes,,273
Brookings,Brookings Activity Center,Constitutional Amendment C: A Constitutional Amendment Requiring Three-Fifths Vote for Approval of Ballot Measures Imposing Taxes or Fees or Obligating over $10 Million,,No,,792
Brookings,Bruce Community Room,Constitutional Amendment C: A Constitutional Amendment Requiring Three-Fifths Vote for Approval of Ballot Measures Imposing Taxes or Fees or Obligating over $10 Million,,Yes,,87
Brookings,Bruce Community Room,Constitutional Amendment C: A Constitutional Amendment Requiring Three-Fifths Vote for Approval of Ballot Measures Imposing Taxes or Fees or Obligating over $10 Million,,No,,113
Brookings,Elkton Community Center,Constitutional Amendment C: A Constitutional Amendment Requiring Three-Fifths Vote for Approval of Ballot Measures Imposing Taxes or Fees or Obligating over $10 Million,,Yes,,68
Brookings,Elkton Community Center,Constitutional Amendment C: A Constitutional Amendment Requiring Three-Fifths Vote for Approval of Ballot Measures Imposing Taxes or Fees or Obligating over $10 Million,,No,,116
Brookings,Holy Life Tabernacle,Constitutional Amendment C: A Constitutional Amendment Requiring Three-Fifths Vote for Approval of Ballot Measures Imposing Taxes or Fees or Obligating over $10 Million,,Yes,,192
Brookings,Holy Life Tabernacle,Constitutional Amendment C: A Constitutional Amendment Requiring Three-Fifths Vote for Approval of Ballot Measures Imposing Taxes or Fees or Obligating over $10 Million,,No,,373
Brookings,Volga Community Center,Constitutional Amendment C: A Constitutional Amendment Requiring Three-Fifths Vote for Approval of Ballot Measures Imposing Taxes or Fees or Obligating over $10 Million,,Yes,,251
Brookings,Volga Community Center,Constitutional Amendment C: A Constitutional Amendment Requiring Three-Fifths Vote for Approval of Ballot Measures Imposing Taxes or Fees or Obligating over $10 Million,,No,,383
Brookings,White McKnight Hall,Constitutional Amendment C: A Constitutional Amendment Requiring Three-Fifths Vote for Approval of Ballot Measures Imposing Taxes or Fees or Obligating over $10 Million,,Yes,,86
Brookings,White McKnight Hall,Constitutional Amendment C: A Constitutional Amendment Requiring Three-Fifths Vote for Approval of Ballot Measures Imposing Taxes or Fees or Obligating over $10 Million,,No,,122
Brookings,Absentee Precinct,"Bond Issue : SHALL THE BROOKINGS SCHOOL DISTRICT 05-1, BROOKINGS AND MOODY COUNTIES, SOUTH DAKOTA, ISSUE ITS NEGOTIABLE GENERAL OBLIGATION SCHOOL BONDS IN A PRINCIPAL AMOUNT NOT EXCEEDING $32,430,000, ISSUED IN ONE OR MORE SERIES, BEARING INTEREST AT SUCH RATES AS MAY BE DETERMINED BY THE SCHOOL BOARD, PAYABLE AND MATURING FROM 1 AND NOT TO EXCEED 20 YEARS AFTER THE DATE OF ISSUANCE, FOR THE PURPOSE OF FINANCING THE RENOVATION AND CONSTRUCTION OF NEW SCHOOL FACILITIES INCLUDING MEDARY ELEMENTARY SCHOOL AND HILLCREST ELEMENTARY SCHOOL, FURNISHING AND EQUIPPING OF SAME AND THE COSTS OF ISSUING THE BONDS? Brookings School District 05-1",,Yes,,1060
Brookings,Absentee Precinct,"Bond Issue : SHALL THE BROOKINGS SCHOOL DISTRICT 05-1, BROOKINGS AND MOODY COUNTIES, SOUTH DAKOTA, ISSUE ITS NEGOTIABLE GENERAL OBLIGATION SCHOOL BONDS IN A PRINCIPAL AMOUNT NOT EXCEEDING $32,430,000, ISSUED IN ONE OR MORE SERIES, BEARING INTEREST AT SUCH RATES AS MAY BE DETERMINED BY THE SCHOOL BOARD, PAYABLE AND MATURING FROM 1 AND NOT TO EXCEED 20 YEARS AFTER THE DATE OF ISSUANCE, FOR THE PURPOSE OF FINANCING THE RENOVATION AND CONSTRUCTION OF NEW SCHOOL FACILITIES INCLUDING MEDARY ELEMENTARY SCHOOL AND HILLCREST ELEMENTARY SCHOOL, FURNISHING AND EQUIPPING OF SAME AND THE COSTS OF ISSUING THE BONDS? Brookings School District 05-1",,No,,406
Brookings,Aurora Little Hall,"Bond Issue : SHALL THE BROOKINGS SCHOOL DISTRICT 05-1, BROOKINGS AND MOODY COUNTIES, SOUTH DAKOTA, ISSUE ITS NEGOTIABLE GENERAL OBLIGATION SCHOOL BONDS IN A PRINCIPAL AMOUNT NOT EXCEEDING $32,430,000, ISSUED IN ONE OR MORE SERIES, BEARING INTEREST AT SUCH RATES AS MAY BE DETERMINED BY THE SCHOOL BOARD, PAYABLE AND MATURING FROM 1 AND NOT TO EXCEED 20 YEARS AFTER THE DATE OF ISSUANCE, FOR THE PURPOSE OF FINANCING THE RENOVATION AND CONSTRUCTION OF NEW SCHOOL FACILITIES INCLUDING MEDARY ELEMENTARY SCHOOL AND HILLCREST ELEMENTARY SCHOOL, FURNISHING AND EQUIPPING OF SAME AND THE COSTS OF ISSUING THE BONDS? Brookings School District 05-1",,Yes,,108
Brookings,Aurora Little Hall,"Bond Issue : SHALL THE BROOKINGS SCHOOL DISTRICT 05-1, BROOKINGS AND MOODY COUNTIES, SOUTH DAKOTA, ISSUE ITS NEGOTIABLE GENERAL OBLIGATION SCHOOL BONDS IN A PRINCIPAL AMOUNT NOT EXCEEDING $32,430,000, ISSUED IN ONE OR MORE SERIES, BEARING INTEREST AT SUCH RATES AS MAY BE DETERMINED BY THE SCHOOL BOARD, PAYABLE AND MATURING FROM 1 AND NOT TO EXCEED 20 YEARS AFTER THE DATE OF ISSUANCE, FOR THE PURPOSE OF FINANCING THE RENOVATION AND CONSTRUCTION OF NEW SCHOOL FACILITIES INCLUDING MEDARY ELEMENTARY SCHOOL AND HILLCREST ELEMENTARY SCHOOL, FURNISHING AND EQUIPPING OF SAME AND THE COSTS OF ISSUING THE BONDS? Brookings School District 05-1",,No,,137
Brookings,Bethel Baptist,"Bond Issue : SHALL THE BROOKINGS SCHOOL DISTRICT 05-1, BROOKINGS AND MOODY COUNTIES, SOUTH DAKOTA, ISSUE ITS NEGOTIABLE GENERAL OBLIGATION SCHOOL BONDS IN A PRINCIPAL AMOUNT NOT EXCEEDING $32,430,000, ISSUED IN ONE OR MORE SERIES, BEARING INTEREST AT SUCH RATES AS MAY BE DETERMINED BY THE SCHOOL BOARD, PAYABLE AND MATURING FROM 1 AND NOT TO EXCEED 20 YEARS AFTER THE DATE OF ISSUANCE, FOR THE PURPOSE OF FINANCING THE RENOVATION AND CONSTRUCTION OF NEW SCHOOL FACILITIES INCLUDING MEDARY ELEMENTARY SCHOOL AND HILLCREST ELEMENTARY SCHOOL, FURNISHING AND EQUIPPING OF SAME AND THE COSTS OF ISSUING THE BONDS? Brookings School District 05-1",,Yes,,967
Brookings,Bethel Baptist,"Bond Issue : SHALL THE BROOKINGS SCHOOL DISTRICT 05-1, BROOKINGS AND MOODY COUNTIES, SOUTH DAKOTA, ISSUE ITS NEGOTIABLE GENERAL OBLIGATION SCHOOL BONDS IN A PRINCIPAL AMOUNT NOT EXCEEDING $32,430,000, ISSUED IN ONE OR MORE SERIES, BEARING INTEREST AT SUCH RATES AS MAY BE DETERMINED BY THE SCHOOL BOARD, PAYABLE AND MATURING FROM 1 AND NOT TO EXCEED 20 YEARS AFTER THE DATE OF ISSUANCE, FOR THE PURPOSE OF FINANCING THE RENOVATION AND CONSTRUCTION OF NEW SCHOOL FACILITIES INCLUDING MEDARY ELEMENTARY SCHOOL AND HILLCREST ELEMENTARY SCHOOL, FURNISHING AND EQUIPPING OF SAME AND THE COSTS OF ISSUING THE BONDS? Brookings School District 05-1",,No,,422
Brookings,Brookings Activity Center,"Bond Issue : SHALL THE BROOKINGS SCHOOL DISTRICT 05-1, BROOKINGS AND MOODY COUNTIES, SOUTH DAKOTA, ISSUE ITS NEGOTIABLE GENERAL OBLIGATION SCHOOL BONDS IN A PRINCIPAL AMOUNT NOT EXCEEDING $32,430,000, ISSUED IN ONE OR MORE SERIES, BEARING INTEREST AT SUCH RATES AS MAY BE DETERMINED BY THE SCHOOL BOARD, PAYABLE AND MATURING FROM 1 AND NOT TO EXCEED 20 YEARS AFTER THE DATE OF ISSUANCE, FOR THE PURPOSE OF FINANCING THE RENOVATION AND CONSTRUCTION OF NEW SCHOOL FACILITIES INCLUDING MEDARY ELEMENTARY SCHOOL AND HILLCREST ELEMENTARY SCHOOL, FURNISHING AND EQUIPPING OF SAME AND THE COSTS OF ISSUING THE BONDS? Brookings School District 05-1",,Yes,,735
Brookings,Brookings Activity Center,"Bond Issue : SHALL THE BROOKINGS SCHOOL DISTRICT 05-1, BROOKINGS AND MOODY COUNTIES, SOUTH DAKOTA, ISSUE ITS NEGOTIABLE GENERAL OBLIGATION SCHOOL BONDS IN A PRINCIPAL AMOUNT NOT EXCEEDING $32,430,000, ISSUED IN ONE OR MORE SERIES, BEARING INTEREST AT SUCH RATES AS MAY BE DETERMINED BY THE SCHOOL BOARD, PAYABLE AND MATURING FROM 1 AND NOT TO EXCEED 20 YEARS AFTER THE DATE OF ISSUANCE, FOR THE PURPOSE OF FINANCING THE RENOVATION AND CONSTRUCTION OF NEW SCHOOL FACILITIES INCLUDING MEDARY ELEMENTARY SCHOOL AND HILLCREST ELEMENTARY SCHOOL, FURNISHING AND EQUIPPING OF SAME AND THE COSTS OF ISSUING THE BONDS? Brookings School District 05-1",,No,,278
Brookings,Bruce Community Room,"Bond Issue : SHALL THE BROOKINGS SCHOOL DISTRICT 05-1, BROOKINGS AND MOODY COUNTIES, SOUTH DAKOTA, ISSUE ITS NEGOTIABLE GENERAL OBLIGATION SCHOOL BONDS IN A PRINCIPAL AMOUNT NOT EXCEEDING $32,430,000, ISSUED IN ONE OR MORE SERIES, BEARING INTEREST AT SUCH RATES AS MAY BE DETERMINED BY THE SCHOOL BOARD, PAYABLE AND MATURING FROM 1 AND NOT TO EXCEED 20 YEARS AFTER THE DATE OF ISSUANCE, FOR THE PURPOSE OF FINANCING THE RENOVATION AND CONSTRUCTION OF NEW SCHOOL FACILITIES INCLUDING MEDARY ELEMENTARY SCHOOL AND HILLCREST ELEMENTARY SCHOOL, FURNISHING AND EQUIPPING OF SAME AND THE COSTS OF ISSUING THE BONDS? Brookings School District 05-1",,Yes,,22
Brookings,Bruce Community Room,"Bond Issue : SHALL THE BROOKINGS SCHOOL DISTRICT 05-1, BROOKINGS AND MOODY COUNTIES, SOUTH DAKOTA, ISSUE ITS NEGOTIABLE GENERAL OBLIGATION SCHOOL BONDS IN A PRINCIPAL AMOUNT NOT EXCEEDING $32,430,000, ISSUED IN ONE OR MORE SERIES, BEARING INTEREST AT SUCH RATES AS MAY BE DETERMINED BY THE SCHOOL BOARD, PAYABLE AND MATURING FROM 1 AND NOT TO EXCEED 20 YEARS AFTER THE DATE OF ISSUANCE, FOR THE PURPOSE OF FINANCING THE RENOVATION AND CONSTRUCTION OF NEW SCHOOL FACILITIES INCLUDING MEDARY ELEMENTARY SCHOOL AND HILLCREST ELEMENTARY SCHOOL, FURNISHING AND EQUIPPING OF SAME AND THE COSTS OF ISSUING THE BONDS? Brookings School District 05-1",,No,,14
Brookings,Elkton Community Center,"Bond Issue : SHALL THE BROOKINGS SCHOOL DISTRICT 05-1, BROOKINGS AND MOODY COUNTIES, SOUTH DAKOTA, ISSUE ITS NEGOTIABLE GENERAL OBLIGATION SCHOOL BONDS IN A PRINCIPAL AMOUNT NOT EXCEEDING $32,430,000, ISSUED IN ONE OR MORE SERIES, BEARING INTEREST AT SUCH RATES AS MAY BE DETERMINED BY THE SCHOOL BOARD, PAYABLE AND MATURING FROM 1 AND NOT TO EXCEED 20 YEARS AFTER THE DATE OF ISSUANCE, FOR THE PURPOSE OF FINANCING THE RENOVATION AND CONSTRUCTION OF NEW SCHOOL FACILITIES INCLUDING MEDARY ELEMENTARY SCHOOL AND HILLCREST ELEMENTARY SCHOOL, FURNISHING AND EQUIPPING OF SAME AND THE COSTS OF ISSUING THE BONDS? Brookings School District 05-1",,Yes,,4
Brookings,Elkton Community Center,"Bond Issue : SHALL THE BROOKINGS SCHOOL DISTRICT 05-1, BROOKINGS AND MOODY COUNTIES, SOUTH DAKOTA, ISSUE ITS NEGOTIABLE GENERAL OBLIGATION SCHOOL BONDS IN A PRINCIPAL AMOUNT NOT EXCEEDING $32,430,000, ISSUED IN ONE OR MORE SERIES, BEARING INTEREST AT SUCH RATES AS MAY BE DETERMINED BY THE SCHOOL BOARD, PAYABLE AND MATURING FROM 1 AND NOT TO EXCEED 20 YEARS AFTER THE DATE OF ISSUANCE, FOR THE PURPOSE OF FINANCING THE RENOVATION AND CONSTRUCTION OF NEW SCHOOL FACILITIES INCLUDING MEDARY ELEMENTARY SCHOOL AND HILLCREST ELEMENTARY SCHOOL, FURNISHING AND EQUIPPING OF SAME AND THE COSTS OF ISSUING THE BONDS? Brookings School District 05-1",,No,,3
Brookings,Holy Life Tabernacle,"Bond Issue : SHALL THE BROOKINGS SCHOOL DISTRICT 05-1, BROOKINGS AND MOODY COUNTIES, SOUTH DAKOTA, ISSUE ITS NEGOTIABLE GENERAL OBLIGATION SCHOOL BONDS IN A PRINCIPAL AMOUNT NOT EXCEEDING $32,430,000, ISSUED IN ONE OR MORE SERIES, BEARING INTEREST AT SUCH RATES AS MAY BE DETERMINED BY THE SCHOOL BOARD, PAYABLE AND MATURING FROM 1 AND NOT TO EXCEED 20 YEARS AFTER THE DATE OF ISSUANCE, FOR THE PURPOSE OF FINANCING THE RENOVATION AND CONSTRUCTION OF NEW SCHOOL FACILITIES INCLUDING MEDARY ELEMENTARY SCHOOL AND HILLCREST ELEMENTARY SCHOOL, FURNISHING AND EQUIPPING OF SAME AND THE COSTS OF ISSUING THE BONDS? Brookings School District 05-1",,Yes,,376
Brookings,Holy Life Tabernacle,"Bond Issue : SHALL THE BROOKINGS SCHOOL DISTRICT 05-1, BROOKINGS AND MOODY COUNTIES, SOUTH DAKOTA, ISSUE ITS NEGOTIABLE GENERAL OBLIGATION SCHOOL BONDS IN A PRINCIPAL AMOUNT NOT EXCEEDING $32,430,000, ISSUED IN ONE OR MORE SERIES, BEARING INTEREST AT SUCH RATES AS MAY BE DETERMINED BY THE SCHOOL BOARD, PAYABLE AND MATURING FROM 1 AND NOT TO EXCEED 20 YEARS AFTER THE DATE OF ISSUANCE, FOR THE PURPOSE OF FINANCING THE RENOVATION AND CONSTRUCTION OF NEW SCHOOL FACILITIES INCLUDING MEDARY ELEMENTARY SCHOOL AND HILLCREST ELEMENTARY SCHOOL, FURNISHING AND EQUIPPING OF SAME AND THE COSTS OF ISSUING THE BONDS? Brookings School District 05-1",,No,,175
Brookings,Volga Community Center,"Bond Issue : SHALL THE BROOKINGS SCHOOL DISTRICT 05-1, BROOKINGS AND MOODY COUNTIES, SOUTH DAKOTA, ISSUE ITS NEGOTIABLE GENERAL OBLIGATION SCHOOL BONDS IN A PRINCIPAL AMOUNT NOT EXCEEDING $32,430,000, ISSUED IN ONE OR MORE SERIES, BEARING INTEREST AT SUCH RATES AS MAY BE DETERMINED BY THE SCHOOL BOARD, PAYABLE AND MATURING FROM 1 AND NOT TO EXCEED 20 YEARS AFTER THE DATE OF ISSUANCE, FOR THE PURPOSE OF FINANCING THE RENOVATION AND CONSTRUCTION OF NEW SCHOOL FACILITIES INCLUDING MEDARY ELEMENTARY SCHOOL AND HILLCREST ELEMENTARY SCHOOL, FURNISHING AND EQUIPPING OF SAME AND THE COSTS OF ISSUING THE BONDS? Brookings School District 05-1",,Yes,,22
Brookings,Volga Community Center,"Bond Issue : SHALL THE BROOKINGS SCHOOL DISTRICT 05-1, BROOKINGS AND MOODY COUNTIES, SOUTH DAKOTA, ISSUE ITS NEGOTIABLE GENERAL OBLIGATION SCHOOL BONDS IN A PRINCIPAL AMOUNT NOT EXCEEDING $32,430,000, ISSUED IN ONE OR MORE SERIES, BEARING INTEREST AT SUCH RATES AS MAY BE DETERMINED BY THE SCHOOL BOARD, PAYABLE AND MATURING FROM 1 AND NOT TO EXCEED 20 YEARS AFTER THE DATE OF ISSUANCE, FOR THE PURPOSE OF FINANCING THE RENOVATION AND CONSTRUCTION OF NEW SCHOOL FACILITIES INCLUDING MEDARY ELEMENTARY SCHOOL AND HILLCREST ELEMENTARY SCHOOL, FURNISHING AND EQUIPPING OF SAME AND THE COSTS OF ISSUING THE BONDS? Brookings School District 05-1",,No,,13
Brookings,White McKnight Hall,"Bond Issue : SHALL THE BROOKINGS SCHOOL DISTRICT 05-1, BROOKINGS AND MOODY COUNTIES, SOUTH DAKOTA, ISSUE ITS NEGOTIABLE GENERAL OBLIGATION SCHOOL BONDS IN A PRINCIPAL AMOUNT NOT EXCEEDING $32,430,000, ISSUED IN ONE OR MORE SERIES, BEARING INTEREST AT SUCH RATES AS MAY BE DETERMINED BY THE SCHOOL BOARD, PAYABLE AND MATURING FROM 1 AND NOT TO EXCEED 20 YEARS AFTER THE DATE OF ISSUANCE, FOR THE PURPOSE OF FINANCING THE RENOVATION AND CONSTRUCTION OF NEW SCHOOL FACILITIES INCLUDING MEDARY ELEMENTARY SCHOOL AND HILLCREST ELEMENTARY SCHOOL, FURNISHING AND EQUIPPING OF SAME AND THE COSTS OF ISSUING THE BONDS? Brookings School District 05-1",,Yes,,8
Brookings,White McKnight Hall,"Bond Issue : SHALL THE BROOKINGS SCHOOL DISTRICT 05-1, BROOKINGS AND MOODY COUNTIES, SOUTH DAKOTA, ISSUE ITS NEGOTIABLE GENERAL OBLIGATION SCHOOL BONDS IN A PRINCIPAL AMOUNT NOT EXCEEDING $32,430,000, ISSUED IN ONE OR MORE SERIES, BEARING INTEREST AT SUCH RATES AS MAY BE DETERMINED BY THE SCHOOL BOARD, PAYABLE AND MATURING FROM 1 AND NOT TO EXCEED 20 YEARS AFTER THE DATE OF ISSUANCE, FOR THE PURPOSE OF FINANCING THE RENOVATION AND CONSTRUCTION OF NEW SCHOOL FACILITIES INCLUDING MEDARY ELEMENTARY SCHOOL AND HILLCREST ELEMENTARY SCHOOL, FURNISHING AND EQUIPPING OF SAME AND THE COSTS OF ISSUING THE BONDS? Brookings School District 05-1",,No,,3
Brown,Absentee Precinct,U.S. Senate,,John R. Thune,REP,1044
Brown,Absentee Precinct,U.S. Senate,,Bruce Whalen,REP,242
Brown,Absentee Precinct,U.S. Senate,,Mark Mowry,REP,80
Brown,Americinn Event Center,U.S. Senate,,John R. Thune,REP,601
Brown,Americinn Event Center,U.S. Senate,,Bruce Whalen,REP,110
Brown,Americinn Event Center,U.S. Senate,,Mark Mowry,REP,32
Brown,Best Western Ramkota Hotel and Convention Center,U.S. Senate,,John R. Thune,REP,581
Brown,Best Western Ramkota Hotel and Convention Center,U.S. Senate,,Bruce Whalen,REP,133
Brown,Best Western Ramkota Hotel and Convention Center,U.S. Senate,,Mark Mowry,REP,33
Brown,Claremont City Hall,U.S. Senate,,John R. Thune,REP,42
Brown,Claremont City Hall,U.S. Senate,,Bruce Whalen,REP,4
Brown,Claremont City Hall,U.S. Senate,,Mark Mowry,REP,0
Brown,Columbia Legion,U.S. Senate,,John R. Thune,REP,44
Brown,Columbia Legion,U.S. Senate,,Bruce Whalen,REP,19
Brown,Columbia Legion,U.S. Senate,,Mark Mowry,REP,5
Brown,Courthouse Community Room,U.S. Senate,,John R. Thune,REP,753
Brown,Courthouse Community Room,U.S. Senate,,Bruce Whalen,REP,198
Brown,Courthouse Community Room,U.S. Senate,,Mark Mowry,REP,61
Brown,Frederick Community Center,U.S. Senate,,John R. Thune,REP,39
Brown,Frederick Community Center,U.S. Senate,,Bruce Whalen,REP,8
Brown,Frederick Community Center,U.S. Senate,,Mark Mowry,REP,8
Brown,Groton Community Center,U.S. Senate,,John R. Thune,REP,165
Brown,Groton Community Center,U.S. Senate,,Bruce Whalen,REP,40
Brown,Groton Community Center,U.S. Senate,,Mark Mowry,REP,5
Brown,Hecla Community Center,U.S. Senate,,John R. Thune,REP,26
Brown,Hecla Community Center,U.S. Senate,,Bruce Whalen,REP,5
Brown,Hecla Community Center,U.S. Senate,,Mark Mowry,REP,2
Brown,Stratford Community Center,U.S. Senate,,John R. Thune,REP,27
Brown,Stratford Community Center,U.S. Senate,,Bruce Whalen,REP,9
Brown,Stratford Community Center,U.S. Senate,,Mark Mowry,REP,1
Brown,Warner Community Center,U.S. Senate,,John R. Thune,REP,106
Brown,Warner Community Center,U.S. Senate,,Bruce Whalen,REP,19
Brown,Warner Community Center,U.S. Senate,,Mark Mowry,REP,2
Brown,Westport Town Hall,U.S. Senate,,John R. Thune,REP,26
Brown,Westport Town Hall,U.S. Senate,,Bruce Whalen,REP,36
Brown,Westport Town Hall,U.S. Senate,,Mark Mowry,REP,3
Brown,Absentee Precinct,U.S. House,1,Dusty Johnson,REP,928
Brown,Absentee Precinct,U.S. House,1,Taffy Howard,REP,459
Brown,AmericInn Event Center,U.S. House,1,Dusty Johnson,REP,519
Brown,AmericInn Event Center,U.S. House,1,Taffy Howard,REP,230
Brown,Best Western Ramkota Hotel and Convention Center,U.S. House,1,Dusty Johnson,REP,475
Brown,Best Western Ramkota Hotel and Convention Center,U.S. House,1,Taffy Howard,REP,271
Brown,Claremont City Hall,U.S. House,1,Dusty Johnson,REP,33
Brown,Claremont City Hall,U.S. House,1,Taffy Howard,REP,14
Brown,Columbia Legion,U.S. House,1,Dusty Johnson,REP,35
Brown,Columbia Legion,U.S. House,1,Taffy Howard,REP,33
Brown,Courthouse Community Room,U.S. House,1,Dusty Johnson,REP,618
Brown,Courthouse Community Room,U.S. House,1,Taffy Howard,REP,400
Brown,Frederick Community Center,U.S. House,1,Dusty Johnson,REP,36
Brown,Frederick Community Center,U.S. House,1,Taffy Howard,REP,21
Brown,Groton Community Center,U.S. House,1,Dusty Johnson,REP,138
Brown,Groton Community Center,U.S. House,1,Taffy Howard,REP,75
Brown,Hecla Community Center,U.S. House,1,Dusty Johnson,REP,18
Brown,Hecla Community Center,U.S. House,1,Taffy Howard,REP,15
Brown,Stratford Community Center,U.S. House,1,Dusty Johnson,REP,17
Brown,Stratford Community Center,U.S. House,1,Taffy Howard,REP,20
Brown,Warner Community Center,U.S. House,1,Dusty Johnson,REP,88
Brown,Warner Community Center,U.S. House,1,Taffy Howard,REP,40
Brown,Westport Town Hall,U.S. House,1,Dusty Johnson,REP,19
Brown,Westport Town Hall,U.S. House,1,Taffy Howard,REP,46
Brown,Absentee Precinct,Governor,,Steven Haugaard,REP,364
Brown,Absentee Precinct,Governor,,Kristi Noem,REP,1016
Brown,AmericInn Event Center,Governor,,Steven Haugaard,REP,162
Brown,AmericInn Event Center,Governor,,Kristi Noem,REP,600
Brown,Best Western Ramkota Hotel and Convention Center,Governor,,Steven Haugaard,REP,127
Brown,Best Western Ramkota Hotel and Convention Center,Governor,,Kristi Noem,REP,628
Brown,Claremont City Hall,Governor,,Steven Haugaard,REP,9
Brown,Claremont City Hall,Governor,,Kristi Noem,REP,38
Brown,Columbia Legion,Governor,,Steven Haugaard,REP,23
Brown,Columbia Legion,Governor,,Kristi Noem,REP,45
Brown,Courthouse Community Room,Governor,,Steven Haugaard,REP,251
Brown,Courthouse Community Room,Governor,,Kristi Noem,REP,778
Brown,Frederick Community Center,Governor,,Steven Haugaard,REP,13
Brown,Frederick Community Center,Governor,,Kristi Noem,REP,45
Brown,Groton Community Center,Governor,,Steven Haugaard,REP,31
Brown,Groton Community Center,Governor,,Kristi Noem,REP,181
Brown,Hecla Community Center,Governor,,Steven Haugaard,REP,9
Brown,Hecla Community Center,Governor,,Kristi Noem,REP,25
Brown,Stratford Community Center,Governor,,Steven Haugaard,REP,12
Brown,Stratford Community Center,Governor,,Kristi Noem,REP,24
Brown,Warner Community Center,Governor,,Steven Haugaard,REP,24
Brown,Warner Community Center,Governor,,Kristi Noem,REP,104
Brown,Westport Town Hall,Governor,,Steven Haugaard,REP,21
Brown,Westport Town Hall,Governor,,Kristi Noem,REP,46
Brown,Absentee Precinct,State Senate,1,Michael H. Rohl,REP,134
Brown,Absentee Precinct,State Senate,1,Joe Donnell,REP,66
Brown,Americinn Event Center,State Senate,1,Michael H. Rohl,REP,60
Brown,Americinn Event Center,State Senate,1,Joe Donnell,REP,19
Brown,Best Western Ramkota Hotel and Convention Center,State Senate,1,Michael H. Rohl,REP,113
Brown,Best Western Ramkota Hotel and Convention Center,State Senate,1,Joe Donnell,REP,44
Brown,Claremont City Hall,State Senate,1,Michael H. Rohl,REP,37
Brown,Claremont City Hall,State Senate,1,Joe Donnell,REP,9
Brown,Columbia Legion,State Senate,1,Michael H. Rohl,REP,50
Brown,Columbia Legion,State Senate,1,Joe Donnell,REP,14
Brown,Courthouse Community Room,State Senate,1,Michael H. Rohl,REP,47
Brown,Courthouse Community Room,State Senate,1,Joe Donnell,REP,28
Brown,Frederick Community Center,State Senate,1,Michael H. Rohl,REP,31
Brown,Frederick Community Center,State Senate,1,Joe Donnell,REP,16
Brown,Groton Community Center,State Senate,1,Michael H. Rohl,REP,126
Brown,Groton Community Center,State Senate,1,Joe Donnell,REP,54
Brown,Hecla Community Center,State Senate,1,Michael H. Rohl,REP,20
Brown,Hecla Community Center,State Senate,1,Joe Donnell,REP,9
Brown,Stratford Community Center,State Senate,1,Michael H. Rohl,REP,19
Brown,Stratford Community Center,State Senate,1,Joe Donnell,REP,9
Brown,Warner Community Center,State Senate,1,Michael H. Rohl,REP,93
Brown,Warner Community Center,State Senate,1,Joe Donnell,REP,19
Brown,Westport Town Hall,State Senate,1,Michael H. Rohl,REP,29
Brown,Westport Town Hall,State Senate,1,Joe Donnell,REP,25
Brown,Absentee Precinct,State House,23,Scott Moore,REP,34
Brown,Absentee Precinct,State House,23,Brandon Black,REP,28
Brown,Absentee Precinct,State House,23,Gregory Brooks,REP,34
Brown,Absentee Precinct,State House,23,James D. Wangsness,REP,24
Brown,Americinn Event Center,State House,23,Scott Moore,REP,10
Brown,Americinn Event Center,State House,23,Brandon Black,REP,13
Brown,Americinn Event Center,State House,23,Gregory Brooks,REP,10
Brown,Americinn Event Center,State House,23,James D. Wangsness,REP,11
Brown,Best Western Ramkota Hotel and Convention Center,State House,23,Scott Moore,REP,41
Brown,Best Western Ramkota Hotel and Convention Center,State House,23,Brandon Black,REP,25
Brown,Best Western Ramkota Hotel and Convention Center,State House,23,Gregory Brooks,REP,23
Brown,Best Western Ramkota Hotel and Convention Center,State House,23,James D. Wangsness,REP,21
Brown,Claremont City Hall,State House,23,Scott Moore,REP,0
Brown,Claremont City Hall,State House,23,Brandon Black,REP,0
Brown,Claremont City Hall,State House,23,Gregory Brooks,REP,0
Brown,Claremont City Hall,State House,23,James D. Wangsness,REP,0
Brown,Columbia Legion,State House,23,Scott Moore,REP,1
Brown,Columbia Legion,State House,23,Brandon Black,REP,0
Brown,Columbia Legion,State House,23,Gregory Brooks,REP,0
Brown,Columbia Legion,State House,23,James D. Wangsness,REP,1
Brown,Courthouse Community Room,State House,23,Scott Moore,REP,32
Brown,Courthouse Community Room,State House,23,Brandon Black,REP,25
Brown,Courthouse Community Room,State House,23,Gregory Brooks,REP,36
Brown,Courthouse Community Room,State House,23,James D. Wangsness,REP,20
Brown,Frederick Community Center,State House,23,Scott Moore,REP,0
Brown,Frederick Community Center,State House,23,Brandon Black,REP,0
Brown,Frederick Community Center,State House,23,Gregory Brooks,REP,0
Brown,Frederick Community Center,State House,23,James D. Wangsness,REP,0
Brown,Groton Community Center,State House,23,Scott Moore,REP,0
Brown,Groton Community Center,State House,23,Brandon Black,REP,0
Brown,Groton Community Center,State House,23,Gregory Brooks,REP,0
Brown,Groton Community Center,State House,23,James D. Wangsness,REP,0
Brown,Hecla Community Center,State House,23,Scott Moore,REP,0
Brown,Hecla Community Center,State House,23,Brandon Black,REP,0
Brown,Hecla Community Center,State House,23,Gregory Brooks,REP,0
Brown,Hecla Community Center,State House,23,James D. Wangsness,REP,0
Brown,Stratford Community Center,State House,23,Scott Moore,REP,0
Brown,Stratford Community Center,State House,23,Brandon Black,REP,0
Brown,Stratford Community Center,State House,23,Gregory Brooks,REP,0
Brown,Stratford Community Center,State House,23,James D. Wangsness,REP,0
Brown,Warner Community Center,State House,23,Scott Moore,REP,0
Brown,Warner Community Center,State House,23,Brandon Black,REP,0
Brown,Warner Community Center,State House,23,Gregory Brooks,REP,0
Brown,Warner Community Center,State House,23,James D. Wangsness,REP,1
Brown,Westport Town Hall,State House,23,Scott Moore,REP,0
Brown,Westport Town Hall,State House,23,Brandon Black,REP,0
Brown,Westport Town Hall,State House,23,Gregory Brooks,REP,0
Brown,Westport Town Hall,State House,23,James D. Wangsness,REP,0
Brown,Absentee Precinct,County Commissioner At Large,,Mike Russell,REP,482
Brown,Absentee Precinct,County Commissioner At Large,,Drew Dennert,REP,952
Brown,Absentee Precinct,County Commissioner At Large,,Mike Gage,REP,694
Brown,Absentee Precinct,County Commissioner At Large,,Mike Wiese,REP,854
Brown,AmericInn Event Center,County Commissioner At Large,,Mike Russell,REP,272
Brown,AmericInn Event Center,County Commissioner At Large,,Drew Dennert,REP,516
Brown,AmericInn Event Center,County Commissioner At Large,,Mike Gage,REP,358
Brown,AmericInn Event Center,County Commissioner At Large,,Mike Wiese,REP,432
Brown,Best Western Ramkota Hotel and Convention Center,County Commissioner At Large,,Mike Russell,REP,245
Brown,Best Western Ramkota Hotel and Convention Center,County Commissioner At Large,,Drew Dennert,REP,516
Brown,Best Western Ramkota Hotel and Convention Center,County Commissioner At Large,,Mike Gage,REP,379
Brown,Best Western Ramkota Hotel and Convention Center,County Commissioner At Large,,Mike Wiese,REP,434
Brown,Claremont City Hall,County Commissioner At Large,,Mike Russell,REP,11
Brown,Claremont City Hall,County Commissioner At Large,,Drew Dennert,REP,33
Brown,Claremont City Hall,County Commissioner At Large,,Mike Gage,REP,23
Brown,Claremont City Hall,County Commissioner At Large,,Mike Wiese,REP,23
Brown,Columbia Legion,County Commissioner At Large,,Mike Russell,REP,17
Brown,Columbia Legion,County Commissioner At Large,,Drew Dennert,REP,50
Brown,Columbia Legion,County Commissioner At Large,,Mike Gage,REP,40
Brown,Columbia Legion,County Commissioner At Large,,Mike Wiese,REP,34
Brown,Courthouse Community Room,County Commissioner At Large,,Mike Russell,REP,332
Brown,Courthouse Community Room,County Commissioner At Large,,Drew Dennert,REP,663
Brown,Courthouse Community Room,County Commissioner At Large,,Mike Gage,REP,454
Brown,Courthouse Community Room,County Commissioner At Large,,Mike Wiese,REP,549
Brown,Frederick Community Center,County Commissioner At Large,,Mike Russell,REP,17
Brown,Frederick Community Center,County Commissioner At Large,,Drew Dennert,REP,37
Brown,Frederick Community Center,County Commissioner At Large,,Mike Gage,REP,31
Brown,Frederick Community Center,County Commissioner At Large,,Mike Wiese,REP,25
Brown,Groton Community Center,County Commissioner At Large,,Mike Russell,REP,58
Brown,Groton Community Center,County Commissioner At Large,,Drew Dennert,REP,145
Brown,Groton Community Center,County Commissioner At Large,,Mike Gage,REP,101
Brown,Groton Community Center,County Commissioner At Large,,Mike Wiese,REP,114
Brown,Hecla Community Center,County Commissioner At Large,,Mike Russell,REP,9
Brown,Hecla Community Center,County Commissioner At Large,,Drew Dennert,REP,30
Brown,Hecla Community Center,County Commissioner At Large,,Mike Gage,REP,14
Brown,Hecla Community Center,County Commissioner At Large,,Mike Wiese,REP,18
Brown,Stratford Community Center,County Commissioner At Large,,Mike Russell,REP,18
Brown,Stratford Community Center,County Commissioner At Large,,Drew Dennert,REP,24
Brown,Stratford Community Center,County Commissioner At Large,,Mike Gage,REP,21
Brown,Stratford Community Center,County Commissioner At Large,,Mike Wiese,REP,18
Brown,Warner Community Center,County Commissioner At Large,,Mike Russell,REP,28
Brown,Warner Community Center,County Commissioner At Large,,Drew Dennert,REP,95
Brown,Warner Community Center,County Commissioner At Large,,Mike Gage,REP,59
Brown,Warner Community Center,County Commissioner At Large,,Mike Wiese,REP,73
Brown,Westport Town Hall,County Commissioner At Large,,Mike Russell,REP,11
Brown,Westport Town Hall,County Commissioner At Large,,Drew Dennert,REP,57
Brown,Westport Town Hall,County Commissioner At Large,,Mike Gage,REP,51
Brown,Westport Town Hall,County Commissioner At Large,,Mike Wiese,REP,26
Brown,Absentee Precinct,Delegates to State Convention,,Ashton Dennert,REP,407
Brown,Absentee Precinct,Delegates to State Convention,,Charlene Cornelius,REP,414
Brown,Absentee Precinct,Delegates to State Convention,,Tabor Schabot,REP,264
Brown,Absentee Precinct,Delegates to State Convention,,Ron Cornelius,REP,334
Brown,Absentee Precinct,Delegates to State Convention,,Drew Dennert,REP,799
Brown,Absentee Precinct,Delegates to State Convention,,Jack Hieb,REP,527
Brown,AmericInn Event Center,Delegates to State Convention,,Ashton Dennert,REP,228
Brown,AmericInn Event Center,Delegates to State Convention,,Charlene Cornelius,REP,200
Brown,AmericInn Event Center,Delegates to State Convention,,Tabor Schabot,REP,130
Brown,AmericInn Event Center,Delegates to State Convention,,Ron Cornelius,REP,151
Brown,AmericInn Event Center,Delegates to State Convention,,Drew Dennert,REP,443
Brown,AmericInn Event Center,Delegates to State Convention,,Jack Hieb,REP,298
Brown,Best Western Ramkota Hotel and Convention Center,Delegates to State Convention,,Ashton Dennert,REP,236
Brown,Best Western Ramkota Hotel and Convention Center,Delegates to State Convention,,Charlene Cornelius,REP,195
Brown,Best Western Ramkota Hotel and Convention Center,Delegates to State Convention,,Tabor Schabot,REP,131
Brown,Best Western Ramkota Hotel and Convention Center,Delegates to State Convention,,Ron Cornelius,REP,143
Brown,Best Western Ramkota Hotel and Convention Center,Delegates to State Convention,,Drew Dennert,REP,458
Brown,Best Western Ramkota Hotel and Convention Center,Delegates to State Convention,,Jack Hieb,REP,300
Brown,Claremont City Hall,Delegates to State Convention,,Ashton Dennert,REP,19
Brown,Claremont City Hall,Delegates to State Convention,,Charlene Cornelius,REP,7
Brown,Claremont City Hall,Delegates to State Convention,,Tabor Schabot,REP,6
Brown,Claremont City Hall,Delegates to State Convention,,Ron Cornelius,REP,6
Brown,Claremont City Hall,Delegates to State Convention,,Drew Dennert,REP,33
Brown,Claremont City Hall,Delegates to State Convention,,Jack Hieb,REP,20
Brown,Columbia Legion,Delegates to State Convention,,Ashton Dennert,REP,30
Brown,Columbia Legion,Delegates to State Convention,,Charlene Cornelius,REP,17
Brown,Columbia Legion,Delegates to State Convention,,Tabor Schabot,REP,9
Brown,Columbia Legion,Delegates to State Convention,,Ron Cornelius,REP,17
Brown,Columbia Legion,Delegates to State Convention,,Drew Dennert,REP,53
Brown,Columbia Legion,Delegates to State Convention,,Jack Hieb,REP,19
Brown,Courthouse Community Room,Delegates to State Convention,,Ashton Dennert,REP,292
Brown,Courthouse Community Room,Delegates to State Convention,,Charlene Cornelius,REP,258
Brown,Courthouse Community Room,Delegates to State Convention,,Tabor Schabot,REP,175
Brown,Courthouse Community Room,Delegates to State Convention,,Ron Cornelius,REP,225
Brown,Courthouse Community Room,Delegates to State Convention,,Drew Dennert,REP,567
Brown,Courthouse Community Room,Delegates to State Convention,,Jack Hieb,REP,360
Brown,Frederick Community Center,Delegates to State Convention,,Ashton Dennert,REP,19
Brown,Frederick Community Center,Delegates to State Convention,,Charlene Cornelius,REP,12
Brown,Frederick Community Center,Delegates to State Convention,,Tabor Schabot,REP,6
Brown,Frederick Community Center,Delegates to State Convention,,Ron Cornelius,REP,8
Brown,Frederick Community Center,Delegates to State Convention,,Drew Dennert,REP,29
Brown,Frederick Community Center,Delegates to State Convention,,Jack Hieb,REP,19
Brown,Groton Community Center,Delegates to State Convention,,Ashton Dennert,REP,71
Brown,Groton Community Center,Delegates to State Convention,,Charlene Cornelius,REP,45
Brown,Groton Community Center,Delegates to State Convention,,Tabor Schabot,REP,28
Brown,Groton Community Center,Delegates to State Convention,,Ron Cornelius,REP,39
Brown,Groton Community Center,Delegates to State Convention,,Drew Dennert,REP,136
Brown,Groton Community Center,Delegates to State Convention,,Jack Hieb,REP,75
Brown,Hecla Community Center,Delegates to State Convention,,Ashton Dennert,REP,15
Brown,Hecla Community Center,Delegates to State Convention,,Charlene Cornelius,REP,7
Brown,Hecla Community Center,Delegates to State Convention,,Tabor Schabot,REP,5
Brown,Hecla Community Center,Delegates to State Convention,,Ron Cornelius,REP,4
Brown,Hecla Community Center,Delegates to State Convention,,Drew Dennert,REP,25
Brown,Hecla Community Center,Delegates to State Convention,,Jack Hieb,REP,7
Brown,Stratford Community Center,Delegates to State Convention,,Ashton Dennert,REP,8
Brown,Stratford Community Center,Delegates to State Convention,,Charlene Cornelius,REP,7
Brown,Stratford Community Center,Delegates to State Convention,,Tabor Schabot,REP,8
Brown,Stratford Community Center,Delegates to State Convention,,Ron Cornelius,REP,9
Brown,Stratford Community Center,Delegates to State Convention,,Drew Dennert,REP,18
Brown,Stratford Community Center,Delegates to State Convention,,Jack Hieb,REP,13
Brown,Warner Community Center,Delegates to State Convention,,Ashton Dennert,REP,41
Brown,Warner Community Center,Delegates to State Convention,,Charlene Cornelius,REP,22
Brown,Warner Community Center,Delegates to State Convention,,Tabor Schabot,REP,18
Brown,Warner Community Center,Delegates to State Convention,,Ron Cornelius,REP,21
Brown,Warner Community Center,Delegates to State Convention,,Drew Dennert,REP,81
Brown,Warner Community Center,Delegates to State Convention,,Jack Hieb,REP,35
Brown,Westport Town Hall,Delegates to State Convention,,Ashton Dennert,REP,33
Brown,Westport Town Hall,Delegates to State Convention,,Charlene Cornelius,REP,8
Brown,Westport Town Hall,Delegates to State Convention,,Tabor Schabot,REP,18
Brown,Westport Town Hall,Delegates to State Convention,,Ron Cornelius,REP,5
Brown,Westport Town Hall,Delegates to State Convention,,Drew Dennert,REP,49
Brown,Westport Town Hall,Delegates to State Convention,,Jack Hieb,REP,15
Brown,Absentee Precinct,Precinct Committeeman Precinct-03,,Daniel Kaiser,REP,43
Brown,Absentee Precinct,Precinct Committeeman Precinct-03,,Heath Johnson,REP,27
Brown,Absentee Precinct,Precinct Committeeman Precinct-03,,Dave Lunzman,REP,42
Brown,AmericInn Event Center,Precinct Committeeman Precinct-03,,Daniel Kaiser,REP,8
Brown,AmericInn Event Center,Precinct Committeeman Precinct-03,,Heath Johnson,REP,0
Brown,AmericInn Event Center,Precinct Committeeman Precinct-03,,Dave Lunzman,REP,9
Brown,Best Western Ramkota Hotel and Convention Center,Precinct Committeeman Precinct-03,,Daniel Kaiser,REP,61
Brown,Best Western Ramkota Hotel and Convention Center,Precinct Committeeman Precinct-03,,Heath Johnson,REP,28
Brown,Best Western Ramkota Hotel and Convention Center,Precinct Committeeman Precinct-03,,Dave Lunzman,REP,48
Brown,Claremont City Hall,Precinct Committeeman Precinct-03,,Daniel Kaiser,REP,0
Brown,Claremont City Hall,Precinct Committeeman Precinct-03,,Heath Johnson,REP,0
Brown,Claremont City Hall,Precinct Committeeman Precinct-03,,Dave Lunzman,REP,0
Brown,Columbia Legion,Precinct Committeeman Precinct-03,,Daniel Kaiser,REP,0
Brown,Columbia Legion,Precinct Committeeman Precinct-03,,Heath Johnson,REP,0
Brown,Columbia Legion,Precinct Committeeman Precinct-03,,Dave Lunzman,REP,0
Brown,Courthouse Community Room,Precinct Committeeman Precinct-03,,Daniel Kaiser,REP,33
Brown,Courthouse Community Room,Precinct Committeeman Precinct-03,,Heath Johnson,REP,15
Brown,Courthouse Community Room,Precinct Committeeman Precinct-03,,Dave Lunzman,REP,24
Brown,Frederick Community Center,Precinct Committeeman Precinct-03,,Daniel Kaiser,REP,0
Brown,Frederick Community Center,Precinct Committeeman Precinct-03,,Heath Johnson,REP,0
Brown,Frederick Community Center,Precinct Committeeman Precinct-03,,Dave Lunzman,REP,0
Brown,Groton Community Center,Precinct Committeeman Precinct-03,,Daniel Kaiser,REP,0
Brown,Groton Community Center,Precinct Committeeman Precinct-03,,Heath Johnson,REP,0
Brown,Groton Community Center,Precinct Committeeman Precinct-03,,Dave Lunzman,REP,0
Brown,Hecla Community Center,Precinct Committeeman Precinct-03,,Daniel Kaiser,REP,0
Brown,Hecla Community Center,Precinct Committeeman Precinct-03,,Heath Johnson,REP,0
Brown,Hecla Community Center,Precinct Committeeman Precinct-03,,Dave Lunzman,REP,0
Brown,Stratford Community Center,Precinct Committeeman Precinct-03,,Daniel Kaiser,REP,0
Brown,Stratford Community Center,Precinct Committeeman Precinct-03,,Heath Johnson,REP,0
Brown,Stratford Community Center,Precinct Committeeman Precinct-03,,Dave Lunzman,REP,0
Brown,Warner Community Center,Precinct Committeeman Precinct-03,,Daniel Kaiser,REP,0
Brown,Warner Community Center,Precinct Committeeman Precinct-03,,Heath Johnson,REP,0
Brown,Warner Community Center,Precinct Committeeman Precinct-03,,Dave Lunzman,REP,0
Brown,Westport Town Hall,Precinct Committeeman Precinct-03,,Daniel Kaiser,REP,0
Brown,Westport Town Hall,Precinct Committeeman Precinct-03,,Heath Johnson,REP,0
Brown,Westport Town Hall,Precinct Committeeman Precinct-03,,Dave Lunzman,REP,0
Brown,Absentee Precinct,Precinct Committeeman Precinct-10,,Daniel Richardt,REP,6
Brown,Absentee Precinct,Precinct Committeeman Precinct-10,,Timothy Prater,REP,3
Brown,Absentee Precinct,Precinct Committeeman Precinct-10,,Justin Rezabek,REP,6
Brown,American Event Center,Precinct Committeeman Precinct-10,,Daniel Richardt,REP,7
Brown,American Event Center,Precinct Committeeman Precinct-10,,Timothy Prater,REP,3
Brown,American Event Center,Precinct Committeeman Precinct-10,,Justin Rezabek,REP,2
Brown,Best Western Ramkota Hotel and Convention Center,Precinct Committeeman Precinct-10,,Daniel Richardt,REP,0
Brown,Best Western Ramkota Hotel and Convention Center,Precinct Committeeman Precinct-10,,Timothy Prater,REP,1
Brown,Best Western Ramkota Hotel and Convention Center,Precinct Committeeman Precinct-10,,Justin Rezabek,REP,1
Brown,Claremont City Hall,Precinct Committeeman Precinct-10,,Daniel Richardt,REP,0
Brown,Claremont City Hall,Precinct Committeeman Precinct-10,,Timothy Prater,REP,0
Brown,Claremont City Hall,Precinct Committeeman Precinct-10,,Justin Rezabek,REP,0
Brown,Columbia Legion,Precinct Committeeman Precinct-10,,Daniel Richardt,REP,0
Brown,Columbia Legion,Precinct Committeeman Precinct-10,,Timothy Prater,REP,0
Brown,Columbia Legion,Precinct Committeeman Precinct-10,,Justin Rezabek,REP,0
Brown,Courthouse Community Room,Precinct Committeeman Precinct-10,,Daniel Richardt,REP,7
Brown,Courthouse Community Room,Precinct Committeeman Precinct-10,,Timothy Prater,REP,7
Brown,Courthouse Community Room,Precinct Committeeman Precinct-10,,Justin Rezabek,REP,4
Brown,Frederick Community Center,Precinct Committeeman Precinct-10,,Daniel Richardt,REP,0
Brown,Frederick Community Center,Precinct Committeeman Precinct-10,,Timothy Prater,REP,0
Brown,Frederick Community Center,Precinct Committeeman Precinct-10,,Justin Rezabek,REP,0
Brown,Groton Community Center,Precinct Committeeman Precinct-10,,Daniel Richardt,REP,1
Brown,Groton Community Center,Precinct Committeeman Precinct-10,,Timothy Prater,REP,0
Brown,Groton Community Center,Precinct Committeeman Precinct-10,,Justin Rezabek,REP,0
Brown,Hecla Community Center,Precinct Committeeman Precinct-10,,Daniel Richardt,REP,0
Brown,Hecla Community Center,Precinct Committeeman Precinct-10,,Timothy Prater,REP,0
Brown,Hecla Community Center,Precinct Committeeman Precinct-10,,Justin Rezabek,REP,0
Brown,Stratford Community Center,Precinct Committeeman Precinct-10,,Daniel Richardt,REP,0
Brown,Stratford Community Center,Precinct Committeeman Precinct-10,,Timothy Prater,REP,0
Brown,Stratford Community Center,Precinct Committeeman Precinct-10,,Justin Rezabek,REP,0
Brown,Warner Community Center,Precinct Committeeman Precinct-10,,Daniel Richardt,REP,0
Brown,Warner Community Center,Precinct Committeeman Precinct-10,,Timothy Prater,REP,0
Brown,Warner Community Center,Precinct Committeeman Precinct-10,,Justin Rezabek,REP,0
Brown,Westport Town Hall,Precinct Committeeman Precinct-10,,Daniel Richardt,REP,0
Brown,Westport Town Hall,Precinct Committeeman Precinct-10,,Timothy Prater,REP,0
Brown,Westport Town Hall,Precinct Committeeman Precinct-10,,Justin Rezabek,REP,0
Brown,Absentee Precinct,Precinct Committeeman,,Michael Rohl,REP,69
Brown,Absentee Precinct,Precinct Committeeman,,Ken Bjur,REP,25
Brown,Absentee Precinct,Precinct Committeeman,,Michael Evans,REP,15
Brown,Absentee Precinct,Precinct Committeeman,,Kaleb Weis,REP,18
Brown,Absentee Precinct,Precinct Committeeman,,Keith Miller,REP,7
Brown,Absentee Precinct,Precinct Committeeman,,Kevin Gerard Weig,REP,9
Brown,Absentee Precinct,Precinct Committeeman,,Jesse Zak,REP,12
Brown,Absentee Precinct,Precinct Committeeman,,Brandon Bible,REP,7
Brown,AmericInn Event Center,Precinct Committeeman,,Michael Rohl,REP,21
Brown,AmericInn Event Center,Precinct Committeeman,,Ken Bjur,REP,8
Brown,AmericInn Event Center,Precinct Committeeman,,Michael Evans,REP,2
Brown,AmericInn Event Center,Precinct Committeeman,,Kaleb Weis,REP,6
Brown,AmericInn Event Center,Precinct Committeeman,,Keith Miller,REP,1
Brown,AmericInn Event Center,Precinct Committeeman,,Kevin Gerard Weig,REP,0
Brown,AmericInn Event Center,Precinct Committeeman,,Jesse Zak,REP,2
Brown,AmericInn Event Center,Precinct Committeeman,,Brandon Bible,REP,0
Brown,Best Western Ramkota Hotel and Convention Center,Precinct Committeeman,,Michael Rohl,REP,105
Brown,Best Western Ramkota Hotel and Convention Center,Precinct Committeeman,,Ken Bjur,REP,31
Brown,Best Western Ramkota Hotel and Convention Center,Precinct Committeeman,,Michael Evans,REP,16
Brown,Best Western Ramkota Hotel and Convention Center,Precinct Committeeman,,Kaleb Weis,REP,36
Brown,Best Western Ramkota Hotel and Convention Center,Precinct Committeeman,,Keith Miller,REP,1
Brown,Best Western Ramkota Hotel and Convention Center,Precinct Committeeman,,Kevin Gerard Weig,REP,0
Brown,Best Western Ramkota Hotel and Convention Center,Precinct Committeeman,,Jesse Zak,REP,3
Brown,Best Western Ramkota Hotel and Convention Center,Precinct Committeeman,,Brandon Bible,REP,0
Brown,Claremont City Hall,Precinct Committeeman,,Michael Rohl,REP,0
Brown,Claremont City Hall,Precinct Committeeman,,Ken Bjur,REP,0
Brown,Claremont City Hall,Precinct Committeeman,,Michael Evans,REP,0
Brown,Claremont City Hall,Precinct Committeeman,,Kaleb Weis,REP,0
Brown,Claremont City Hall,Precinct Committeeman,,Keith Miller,REP,0
Brown,Claremont City Hall,Precinct Committeeman,,Kevin Gerard Weig,REP,0
Brown,Claremont City Hall,Precinct Committeeman,,Jesse Zak,REP,0
Brown,Claremont City Hall,Precinct Committeeman,,Brandon Bible,REP,0
Brown,Columbia Legion,Precinct Committeeman,,Michael Rohl,REP,1
Brown,Columbia Legion,Precinct Committeeman,,Ken Bjur,REP,0
Brown,Columbia Legion,Precinct Committeeman,,Michael Evans,REP,0
Brown,Columbia Legion,Precinct Committeeman,,Kaleb Weis,REP,0
Brown,Columbia Legion,Precinct Committeeman,,Keith Miller,REP,0
Brown,Columbia Legion,Precinct Committeeman,,Kevin Gerard Weig,REP,0
Brown,Columbia Legion,Precinct Committeeman,,Jesse Zak,REP,1
Brown,Columbia Legion,Precinct Committeeman,,Brandon Bible,REP,0
Brown,Courthouse Community Room,Precinct Committeeman,,Michael Rohl,REP,29
Brown,Courthouse Community Room,Precinct Committeeman,,Ken Bjur,REP,9
Brown,Courthouse Community Room,Precinct Committeeman,,Michael Evans,REP,9
Brown,Courthouse Community Room,Precinct Committeeman,,Kaleb Weis,REP,5
Brown,Courthouse Community Room,Precinct Committeeman,,Keith Miller,REP,1
Brown,Courthouse Community Room,Precinct Committeeman,,Kevin Gerard Weig,REP,2
Brown,Courthouse Community Room,Precinct Committeeman,,Jesse Zak,REP,2
Brown,Courthouse Community Room,Precinct Committeeman,,Brandon Bible,REP,1
Brown,Frederick Community Center,Precinct Committeeman,,Michael Rohl,REP,3
Brown,Frederick Community Center,Precinct Committeeman,,Ken Bjur,REP,0
Brown,Frederick Community Center,Precinct Committeeman,,Michael Evans,REP,0
Brown,Frederick Community Center,Precinct Committeeman,,Kaleb Weis,REP,0
Brown,Frederick Community Center,Precinct Committeeman,,Keith Miller,REP,0
Brown,Frederick Community Center,Precinct Committeeman,,Kevin Gerard Weig,REP,0
Brown,Frederick Community Center,Precinct Committeeman,,Jesse Zak,REP,0
Brown,Frederick Community Center,Precinct Committeeman,,Brandon Bible,REP,0
Brown,Groton Community Center,Precinct Committeeman,,Michael Rohl,REP,0
Brown,Groton Community Center,Precinct Committeeman,,Ken Bjur,REP,0
Brown,Groton Community Center,Precinct Committeeman,,Michael Evans,REP,0
Brown,Groton Community Center,Precinct Committeeman,,Kaleb Weis,REP,0
Brown,Groton Community Center,Precinct Committeeman,,Keith Miller,REP,0
Brown,Groton Community Center,Precinct Committeeman,,Kevin Gerard Weig,REP,0
Brown,Groton Community Center,Precinct Committeeman,,Jesse Zak,REP,104
Brown,Groton Community Center,Precinct Committeeman,,Brandon Bible,REP,53
Brown,Hecla Community Center,Precinct Committeeman,,Michael Rohl,REP,0
Brown,Hecla Community Center,Precinct Committeeman,,Ken Bjur,REP,0
Brown,Hecla Community Center,Precinct Committeeman,,Michael Evans,REP,0
Brown,Hecla Community Center,Precinct Committeeman,,Kaleb Weis,REP,0
Brown,Hecla Community Center,Precinct Committeeman,,Keith Miller,REP,0
Brown,Hecla Community Center,Precinct Committeeman,,Kevin Gerard Weig,REP,0
Brown,Hecla Community Center,Precinct Committeeman,,Jesse Zak,REP,0
Brown,Hecla Community Center,Precinct Committeeman,,Brandon Bible,REP,0
Brown,Stratford Community Center,Precinct Committeeman,,Michael Rohl,REP,0
Brown,Stratford Community Center,Precinct Committeeman,,Ken Bjur,REP,0
Brown,Stratford Community Center,Precinct Committeeman,,Michael Evans,REP,0
Brown,Stratford Community Center,Precinct Committeeman,,Kaleb Weis,REP,0
Brown,Stratford Community Center,Precinct Committeeman,,Keith Miller,REP,0
Brown,Stratford Community Center,Precinct Committeeman,,Kevin Gerard Weig,REP,0
Brown,Stratford Community Center,Precinct Committeeman,,Jesse Zak,REP,1
Brown,Stratford Community Center,Precinct Committeeman,,Brandon Bible,REP,1
Brown,Warner Community Center,Precinct Committeeman,,Michael Rohl,REP,0
Brown,Warner Community Center,Precinct Committeeman,,Ken Bjur,REP,0
Brown,Warner Community Center,Precinct Committeeman,,Michael Evans,REP,0
Brown,Warner Community Center,Precinct Committeeman,,Kaleb Weis,REP,0
Brown,Warner Community Center,Precinct Committeeman,,Keith Miller,REP,45
Brown,Warner Community Center,Precinct Committeeman,,Kevin Gerard Weig,REP,20
Brown,Warner Community Center,Precinct Committeeman,,Jesse Zak,REP,0
Brown,Warner Community Center,Precinct Committeeman,,Brandon Bible,REP,0
Brown,Westport Town Hall,Precinct Committeeman,,Michael Rohl,REP,0
Brown,Westport Town Hall,Precinct Committeeman,,Ken Bjur,REP,1
Brown,Westport Town Hall,Precinct Committeeman,,Michael Evans,REP,0
Brown,Westport Town Hall,Precinct Committeeman,,Kaleb Weis,REP,0
Brown,Westport Town Hall,Precinct Committeeman,,Keith Miller,REP,0
Brown,Westport Town Hall,Precinct Committeeman,,Kevin Gerard Weig,REP,0
Brown,Westport Town Hall,Precinct Committeeman,,Jesse Zak,REP,0
Brown,Westport Town Hall,Precinct Committeeman,,Brandon Bible,REP,0
Brown,Absentee Precinct,School Board Member Aberdeen School District 6-1,,Gayle Bortnern,,1272
Brown,Absentee Precinct,School Board Member Aberdeen School District 6-1,,Mike Bockorny,,899
Brown,Absentee Precinct,School Board Member Aberdeen School District 6-1,,Duane Alm,,1152
Brown,AmericInn Event Center,School Board Member Aberdeen School District 6-1,,Gayle Bortnern,,636
Brown,AmericInn Event Center,School Board Member Aberdeen School District 6-1,,Mike Bockorny,,484
Brown,AmericInn Event Center,School Board Member Aberdeen School District 6-1,,Duane Alm,,562
Brown,Best Western Ramkota Hotel and Convention Center,School Board Member Aberdeen School District 6-1,,Gayle Bortnern,,579
Brown,Best Western Ramkota Hotel and Convention Center,School Board Member Aberdeen School District 6-1,,Mike Bockorny,,511
Brown,Best Western Ramkota Hotel and Convention Center,School Board Member Aberdeen School District 6-1,,Duane Alm,,541
Brown,Claremont City Hall,School Board Member Aberdeen School District 6-1,,Gayle Bortnern,,0
Brown,Claremont City Hall,School Board Member Aberdeen School District 6-1,,Mike Bockorny,,0
Brown,Claremont City Hall,School Board Member Aberdeen School District 6-1,,Duane Alm,,0
Brown,Columbia Legion,School Board Member Aberdeen School District 6-1,,Gayle Bortnern,,10
Brown,Columbia Legion,School Board Member Aberdeen School District 6-1,,Mike Bockorny,,15
Brown,Columbia Legion,School Board Member Aberdeen School District 6-1,,Duane Alm,,20
Brown,Courthouse Community Room,School Board Member Aberdeen School District 6-1,,Gayle Bortnern,,897
Brown,Courthouse Community Room,School Board Member Aberdeen School District 6-1,,Mike Bockorny,,711
Brown,Courthouse Community Room,School Board Member Aberdeen School District 6-1,,Duane Alm,,791
Brown,Frederick Community Center,School Board Member Aberdeen School District 6-1,,Gayle Bortnern,,1
Brown,Frederick Community Center,School Board Member Aberdeen School District 6-1,,Mike Bockorny,,3
Brown,Frederick Community Center,School Board Member Aberdeen School District 6-1,,Duane Alm,,3
Brown,Groton Community Center,School Board Member Aberdeen School District 6-1,,Gayle Bortnern,,2
Brown,Groton Community Center,School Board Member Aberdeen School District 6-1,,Mike Bockorny,,3
Brown,Groton Community Center,School Board Member Aberdeen School District 6-1,,Duane Alm,,1
Brown,Hecla Community Center,School Board Member Aberdeen School District 6-1,,Gayle Bortnern,,0
Brown,Hecla Community Center,School Board Member Aberdeen School District 6-1,,Mike Bockorny,,0
Brown,Hecla Community Center,School Board Member Aberdeen School District 6-1,,Duane Alm,,0
Brown,Stratford Community Center,School Board Member Aberdeen School District 6-1,,Gayle Bortnern,,12
Brown,Stratford Community Center,School Board Member Aberdeen School District 6-1,,Mike Bockorny,,4
Brown,Stratford Community Center,School Board Member Aberdeen School District 6-1,,Duane Alm,,11
Brown,Warner Community Center,School Board Member Aberdeen School District 6-1,,Gayle Bortnern,,15
Brown,Warner Community Center,School Board Member Aberdeen School District 6-1,,Mike Bockorny,,6
Brown,Warner Community Center,School Board Member Aberdeen School District 6-1,,Duane Alm,,16
Brown,Westport Town Hall,School Board Member Aberdeen School District 6-1,,Gayle Bortnern,,14
Brown,Westport Town Hall,School Board Member Aberdeen School District 6-1,,Mike Bockorny,,8
Brown,Westport Town Hall,School Board Member Aberdeen School District 6-1,,Duane Alm,,20
Brown,Absentee Precinct,City Council Member Aberdeen Ward-NE,,Erin Fouberg,,352
Brown,Absentee Precinct,City Council Member Aberdeen Ward-NE,,Mark Remily,,102
Brown,Absentee Precinct,City Council Member Aberdeen Ward-NE,,Andy Schaunaman,,120
Brown,Americinn Event Center,City Council Member Aberdeen Ward-NE,,Erin Fouberg,,218
Brown,Americinn Event Center,City Council Member Aberdeen Ward-NE,,Mark Remily,,56
Brown,Americinn Event Center,City Council Member Aberdeen Ward-NE,,Andy Schaunaman,,81
Brown,Best Western Ramkota Hotel and Convention Center,City Council Member Aberdeen Ward-NE,,Erin Fouberg,,117
Brown,Best Western Ramkota Hotel and Convention Center,City Council Member Aberdeen Ward-NE,,Mark Remily,,33
Brown,Best Western Ramkota Hotel and Convention Center,City Council Member Aberdeen Ward-NE,,Andy Schaunaman,,46
Brown,Claremont City Hall,City Council Member Aberdeen Ward-NE,,Erin Fouberg,,0
Brown,Claremont City Hall,City Council Member Aberdeen Ward-NE,,Mark Remily,,0
Brown,Claremont City Hall,City Council Member Aberdeen Ward-NE,,Andy Schaunaman,,0
Brown,Columbia Legion,City Council Member Aberdeen Ward-NE,,Erin Fouberg,,0
Brown,Columbia Legion,City Council Member Aberdeen Ward-NE,,Mark Remily,,0
Brown,Columbia Legion,City Council Member Aberdeen Ward-NE,,Andy Schaunaman,,0
Brown,Courthouse Community Room,City Council Member Aberdeen Ward-NE,,Erin Fouberg,,231
Brown,Courthouse Community Room,City Council Member Aberdeen Ward-NE,,Mark Remily,,46
Brown,Courthouse Community Room,City Council Member Aberdeen Ward-NE,,Andy Schaunaman,,117
Brown,Frederick Community Center,City Council Member Aberdeen Ward-NE,,Erin Fouberg,,0
Brown,Frederick Community Center,City Council Member Aberdeen Ward-NE,,Mark Remily,,0
Brown,Frederick Community Center,City Council Member Aberdeen Ward-NE,,Andy Schaunaman,,0
Brown,Groton Community Center,City Council Member Aberdeen Ward-NE,,Erin Fouberg,,0
Brown,Groton Community Center,City Council Member Aberdeen Ward-NE,,Mark Remily,,1
Brown,Groton Community Center,City Council Member Aberdeen Ward-NE,,Andy Schaunaman,,0
Brown,Hecla Community Center,City Council Member Aberdeen Ward-NE,,Erin Fouberg,,0
Brown,Hecla Community Center,City Council Member Aberdeen Ward-NE,,Mark Remily,,0
Brown,Hecla Community Center,City Council Member Aberdeen Ward-NE,,Andy Schaunaman,,0
Brown,Stratford Community Center,City Council Member Aberdeen Ward-NE,,Erin Fouberg,,0
Brown,Stratford Community Center,City Council Member Aberdeen Ward-NE,,Mark Remily,,0
Brown,Stratford Community Center,City Council Member Aberdeen Ward-NE,,Andy Schaunaman,,0
Brown,Warner Community Center,City Council Member Aberdeen Ward-NE,,Erin Fouberg,,1
Brown,Warner Community Center,City Council Member Aberdeen Ward-NE,,Mark Remily,,0
Brown,Warner Community Center,City Council Member Aberdeen Ward-NE,,Andy Schaunaman,,0
Brown,Westport Town Hall,City Council Member Aberdeen Ward-NE,,Erin Fouberg,,0
Brown,Westport Town Hall,City Council Member Aberdeen Ward-NE,,Mark Remily,,0
Brown,Westport Town Hall,City Council Member Aberdeen Ward-NE,,Andy Schaunaman,,0
Brown,Absentee Precinct,Constitutional Amendment C: A Constitutional Amendment Requiring Three-Fifths Vote for Approval of Ballot Measures Imposing Taxes or Fees or Obligating over $10 Million,,Yes,,658
Brown,Absentee Precinct,Constitutional Amendment C: A Constitutional Amendment Requiring Three-Fifths Vote for Approval of Ballot Measures Imposing Taxes or Fees or Obligating over $10 Million,,No,,1703
Brown,AmericInn Event Center,Constitutional Amendment C: A Constitutional Amendment Requiring Three-Fifths Vote for Approval of Ballot Measures Imposing Taxes or Fees or Obligating over $10 Million,,Yes,,356
Brown,AmericInn Event Center,Constitutional Amendment C: A Constitutional Amendment Requiring Three-Fifths Vote for Approval of Ballot Measures Imposing Taxes or Fees or Obligating over $10 Million,,No,,841
Brown,Best Western Ramkota Hotel and Convention Center,Constitutional Amendment C: A Constitutional Amendment Requiring Three-Fifths Vote for Approval of Ballot Measures Imposing Taxes or Fees or Obligating over $10 Million,,Yes,,423
Brown,Best Western Ramkota Hotel and Convention Center,Constitutional Amendment C: A Constitutional Amendment Requiring Three-Fifths Vote for Approval of Ballot Measures Imposing Taxes or Fees or Obligating over $10 Million,,No,,758
Brown,Claremont City Hall,Constitutional Amendment C: A Constitutional Amendment Requiring Three-Fifths Vote for Approval of Ballot Measures Imposing Taxes or Fees or Obligating over $10 Million,,Yes,,30
Brown,Claremont City Hall,Constitutional Amendment C: A Constitutional Amendment Requiring Three-Fifths Vote for Approval of Ballot Measures Imposing Taxes or Fees or Obligating over $10 Million,,No,,48
Brown,Columbia Legion,Constitutional Amendment C: A Constitutional Amendment Requiring Three-Fifths Vote for Approval of Ballot Measures Imposing Taxes or Fees or Obligating over $10 Million,,Yes,,37
Brown,Columbia Legion,Constitutional Amendment C: A Constitutional Amendment Requiring Three-Fifths Vote for Approval of Ballot Measures Imposing Taxes or Fees or Obligating over $10 Million,,No,,79
Brown,Courthouse Community Room,Constitutional Amendment C: A Constitutional Amendment Requiring Three-Fifths Vote for Approval of Ballot Measures Imposing Taxes or Fees or Obligating over $10 Million,,Yes,,555
Brown,Courthouse Community Room,Constitutional Amendment C: A Constitutional Amendment Requiring Three-Fifths Vote for Approval of Ballot Measures Imposing Taxes or Fees or Obligating over $10 Million,,No,,1219
Brown,Frederick Community Center,Constitutional Amendment C: A Constitutional Amendment Requiring Three-Fifths Vote for Approval of Ballot Measures Imposing Taxes or Fees or Obligating over $10 Million,,Yes,,39
Brown,Frederick Community Center,Constitutional Amendment C: A Constitutional Amendment Requiring Three-Fifths Vote for Approval of Ballot Measures Imposing Taxes or Fees or Obligating over $10 Million,,No,,53
Brown,Groton Community Center,Constitutional Amendment C: A Constitutional Amendment Requiring Three-Fifths Vote for Approval of Ballot Measures Imposing Taxes or Fees or Obligating over $10 Million,,Yes,,95
Brown,Groton Community Center,Constitutional Amendment C: A Constitutional Amendment Requiring Three-Fifths Vote for Approval of Ballot Measures Imposing Taxes or Fees or Obligating over $10 Million,,No,,226
Brown,Hecla Community Center,Constitutional Amendment C: A Constitutional Amendment Requiring Three-Fifths Vote for Approval of Ballot Measures Imposing Taxes or Fees or Obligating over $10 Million,,Yes,,22
Brown,Hecla Community Center,Constitutional Amendment C: A Constitutional Amendment Requiring Three-Fifths Vote for Approval of Ballot Measures Imposing Taxes or Fees or Obligating over $10 Million,,No,,42
Brown,Stratford Community Center,Constitutional Amendment C: A Constitutional Amendment Requiring Three-Fifths Vote for Approval of Ballot Measures Imposing Taxes or Fees or Obligating over $10 Million,,Yes,,26
Brown,Stratford Community Center,Constitutional Amendment C: A Constitutional Amendment Requiring Three-Fifths Vote for Approval of Ballot Measures Imposing Taxes or Fees or Obligating over $10 Million,,No,,43
Brown,Warner Community Center,Constitutional Amendment C: A Constitutional Amendment Requiring Three-Fifths Vote for Approval of Ballot Measures Imposing Taxes or Fees or Obligating over $10 Million,,Yes,,83
Brown,Warner Community Center,Constitutional Amendment C: A Constitutional Amendment Requiring Three-Fifths Vote for Approval of Ballot Measures Imposing Taxes or Fees or Obligating over $10 Million,,No,,103
Brown,Westport Town Hall,Constitutional Amendment C: A Constitutional Amendment Requiring Three-Fifths Vote for Approval of Ballot Measures Imposing Taxes or Fees or Obligating over $10 Million,,Yes,,51
Brown,Westport Town Hall,Constitutional Amendment C: A Constitutional Amendment Requiring Three-Fifths Vote for Approval of Ballot Measures Imposing Taxes or Fees or Obligating over $10 Million,,No,,55
Brule,Chamberlain 1,County Commissioner,,Write-In,,0
Brule,Chamberlain 2,County Commissioner,,Write-In,,0
Brule,Chamberlain 3,County Commissioner,,Write-In,,0
Brule,Chamberlain 4,County Commissioner,,Write-In,,0
Brule,Chamberlain 5,County Commissioner,,Write-In,,1
Brule,Oacoma,County Commissioner,,Write-In,,0
Brule,Pukwana,County Commissioner,,Write-In,,0
Brule,Absentee,County Commissioner,,Write-In,,0
Brule,01,Constitutional Amendment C: A Constitutional Amendment Requiring Three-Fifths Vote for Approval of Ballot Measures Imposing Taxes or Fees or Obligating over $10 Million,,Yes,,199
Brule,01,Constitutional Amendment C: A Constitutional Amendment Requiring Three-Fifths Vote for Approval of Ballot Measures Imposing Taxes or Fees or Obligating over $10 Million,,No,,468
Brule,02,Constitutional Amendment C: A Constitutional Amendment Requiring Three-Fifths Vote for Approval of Ballot Measures Imposing Taxes or Fees or Obligating over $10 Million,,Yes,,113
Brule,02,Constitutional Amendment C: A Constitutional Amendment Requiring Three-Fifths Vote for Approval of Ballot Measures Imposing Taxes or Fees or Obligating over $10 Million,,No,,215
Brule,03,Constitutional Amendment C: A Constitutional Amendment Requiring Three-Fifths Vote for Approval of Ballot Measures Imposing Taxes or Fees or Obligating over $10 Million,,Yes,,58
Brule,03,Constitutional Amendment C: A Constitutional Amendment Requiring Three-Fifths Vote for Approval of Ballot Measures Imposing Taxes or Fees or Obligating over $10 Million,,No,,126
Brule,04,Constitutional Amendment C: A Constitutional Amendment Requiring Three-Fifths Vote for Approval of Ballot Measures Imposing Taxes or Fees or Obligating over $10 Million,,Yes,,46
Brule,04,Constitutional Amendment C: A Constitutional Amendment Requiring Three-Fifths Vote for Approval of Ballot Measures Imposing Taxes or Fees or Obligating over $10 Million,,No,,45
Buffalo,1,U.S. Senate,,John R. Thune,REP,32
Buffalo,1,U.S. Senate,,Bruce Whalen,REP,4
Buffalo,1,U.S. Senate,,Mark Mowry,REP,3
Buffalo,2,U.S. Senate,,John R. Thune,REP,7
Buffalo,2,U.S. Senate,,Bruce Whalen,REP,3
Buffalo,2,U.S. Senate,,Mark Mowry,REP,1
Buffalo,3,U.S. Senate,,John R. Thune,REP,10
Buffalo,3,U.S. Senate,,Bruce Whalen,REP,7
Buffalo,3,U.S. Senate,,Mark Mowry,REP,0
Buffalo,1,U.S. House,1,Dusty Johnson,REP,29
Buffalo,1,U.S. House,1,Taffy Howard,REP,11
Buffalo,2,U.S. House,1,Dusty Johnson,REP,7
Buffalo,2,U.S. House,1,Taffy Howard,REP,4
Buffalo,3,U.S. House,1,Dusty Johnson,REP,9
Buffalo,3,U.S. House,1,Taffy Howard,REP,8
Buffalo,1,Governor,,Steven Haugaard,REP,2
Buffalo,1,Governor,,Kristi Noem,REP,37
Buffalo,2,Governor,,Steven Haugaard,REP,4
Buffalo,2,Governor,,Kristi Noem,REP,6
Buffalo,3,Governor,,Steven Haugaard,REP,1
Buffalo,3,Governor,,Kristi Noem,REP,16
Buffalo,1,Constitutional Amendment C: A Constitutional Amendment Requiring Three-Fifths Vote for Approval of Ballot Measures Imposing Taxes or Fees or Obligating over $10 Million,,Yes,,26
Buffalo,1,Constitutional Amendment C: A Constitutional Amendment Requiring Three-Fifths Vote for Approval of Ballot Measures Imposing Taxes or Fees or Obligating over $10 Million,,No,,36
Buffalo,2,Constitutional Amendment C: A Constitutional Amendment Requiring Three-Fifths Vote for Approval of Ballot Measures Imposing Taxes or Fees or Obligating over $10 Million,,Yes,,3
Buffalo,2,Constitutional Amendment C: A Constitutional Amendment Requiring Three-Fifths Vote for Approval of Ballot Measures Imposing Taxes or Fees or Obligating over $10 Million,,No,,18
Buffalo,3,Constitutional Amendment C: A Constitutional Amendment Requiring Three-Fifths Vote for Approval of Ballot Measures Imposing Taxes or Fees or Obligating over $10 Million,,Yes,,26
Buffalo,3,Constitutional Amendment C: A Constitutional Amendment Requiring Three-Fifths Vote for Approval of Ballot Measures Imposing Taxes or Fees or Obligating over $10 Million,,No,,61
Campbell,1,U.S. Senate,,John R. Thune,REP,65
Campbell,1,U.S. Senate,,Bruce Whalen,REP,11
Campbell,1,U.S. Senate,,Mark Mowry,REP,2
Campbell,2,U.S. Senate,,John R. Thune,REP,65
Campbell,2,U.S. Senate,,Bruce Whalen,REP,16
Campbell,2,U.S. Senate,,Mark Mowry,REP,2
Campbell,3,U.S. Senate,,John R. Thune,REP,50
Campbell,3,U.S. Senate,,Bruce Whalen,REP,19
Campbell,3,U.S. Senate,,Mark Mowry,REP,5
Campbell,4,U.S. Senate,,John R. Thune,REP,67
Campbell,4,U.S. Senate,,Bruce Whalen,REP,18
Campbell,4,U.S. Senate,,Mark Mowry,REP,4
Campbell,5,U.S. Senate,,John R. Thune,REP,64
Campbell,5,U.S. Senate,,Bruce Whalen,REP,20
Campbell,5,U.S. Senate,,Mark Mowry,REP,10
Campbell,1,U.S. House,1,Dusty Johnson,REP,41
Campbell,1,U.S. House,1,Taffy Howard,REP,39
Campbell,2,U.S. House,1,Dusty Johnson,REP,47
Campbell,2,U.S. House,1,Taffy Howard,REP,34
Campbell,3,U.S. House,1,Dusty Johnson,REP,41
Campbell,3,U.S. House,1,Taffy Howard,REP,33
Campbell,4,U.S. House,1,Dusty Johnson,REP,40
Campbell,4,U.S. House,1,Taffy Howard,REP,49
Campbell,5,U.S. House,1,Dusty Johnson,REP,37
Campbell,5,U.S. House,1,Taffy Howard,REP,63
Campbell,1,Governor,,Steven Haugaard,REP,21
Campbell,1,Governor,,Kristi Noem,REP,61
Campbell,2,Governor,,Steven Haugaard,REP,18
Campbell,2,Governor,,Kristi Noem,REP,67
Campbell,3,Governor,,Steven Haugaard,REP,10
Campbell,3,Governor,,Kristi Noem,REP,66
Campbell,4,Governor,,Steven Haugaard,REP,22
Campbell,4,Governor,,Kristi Noem,REP,67
Campbell,5,Governor,,Steven Haugaard,REP,21
Campbell,5,Governor,,Kristi Noem,REP,84
Campbell,1,State Senate,23,Bryan J. Breitling,REP,25
Campbell,1,State Senate,23,Spencer Gosch,REP,54
Campbell,2,State Senate,23,Bryan J. Breitling,REP,31
Campbell,2,State Senate,23,Spencer Gosch,REP,54
Campbell,3,State Senate,23,Bryan J. Breitling,REP,19
Campbell,3,State Senate,23,Spencer Gosch,REP,55
Campbell,4,State Senate,23,Bryan J. Breitling,REP,34
Campbell,4,State Senate,23,Spencer Gosch,REP,57
Campbell,5,State Senate,23,Bryan J. Breitling,REP,40
Campbell,5,State Senate,23,Spencer Gosch,REP,63
Campbell,1,State House,23,Scott Moore,REP,46
Campbell,1,State House,23,Brandon Black,REP,7
Campbell,1,State House,23,Gregory Brooks,REP,19
Campbell,1,State House,23,James D. Wangsness,REP,30
Campbell,2,State House,23,Scott Moore,REP,45
Campbell,2,State House,23,Brandon Black,REP,9
Campbell,2,State House,23,Gregory Brooks,REP,22
Campbell,2,State House,23,James D. Wangsness,REP,51
Campbell,3,State House,23,Scott Moore,REP,44
Campbell,3,State House,23,Brandon Black,REP,5
Campbell,3,State House,23,Gregory Brooks,REP,16
Campbell,3,State House,23,James D. Wangsness,REP,31
Campbell,4,State House,23,Scott Moore,REP,55
Campbell,4,State House,23,Brandon Black,REP,6
Campbell,4,State House,23,Gregory Brooks,REP,18
Campbell,4,State House,23,James D. Wangsness,REP,53
Campbell,5,State House,23,Scott Moore,REP,57
Campbell,5,State House,23,Brandon Black,REP,4
Campbell,5,State House,23,Gregory Brooks,REP,24
Campbell,5,State House,23,James D. Wangsness,REP,58
Campbell,1,Constitutional Amendment C: A Constitutional Amendment Requiring Three-Fifths Vote for Approval of Ballot Measures Imposing Taxes or Fees or Obligating over $10 Million,,Yes,,32
Campbell,1,Constitutional Amendment C: A Constitutional Amendment Requiring Three-Fifths Vote for Approval of Ballot Measures Imposing Taxes or Fees or Obligating over $10 Million,,No,,54
Campbell,2,Constitutional Amendment C: A Constitutional Amendment Requiring Three-Fifths Vote for Approval of Ballot Measures Imposing Taxes or Fees or Obligating over $10 Million,,Yes,,32
Campbell,2,Constitutional Amendment C: A Constitutional Amendment Requiring Three-Fifths Vote for Approval of Ballot Measures Imposing Taxes or Fees or Obligating over $10 Million,,No,,67
Campbell,3,Constitutional Amendment C: A Constitutional Amendment Requiring Three-Fifths Vote for Approval of Ballot Measures Imposing Taxes or Fees or Obligating over $10 Million,,Yes,,30
Campbell,3,Constitutional Amendment C: A Constitutional Amendment Requiring Three-Fifths Vote for Approval of Ballot Measures Imposing Taxes or Fees or Obligating over $10 Million,,No,,51
Campbell,4,Constitutional Amendment C: A Constitutional Amendment Requiring Three-Fifths Vote for Approval of Ballot Measures Imposing Taxes or Fees or Obligating over $10 Million,,Yes,,31
Campbell,4,Constitutional Amendment C: A Constitutional Amendment Requiring Three-Fifths Vote for Approval of Ballot Measures Imposing Taxes or Fees or Obligating over $10 Million,,No,,65
Campbell,5,Constitutional Amendment C: A Constitutional Amendment Requiring Three-Fifths Vote for Approval of Ballot Measures Imposing Taxes or Fees or Obligating over $10 Million,,Yes,,51
Campbell,5,Constitutional Amendment C: A Constitutional Amendment Requiring Three-Fifths Vote for Approval of Ballot Measures Imposing Taxes or Fees or Obligating over $10 Million,,No,,61
Charles Mix,01,U.S. Senate,,John R. Thune,REP,74
Charles Mix,01,U.S. Senate,,Bruce Whalen,REP,49
Charles Mix,01,U.S. Senate,,Mark Mowry,REP,13
Charles Mix,02,U.S. Senate,,John R. Thune,REP,27
Charles Mix,02,U.S. Senate,,Bruce Whalen,REP,14
Charles Mix,02,U.S. Senate,,Mark Mowry,REP,6
Charles Mix,03,U.S. Senate,,John R. Thune,REP,64
Charles Mix,03,U.S. Senate,,Bruce Whalen,REP,8
Charles Mix,03,U.S. Senate,,Mark Mowry,REP,4
Charles Mix,04,U.S. Senate,,John R. Thune,REP,22
Charles Mix,04,U.S. Senate,,Bruce Whalen,REP,6
Charles Mix,04,U.S. Senate,,Mark Mowry,REP,0
Charles Mix,05,U.S. Senate,,John R. Thune,REP,51
Charles Mix,05,U.S. Senate,,Bruce Whalen,REP,11
Charles Mix,05,U.S. Senate,,Mark Mowry,REP,1
Charles Mix,06,U.S. Senate,,John R. Thune,REP,27
Charles Mix,06,U.S. Senate,,Bruce Whalen,REP,7
Charles Mix,06,U.S. Senate,,Mark Mowry,REP,0
Charles Mix,07,U.S. Senate,,John R. Thune,REP,42
Charles Mix,07,U.S. Senate,,Bruce Whalen,REP,8
Charles Mix,07,U.S. Senate,,Mark Mowry,REP,2
Charles Mix,08,U.S. Senate,,John R. Thune,REP,37
Charles Mix,08,U.S. Senate,,Bruce Whalen,REP,16
Charles Mix,08,U.S. Senate,,Mark Mowry,REP,6
Charles Mix,09,U.S. Senate,,John R. Thune,REP,116
Charles Mix,09,U.S. Senate,,Bruce Whalen,REP,42
Charles Mix,09,U.S. Senate,,Mark Mowry,REP,11
Charles Mix,10,U.S. Senate,,John R. Thune,REP,19
Charles Mix,10,U.S. Senate,,Bruce Whalen,REP,29
Charles Mix,10,U.S. Senate,,Mark Mowry,REP,0
Charles Mix,11,U.S. Senate,,John R. Thune,REP,189
Charles Mix,11,U.S. Senate,,Bruce Whalen,REP,75
Charles Mix,11,U.S. Senate,,Mark Mowry,REP,14
Charles Mix,12,U.S. Senate,,John R. Thune,REP,20
Charles Mix,12,U.S. Senate,,Bruce Whalen,REP,3
Charles Mix,12,U.S. Senate,,Mark Mowry,REP,0
Charles Mix,13,U.S. Senate,,John R. Thune,REP,10
Charles Mix,13,U.S. Senate,,Bruce Whalen,REP,2
Charles Mix,13,U.S. Senate,,Mark Mowry,REP,2
Charles Mix,01,U.S. House,1,Dusty Johnson,REP,57
Charles Mix,01,U.S. House,1,Taffy Howard,REP,81
Charles Mix,02,U.S. House,1,Dusty Johnson,REP,18
Charles Mix,02,U.S. House,1,Taffy Howard,REP,29
Charles Mix,03,U.S. House,1,Dusty Johnson,REP,55
Charles Mix,03,U.S. House,1,Taffy Howard,REP,23
Charles Mix,04,U.S. House,1,Dusty Johnson,REP,18
Charles Mix,04,U.S. House,1,Taffy Howard,REP,9
Charles Mix,05,U.S. House,1,Dusty Johnson,REP,38
Charles Mix,05,U.S. House,1,Taffy Howard,REP,24
Charles Mix,06,U.S. House,1,Dusty Johnson,REP,20
Charles Mix,06,U.S. House,1,Taffy Howard,REP,15
Charles Mix,07,U.S. House,1,Dusty Johnson,REP,32
Charles Mix,07,U.S. House,1,Taffy Howard,REP,19
Charles Mix,08,U.S. House,1,Dusty Johnson,REP,35
Charles Mix,08,U.S. House,1,Taffy Howard,REP,24
Charles Mix,09,U.S. House,1,Dusty Johnson,REP,88
Charles Mix,09,U.S. House,1,Taffy Howard,REP,82
Charles Mix,10,U.S. House,1,Dusty Johnson,REP,12
Charles Mix,10,U.S. House,1,Taffy Howard,REP,36
Charles Mix,11,U.S. House,1,Dusty Johnson,REP,163
Charles Mix,11,U.S. House,1,Taffy Howard,REP,114
Charles Mix,12,U.S. House,1,Dusty Johnson,REP,12
Charles Mix,12,U.S. House,1,Taffy Howard,REP,11
Charles Mix,13,U.S. House,1,Dusty Johnson,REP,8
Charles Mix,13,U.S. House,1,Taffy Howard,REP,6
Charles Mix,01,Governor,,Steven Haugaard,REP,21
Charles Mix,01,Governor,,Kristi Noem,REP,115
Charles Mix,02,Governor,,Steven Haugaard,REP,3
Charles Mix,02,Governor,,Kristi Noem,REP,44
Charles Mix,03,Governor,,Steven Haugaard,REP,17
Charles Mix,03,Governor,,Kristi Noem,REP,60
Charles Mix,04,Governor,,Steven Haugaard,REP,5
Charles Mix,04,Governor,,Kristi Noem,REP,23
Charles Mix,05,Governor,,Steven Haugaard,REP,15
Charles Mix,05,Governor,,Kristi Noem,REP,48
Charles Mix,06,Governor,,Steven Haugaard,REP,12
Charles Mix,06,Governor,,Kristi Noem,REP,23
Charles Mix,07,Governor,,Steven Haugaard,REP,8
Charles Mix,07,Governor,,Kristi Noem,REP,44
Charles Mix,08,Governor,,Steven Haugaard,REP,10
Charles Mix,08,Governor,,Kristi Noem,REP,50
Charles Mix,09,Governor,,Steven Haugaard,REP,27
Charles Mix,09,Governor,,Kristi Noem,REP,141
Charles Mix,10,Governor,,Steven Haugaard,REP,14
Charles Mix,10,Governor,,Kristi Noem,REP,34
Charles Mix,11,Governor,,Steven Haugaard,REP,36
Charles Mix,11,Governor,,Kristi Noem,REP,241
Charles Mix,12,Governor,,Steven Haugaard,REP,4
Charles Mix,12,Governor,,Kristi Noem,REP,19
Charles Mix,13,Governor,,Steven Haugaard,REP,0
Charles Mix,13,Governor,,Kristi Noem,REP,14
Charles Mix,08,Precinct Committeeman Precinct-08,,Mark Sip,REP,31
Charles Mix,08,Precinct Committeeman Precinct-08,,David M Scott,REP,23
Charles Mix,01,Constitutional Amendment C: A Constitutional Amendment Requiring Three-Fifths Vote for Approval of Ballot Measures Imposing Taxes or Fees or Obligating over $10 Million,,Yes,,65
Charles Mix,01,Constitutional Amendment C: A Constitutional Amendment Requiring Three-Fifths Vote for Approval of Ballot Measures Imposing Taxes or Fees or Obligating over $10 Million,,No,,136
Charles Mix,02,Constitutional Amendment C: A Constitutional Amendment Requiring Three-Fifths Vote for Approval of Ballot Measures Imposing Taxes or Fees or Obligating over $10 Million,,Yes,,26
Charles Mix,02,Constitutional Amendment C: A Constitutional Amendment Requiring Three-Fifths Vote for Approval of Ballot Measures Imposing Taxes or Fees or Obligating over $10 Million,,No,,50
Charles Mix,03,Constitutional Amendment C: A Constitutional Amendment Requiring Three-Fifths Vote for Approval of Ballot Measures Imposing Taxes or Fees or Obligating over $10 Million,,Yes,,30
Charles Mix,03,Constitutional Amendment C: A Constitutional Amendment Requiring Three-Fifths Vote for Approval of Ballot Measures Imposing Taxes or Fees or Obligating over $10 Million,,No,,121
Charles Mix,04,Constitutional Amendment C: A Constitutional Amendment Requiring Three-Fifths Vote for Approval of Ballot Measures Imposing Taxes or Fees or Obligating over $10 Million,,Yes,,8
Charles Mix,04,Constitutional Amendment C: A Constitutional Amendment Requiring Three-Fifths Vote for Approval of Ballot Measures Imposing Taxes or Fees or Obligating over $10 Million,,No,,46
Charles Mix,05,Constitutional Amendment C: A Constitutional Amendment Requiring Three-Fifths Vote for Approval of Ballot Measures Imposing Taxes or Fees or Obligating over $10 Million,,Yes,,47
Charles Mix,05,Constitutional Amendment C: A Constitutional Amendment Requiring Three-Fifths Vote for Approval of Ballot Measures Imposing Taxes or Fees or Obligating over $10 Million,,No,,62
Charles Mix,06,Constitutional Amendment C: A Constitutional Amendment Requiring Three-Fifths Vote for Approval of Ballot Measures Imposing Taxes or Fees or Obligating over $10 Million,,Yes,,12
Charles Mix,06,Constitutional Amendment C: A Constitutional Amendment Requiring Three-Fifths Vote for Approval of Ballot Measures Imposing Taxes or Fees or Obligating over $10 Million,,No,,67
Charles Mix,07,Constitutional Amendment C: A Constitutional Amendment Requiring Three-Fifths Vote for Approval of Ballot Measures Imposing Taxes or Fees or Obligating over $10 Million,,Yes,,16
Charles Mix,07,Constitutional Amendment C: A Constitutional Amendment Requiring Three-Fifths Vote for Approval of Ballot Measures Imposing Taxes or Fees or Obligating over $10 Million,,No,,63
Charles Mix,08,Constitutional Amendment C: A Constitutional Amendment Requiring Three-Fifths Vote for Approval of Ballot Measures Imposing Taxes or Fees or Obligating over $10 Million,,Yes,,60
Charles Mix,08,Constitutional Amendment C: A Constitutional Amendment Requiring Three-Fifths Vote for Approval of Ballot Measures Imposing Taxes or Fees or Obligating over $10 Million,,No,,31
Charles Mix,09,Constitutional Amendment C: A Constitutional Amendment Requiring Three-Fifths Vote for Approval of Ballot Measures Imposing Taxes or Fees or Obligating over $10 Million,,Yes,,126
Charles Mix,09,Constitutional Amendment C: A Constitutional Amendment Requiring Three-Fifths Vote for Approval of Ballot Measures Imposing Taxes or Fees or Obligating over $10 Million,,No,,69
Charles Mix,10,Constitutional Amendment C: A Constitutional Amendment Requiring Three-Fifths Vote for Approval of Ballot Measures Imposing Taxes or Fees or Obligating over $10 Million,,Yes,,41
Charles Mix,10,Constitutional Amendment C: A Constitutional Amendment Requiring Three-Fifths Vote for Approval of Ballot Measures Imposing Taxes or Fees or Obligating over $10 Million,,No,,14
Charles Mix,11,Constitutional Amendment C: A Constitutional Amendment Requiring Three-Fifths Vote for Approval of Ballot Measures Imposing Taxes or Fees or Obligating over $10 Million,,Yes,,200
Charles Mix,11,Constitutional Amendment C: A Constitutional Amendment Requiring Three-Fifths Vote for Approval of Ballot Measures Imposing Taxes or Fees or Obligating over $10 Million,,No,,143
Charles Mix,12,Constitutional Amendment C: A Constitutional Amendment Requiring Three-Fifths Vote for Approval of Ballot Measures Imposing Taxes or Fees or Obligating over $10 Million,,Yes,,26
Charles Mix,12,Constitutional Amendment C: A Constitutional Amendment Requiring Three-Fifths Vote for Approval of Ballot Measures Imposing Taxes or Fees or Obligating over $10 Million,,No,,18
Charles Mix,13,Constitutional Amendment C: A Constitutional Amendment Requiring Three-Fifths Vote for Approval of Ballot Measures Imposing Taxes or Fees or Obligating over $10 Million,,Yes,,8
Charles Mix,13,Constitutional Amendment C: A Constitutional Amendment Requiring Three-Fifths Vote for Approval of Ballot Measures Imposing Taxes or Fees or Obligating over $10 Million,,No,,17
Clark,9,U.S. Senate,,John R. Thune,REP,26
Clark,9,U.S. Senate,,Bruce Whalen,REP,11
Clark,9,U.S. Senate,,Mark Mowry,REP,2
Clark,01,U.S. Senate,,John R. Thune,REP,37
Clark,01,U.S. Senate,,Bruce Whalen,REP,12
Clark,01,U.S. Senate,,Mark Mowry,REP,3
Clark,02,U.S. Senate,,John R. Thune,REP,15
Clark,02,U.S. Senate,,Bruce Whalen,REP,12
Clark,02,U.S. Senate,,Mark Mowry,REP,2
Clark,03,U.S. Senate,,John R. Thune,REP,34
Clark,03,U.S. Senate,,Bruce Whalen,REP,5
Clark,03,U.S. Senate,,Mark Mowry,REP,1
Clark,04,U.S. Senate,,John R. Thune,REP,25
Clark,04,U.S. Senate,,Bruce Whalen,REP,7
Clark,04,U.S. Senate,,Mark Mowry,REP,5
Clark,06,U.S. Senate,,John R. Thune,REP,58
Clark,06,U.S. Senate,,Bruce Whalen,REP,8
Clark,06,U.S. Senate,,Mark Mowry,REP,5
Clark,07,U.S. Senate,,John R. Thune,REP,51
Clark,07,U.S. Senate,,Bruce Whalen,REP,15
Clark,07,U.S. Senate,,Mark Mowry,REP,3
Clark,08,U.S. Senate,,John R. Thune,REP,47
Clark,08,U.S. Senate,,Bruce Whalen,REP,5
Clark,08,U.S. Senate,,Mark Mowry,REP,4
Clark,10,U.S. Senate,,John R. Thune,REP,25
Clark,10,U.S. Senate,,Bruce Whalen,REP,8
Clark,10,U.S. Senate,,Mark Mowry,REP,0
Clark,11,U.S. Senate,,John R. Thune,REP,30
Clark,11,U.S. Senate,,Bruce Whalen,REP,7
Clark,11,U.S. Senate,,Mark Mowry,REP,3
Clark,12,U.S. Senate,,John R. Thune,REP,33
Clark,12,U.S. Senate,,Bruce Whalen,REP,25
Clark,12,U.S. Senate,,Mark Mowry,REP,2
Clark,13,U.S. Senate,,John R. Thune,REP,45
Clark,13,U.S. Senate,,Bruce Whalen,REP,24
Clark,13,U.S. Senate,,Mark Mowry,REP,3
Clay,01,U.S. Senate,,John R. Thune,REP,81
Clay,01,U.S. Senate,,Bruce Whalen,REP,37
Clay,01,U.S. Senate,,Mark Mowry,REP,10
Clay,02,U.S. Senate,,John R. Thune,REP,55
Clay,02,U.S. Senate,,Bruce Whalen,REP,18
Clay,02,U.S. Senate,,Mark Mowry,REP,11
Clay,03,U.S. Senate,,John R. Thune,REP,174
Clay,03,U.S. Senate,,Bruce Whalen,REP,43
Clay,03,U.S. Senate,,Mark Mowry,REP,16
Clay,C1 (Precinct-C2),U.S. Senate,,John R. Thune,REP,49
Clay,C1 (Precinct-C2),U.S. Senate,,Bruce Whalen,REP,6
Clay,C1 (Precinct-C2),U.S. Senate,,Mark Mowry,REP,5
Clay,E1 (Precinct-E2),U.S. Senate,,John R. Thune,REP,60
Clay,E1 (Precinct-E2),U.S. Senate,,Bruce Whalen,REP,19
Clay,E1 (Precinct-E2),U.S. Senate,,Mark Mowry,REP,5
Clay,S1,U.S. Senate,,John R. Thune,REP,186
Clay,S1,U.S. Senate,,Bruce Whalen,REP,20
Clay,S1,U.S. Senate,,Mark Mowry,REP,3
Clay,S2,U.S. Senate,,John R. Thune,REP,84
Clay,S2,U.S. Senate,,Bruce Whalen,REP,20
Clay,S2,U.S. Senate,,Mark Mowry,REP,6
Clay,W1 (Precinct-W2),U.S. Senate,,John R. Thune,REP,171
Clay,W1 (Precinct-W2),U.S. Senate,,Bruce Whalen,REP,31
Clay,W1 (Precinct-W2),U.S. Senate,,Mark Mowry,REP,7
Codington,"DEXTER (FULLER, FLORENCE)",U.S. Senate,,John R. Thune,REP,64
Codington,"DEXTER (FULLER, FLORENCE)",U.S. Senate,,Bruce Whalen,REP,23
Codington,"DEXTER (FULLER, FLORENCE)",U.S. Senate,,Mark Mowry,REP,4
Codington,"EDEN, PHIPPS, WALLACE",U.S. Senate,,John R. Thune,REP,25
Codington,"EDEN, PHIPPS, WALLACE",U.S. Senate,,Bruce Whalen,REP,6
Codington,"EDEN, PHIPPS, WALLACE",U.S. Senate,,Mark Mowry,REP,2
Codington,ELMIRA,U.S. Senate,,John R. Thune,REP,46
Codington,ELMIRA,U.S. Senate,,Bruce Whalen,REP,15
Codington,ELMIRA,U.S. Senate,,Mark Mowry,REP,6
Codington,GERMANTOWN (BALIVILLE),U.S. Senate,,John R. Thune,REP,40
Codington,GERMANTOWN (BALIVILLE),U.S. Senate,,Bruce Whalen,REP,7
Codington,GERMANTOWN (BALIVILLE),U.S. Senate,,Mark Mowry,REP,3
Codington,"GRACELAND, HENRY, HENRY",U.S. Senate,,John R. Thune,REP,68
Codington,"GRACELAND, HENRY, HENRY",U.S. Senate,,Bruce Whalen,REP,20
Codington,"GRACELAND, HENRY, HENRY",U.S. Senate,,Mark Mowry,REP,4
Codington,KAMPESKA (RICHLAND),U.S. Senate,,John R. Thune,REP,44
Codington,KAMPESKA (RICHLAND),U.S. Senate,,Bruce Whalen,REP,23
Codington,KAMPESKA (RICHLAND),U.S. Senate,,Mark Mowry,REP,8
Codington,"KRANZBURG, KRANZBURG",U.S. Senate,,John R. Thune,REP,48
Codington,"KRANZBURG, KRANZBURG",U.S. Senate,,Bruce Whalen,REP,18
Codington,"KRANZBURG, KRANZBURG",U.S. Senate,,Mark Mowry,REP,5
Codington,"LEOLA, SOUTH SHORE",U.S. Senate,,John R. Thune,REP,39
Codington,"LEOLA, SOUTH SHORE",U.S. Senate,,Bruce Whalen,REP,7
Codington,"LEOLA, SOUTH SHORE",U.S. Senate,,Mark Mowry,REP,3
Codington,"A1 (Precinct-A2, Precinct-A3, Precinct-A4, Precinct-D1)",U.S. Senate,,John R. Thune,REP,691
Codington,"A1 (Precinct-A2, Precinct-A3, Precinct-A4, Precinct-D1)",U.S. Senate,,Bruce Whalen,REP,131
Codington,"A1 (Precinct-A2, Precinct-A3, Precinct-A4, Precinct-D1)",U.S. Senate,,Mark Mowry,REP,35
Codington,"B1 (Precinct-B2, Precinct-B3, Precinct-B4, Precinct-C1, Precinct-E5)",U.S. Senate,,John R. Thune,REP,534
Codington,"B1 (Precinct-B2, Precinct-B3, Precinct-B4, Precinct-C1, Precinct-E5)",U.S. Senate,,Bruce Whalen,REP,126
Codington,"B1 (Precinct-B2, Precinct-B3, Precinct-B4, Precinct-C1, Precinct-E5)",U.S. Senate,,Mark Mowry,REP,36
Codington,"C2 (Precinct-D2, Precinct-D3, Precinct-D4)",U.S. Senate,,John R. Thune,REP,228
Codington,"C2 (Precinct-D2, Precinct-D3, Precinct-D4)",U.S. Senate,,Bruce Whalen,REP,65
Codington,"C2 (Precinct-D2, Precinct-D3, Precinct-D4)",U.S. Senate,,Mark Mowry,REP,17
Codington,"C3 (PELICAN, Precinct-C4)",U.S. Senate,,John R. Thune,REP,229
Codington,"C3 (PELICAN, Precinct-C4)",U.S. Senate,,Bruce Whalen,REP,63
Codington,"C3 (PELICAN, Precinct-C4)",U.S. Senate,,Mark Mowry,REP,19
Codington,"E1 (LAKE, Precinct-E2, Precinct-E3, Precinct-E4)",U.S. Senate,,John R. Thune,REP,603
Codington,"E1 (LAKE, Precinct-E2, Precinct-E3, Precinct-E4)",U.S. Senate,,Bruce Whalen,REP,151
Codington,"E1 (LAKE, Precinct-E2, Precinct-E3, Precinct-E4)",U.S. Senate,,Mark Mowry,REP,44
Codington,SHERIDAN,U.S. Senate,,John R. Thune,REP,67
Codington,SHERIDAN,U.S. Senate,,Bruce Whalen,REP,17
Codington,SHERIDAN,U.S. Senate,,Mark Mowry,REP,2
Codington,WAVERLY,U.S. Senate,,John R. Thune,REP,20
Codington,WAVERLY,U.S. Senate,,Bruce Whalen,REP,7
Codington,WAVERLY,U.S. Senate,,Mark Mowry,REP,4
Corson,Bullhead Precinct,U.S. Senate,,John R. Thune,REP,0
Corson,Bullhead Precinct,U.S. Senate,,Bruce Whalen,REP,1
Corson,Bullhead Precinct,U.S. Senate,,Mark Mowry,REP,0
Corson,Kenel Precinct,U.S. Senate,,John R. Thune,REP,0
Corson,Kenel Precinct,U.S. Senate,,Bruce Whalen,REP,1
Corson,Kenel Precinct,U.S. Senate,,Mark Mowry,REP,1
Corson,Lincoln Precinct,U.S. Senate,,John R. Thune,REP,30
Corson,Lincoln Precinct,U.S. Senate,,Bruce Whalen,REP,2
Corson,Lincoln Precinct,U.S. Senate,,Mark Mowry,REP,3
Corson,Little Eagle Precinct,U.S. Senate,,John R. Thune,REP,1
Corson,Little Eagle Precinct,U.S. Senate,,Bruce Whalen,REP,3
Corson,Little Eagle Precinct,U.S. Senate,,Mark Mowry,REP,3
Corson,McIntosh Precinct,U.S. Senate,,John R. Thune,REP,73
Corson,McIntosh Precinct,U.S. Senate,,Bruce Whalen,REP,19
Corson,McIntosh Precinct,U.S. Senate,,Mark Mowry,REP,10
Corson,McLaughlin Precinct,U.S. Senate,,John R. Thune,REP,19
Corson,McLaughlin Precinct,U.S. Senate,,Bruce Whalen,REP,5
Corson,McLaughlin Precinct,U.S. Senate,,Mark Mowry,REP,3
Corson,Morristown Precinct,U.S. Senate,,John R. Thune,REP,27
Corson,Morristown Precinct,U.S. Senate,,Bruce Whalen,REP,27
Corson,Morristown Precinct,U.S. Senate,,Mark Mowry,REP,15
Corson,Ridgeland Precinct,U.S. Senate,,John R. Thune,REP,9
Corson,Ridgeland Precinct,U.S. Senate,,Bruce Whalen,REP,18
Corson,Ridgeland Precinct,U.S. Senate,,Mark Mowry,REP,1
Corson,Wakpala Precinct,U.S. Senate,,John R. Thune,REP,2
Corson,Wakpala Precinct,U.S. Senate,,Bruce Whalen,REP,1
Corson,Wakpala Precinct,U.S. Senate,,Mark Mowry,REP,2
Corson,Bullhead Precinct,U.S. House,1,Dusty Johnson,REP,0
Corson,Bullhead Precinct,U.S. House,1,Taffy Howard,REP,1
Corson,Kenel Precinct,U.S. House,1,Dusty Johnson,REP,2
Corson,Kenel Precinct,U.S. House,1,Taffy Howard,REP,0
Corson,Lincoln Precinct,U.S. House,1,Dusty Johnson,REP,24
Corson,Lincoln Precinct,U.S. House,1,Taffy Howard,REP,11
Corson,Little Eagle Precinct,U.S. House,1,Dusty Johnson,REP,2
Corson,Little Eagle Precinct,U.S. House,1,Taffy Howard,REP,5
Corson,McIntosh Precinct,U.S. House,1,Dusty Johnson,REP,50
Corson,McIntosh Precinct,U.S. House,1,Taffy Howard,REP,51
Corson,McLaughlin Precinct,U.S. House,1,Dusty Johnson,REP,13
Corson,McLaughlin Precinct,U.S. House,1,Taffy Howard,REP,15
Corson,Morristown Precinct,U.S. House,1,Dusty Johnson,REP,20
Corson,Morristown Precinct,U.S. House,1,Taffy Howard,REP,48
Corson,Ridgeland Precinct,U.S. House,1,Dusty Johnson,REP,7
Corson,Ridgeland Precinct,U.S. House,1,Taffy Howard,REP,21
Corson,Wakpala Precinct,U.S. House,1,Dusty Johnson,REP,4
Corson,Wakpala Precinct,U.S. House,1,Taffy Howard,REP,1
Corson,Bullhead Precinct,Governor,,Steven Haugaard,REP,0
Corson,Bullhead Precinct,Governor,,Kristi Noem,REP,1
Corson,Kenel Precinct,Governor,,Steven Haugaard,REP,1
Corson,Kenel Precinct,Governor,,Kristi Noem,REP,1
Corson,Lincoln Precinct,Governor,,Steven Haugaard,REP,5
Corson,Lincoln Precinct,Governor,,Kristi Noem,REP,30
Corson,Little Eagle Precinct,Governor,,Steven Haugaard,REP,0
Corson,Little Eagle Precinct,Governor,,Kristi Noem,REP,7
Corson,McIntosh Precinct,Governor,,Steven Haugaard,REP,9
Corson,McIntosh Precinct,Governor,,Kristi Noem,REP,95
Corson,McLaughlin Precinct,Governor,,Steven Haugaard,REP,2
Corson,McLaughlin Precinct,Governor,,Kristi Noem,REP,26
Corson,Morristown Precinct,Governor,,Steven Haugaard,REP,9
Corson,Morristown Precinct,Governor,,Kristi Noem,REP,57
Corson,Ridgeland Precinct,Governor,,Steven Haugaard,REP,5
Corson,Ridgeland Precinct,Governor,,Kristi Noem,REP,24
Corson,Wakpala Precinct,Governor,,Steven Haugaard,REP,2
Corson,Wakpala Precinct,Governor,,Kristi Noem,REP,3
Corson,Bullhead Precinct,Constitutional Amendment C: A Constitutional Amendment Requiring Three-Fifths Vote for Approval of Ballot Measures Imposing Taxes or Fees or Obligating over $10 Million,,Yes,,6
Corson,Bullhead Precinct,Constitutional Amendment C: A Constitutional Amendment Requiring Three-Fifths Vote for Approval of Ballot Measures Imposing Taxes or Fees or Obligating over $10 Million,,No,,4
Corson,Kenel Precinct,Constitutional Amendment C: A Constitutional Amendment Requiring Three-Fifths Vote for Approval of Ballot Measures Imposing Taxes or Fees or Obligating over $10 Million,,Yes,,4
Corson,Kenel Precinct,Constitutional Amendment C: A Constitutional Amendment Requiring Three-Fifths Vote for Approval of Ballot Measures Imposing Taxes or Fees or Obligating over $10 Million,,No,,15
Corson,Lincoln Precinct,Constitutional Amendment C: A Constitutional Amendment Requiring Three-Fifths Vote for Approval of Ballot Measures Imposing Taxes or Fees or Obligating over $10 Million,,Yes,,28
Corson,Lincoln Precinct,Constitutional Amendment C: A Constitutional Amendment Requiring Three-Fifths Vote for Approval of Ballot Measures Imposing Taxes or Fees or Obligating over $10 Million,,No,,34
Corson,Little Eagle Precinct,Constitutional Amendment C: A Constitutional Amendment Requiring Three-Fifths Vote for Approval of Ballot Measures Imposing Taxes or Fees or Obligating over $10 Million,,Yes,,8
Corson,Little Eagle Precinct,Constitutional Amendment C: A Constitutional Amendment Requiring Three-Fifths Vote for Approval of Ballot Measures Imposing Taxes or Fees or Obligating over $10 Million,,No,,19
Corson,McIntosh Precinct,Constitutional Amendment C: A Constitutional Amendment Requiring Three-Fifths Vote for Approval of Ballot Measures Imposing Taxes or Fees or Obligating over $10 Million,,Yes,,49
Corson,McIntosh Precinct,Constitutional Amendment C: A Constitutional Amendment Requiring Three-Fifths Vote for Approval of Ballot Measures Imposing Taxes or Fees or Obligating over $10 Million,,No,,79
Corson,McLaughlin Precinct,Constitutional Amendment C: A Constitutional Amendment Requiring Three-Fifths Vote for Approval of Ballot Measures Imposing Taxes or Fees or Obligating over $10 Million,,Yes,,11
Corson,McLaughlin Precinct,Constitutional Amendment C: A Constitutional Amendment Requiring Three-Fifths Vote for Approval of Ballot Measures Imposing Taxes or Fees or Obligating over $10 Million,,No,,43
Corson,Morristown Precinct,Constitutional Amendment C: A Constitutional Amendment Requiring Three-Fifths Vote for Approval of Ballot Measures Imposing Taxes or Fees or Obligating over $10 Million,,Yes,,35
Corson,Morristown Precinct,Constitutional Amendment C: A Constitutional Amendment Requiring Three-Fifths Vote for Approval of Ballot Measures Imposing Taxes or Fees or Obligating over $10 Million,,No,,49
Corson,Ridgeland Precinct,Constitutional Amendment C: A Constitutional Amendment Requiring Three-Fifths Vote for Approval of Ballot Measures Imposing Taxes or Fees or Obligating over $10 Million,,Yes,,16
Corson,Ridgeland Precinct,Constitutional Amendment C: A Constitutional Amendment Requiring Three-Fifths Vote for Approval of Ballot Measures Imposing Taxes or Fees or Obligating over $10 Million,,No,,22
Corson,Wakpala Precinct,Constitutional Amendment C: A Constitutional Amendment Requiring Three-Fifths Vote for Approval of Ballot Measures Imposing Taxes or Fees or Obligating over $10 Million,,Yes,,12
Corson,Wakpala Precinct,Constitutional Amendment C: A Constitutional Amendment Requiring Three-Fifths Vote for Approval of Ballot Measures Imposing Taxes or Fees or Obligating over $10 Million,,No,,27
Davison,01,U.S. Senate,,John R. Thune,REP,57
Davison,01,U.S. Senate,,Bruce Whalen,REP,16
Davison,01,U.S. Senate,,Mark Mowry,REP,14
Davison,02,U.S. Senate,,John R. Thune,REP,95
Davison,02,U.S. Senate,,Bruce Whalen,REP,25
Davison,02,U.S. Senate,,Mark Mowry,REP,5
Davison,"03 (Precinct-04, Precinct-05)",U.S. Senate,,John R. Thune,REP,400
Davison,"03 (Precinct-04, Precinct-05)",U.S. Senate,,Bruce Whalen,REP,82
Davison,"03 (Precinct-04, Precinct-05)",U.S. Senate,,Mark Mowry,REP,41
Davison,06,U.S. Senate,,John R. Thune,REP,165
Davison,06,U.S. Senate,,Bruce Whalen,REP,21
Davison,06,U.S. Senate,,Mark Mowry,REP,3
Davison,"07 (Precinct-08, Precinct-09)",U.S. Senate,,John R. Thune,REP,316
Davison,"07 (Precinct-08, Precinct-09)",U.S. Senate,,Bruce Whalen,REP,69
Davison,"07 (Precinct-08, Precinct-09)",U.S. Senate,,Mark Mowry,REP,15
Davison,10,U.S. Senate,,John R. Thune,REP,73
Davison,10,U.S. Senate,,Bruce Whalen,REP,40
Davison,10,U.S. Senate,,Mark Mowry,REP,8
Davison,11 (Precinct-12),U.S. Senate,,John R. Thune,REP,208
Davison,11 (Precinct-12),U.S. Senate,,Bruce Whalen,REP,37
Davison,11 (Precinct-12),U.S. Senate,,Mark Mowry,REP,22
Davison,13,U.S. Senate,,John R. Thune,REP,49
Davison,13,U.S. Senate,,Bruce Whalen,REP,19
Davison,13,U.S. Senate,,Mark Mowry,REP,4
Davison,"14 (Precinct-15, Precinct-16)",U.S. Senate,,John R. Thune,REP,288
Davison,"14 (Precinct-15, Precinct-16)",U.S. Senate,,Bruce Whalen,REP,63
Davison,"14 (Precinct-15, Precinct-16)",U.S. Senate,,Mark Mowry,REP,17
Davison,18 (Precinct-20),U.S. Senate,,John R. Thune,REP,264
Davison,18 (Precinct-20),U.S. Senate,,Bruce Whalen,REP,57
Davison,18 (Precinct-20),U.S. Senate,,Mark Mowry,REP,15
Davison,19,U.S. Senate,,John R. Thune,REP,91
Davison,19,U.S. Senate,,Bruce Whalen,REP,29
Davison,19,U.S. Senate,,Mark Mowry,REP,11
Davison,01,U.S. House,1,Dusty Johnson,REP,48
Davison,01,U.S. House,1,Taffy Howard,REP,38
Davison,02,U.S. House,1,Dusty Johnson,REP,72
Davison,02,U.S. House,1,Taffy Howard,REP,57
Davison,"03 (Precinct-04, Precinct-05)",U.S. House,1,Dusty Johnson,REP,349
Davison,"03 (Precinct-04, Precinct-05)",U.S. House,1,Taffy Howard,REP,184
Davison,06,U.S. House,1,Dusty Johnson,REP,145
Davison,06,U.S. House,1,Taffy Howard,REP,46
Davison,"07 (Precinct-08, Precinct-09)",U.S. House,1,Dusty Johnson,REP,267
Davison,"07 (Precinct-08, Precinct-09)",U.S. House,1,Taffy Howard,REP,144
Davison,10,U.S. House,1,Dusty Johnson,REP,61
Davison,10,U.S. House,1,Taffy Howard,REP,62
Davison,11 (Precinct-12),U.S. House,1,Dusty Johnson,REP,179
Davison,11 (Precinct-12),U.S. House,1,Taffy Howard,REP,86
Davison,13,U.S. House,1,Dusty Johnson,REP,44
Davison,13,U.S. House,1,Taffy Howard,REP,30
Davison,"14 (Precinct-15, Precinct-16)",U.S. House,1,Dusty Johnson,REP,236
Davison,"14 (Precinct-15, Precinct-16)",U.S. House,1,Taffy Howard,REP,133
Davison,18 (Precinct-20),U.S. House,1,Dusty Johnson,REP,236
Davison,18 (Precinct-20),U.S. House,1,Taffy Howard,REP,110
Davison,19,U.S. House,1,Dusty Johnson,REP,83
Davison,19,U.S. House,1,Taffy Howard,REP,50
Davison,01,Governor,,Steven Haugaard,REP,15
Davison,01,Governor,,Kristi Noem,REP,73
Davison,02,Governor,,Steven Haugaard,REP,16
Davison,02,Governor,,Kristi Noem,REP,112
Davison,"03 (Precinct-04, Precinct-05)",Governor,,Steven Haugaard,REP,78
Davison,"03 (Precinct-04, Precinct-05)",Governor,,Kristi Noem,REP,454
Davison,06,Governor,,Steven Haugaard,REP,28
Davison,06,Governor,,Kristi Noem,REP,157
Davison,"07 (Precinct-08, Precinct-09)",Governor,,Steven Haugaard,REP,83
Davison,"07 (Precinct-08, Precinct-09)",Governor,,Kristi Noem,REP,325
Davison,10,Governor,,Steven Haugaard,REP,40
Davison,10,Governor,,Kristi Noem,REP,84
Davison,11 (Precinct-12),Governor,,Steven Haugaard,REP,66
Davison,11 (Precinct-12),Governor,,Kristi Noem,REP,199
Davison,13,Governor,,Steven Haugaard,REP,20
Davison,13,Governor,,Kristi Noem,REP,54
Davison,"14 (Precinct-15, Precinct-16)",Governor,,Steven Haugaard,REP,103
Davison,"14 (Precinct-15, Precinct-16)",Governor,,Kristi Noem,REP,272
Davison,18 (Precinct-20),Governor,,Steven Haugaard,REP,75
Davison,18 (Precinct-20),Governor,,Kristi Noem,REP,269
Davison,19,Governor,,Steven Haugaard,REP,30
Davison,19,Governor,,Kristi Noem,REP,99
Davison,01,State House,20,Ben Krohmer,REP,38
Davison,01,State House,20,Jeff Bathke,REP,57
Davison,01,State House,20,Lance Koth,REP,42
Davison,02,State House,20,Ben Krohmer,REP,57
Davison,02,State House,20,Jeff Bathke,REP,77
Davison,02,State House,20,Lance Koth,REP,59
Davison,"03 (Precinct-04, Precinct-05)",State House,20,Ben Krohmer,REP,272
Davison,"03 (Precinct-04, Precinct-05)",State House,20,Jeff Bathke,REP,307
Davison,"03 (Precinct-04, Precinct-05)",State House,20,Lance Koth,REP,318
Davison,06,State House,20,Ben Krohmer,REP,92
Davison,06,State House,20,Jeff Bathke,REP,114
Davison,06,State House,20,Lance Koth,REP,112
Davison,"07 (Precinct-08, Precinct-09)",State House,20,Ben Krohmer,REP,261
Davison,"07 (Precinct-08, Precinct-09)",State House,20,Jeff Bathke,REP,213
Davison,"07 (Precinct-08, Precinct-09)",State House,20,Lance Koth,REP,208
Davison,10,State House,20,Ben Krohmer,REP,77
Davison,10,State House,20,Jeff Bathke,REP,55
Davison,10,State House,20,Lance Koth,REP,50
Davison,11 (Precinct-12),State House,20,Ben Krohmer,REP,157
Davison,11 (Precinct-12),State House,20,Jeff Bathke,REP,130
Davison,11 (Precinct-12),State House,20,Lance Koth,REP,158
Davison,13,State House,20,Ben Krohmer,REP,41
Davison,13,State House,20,Jeff Bathke,REP,37
Davison,13,State House,20,Lance Koth,REP,49
Davison,"14 (Precinct-15, Precinct-16)",State House,20,Ben Krohmer,REP,235
Davison,"14 (Precinct-15, Precinct-16)",State House,20,Jeff Bathke,REP,177
Davison,"14 (Precinct-15, Precinct-16)",State House,20,Lance Koth,REP,196
Davison,18 (Precinct-20),State House,20,Ben Krohmer,REP,211
Davison,18 (Precinct-20),State House,20,Jeff Bathke,REP,177
Davison,18 (Precinct-20),State House,20,Lance Koth,REP,191
Davison,19,State House,20,Ben Krohmer,REP,79
Davison,19,State House,20,Jeff Bathke,REP,70
Davison,19,State House,20,Lance Koth,REP,70
Davison,06,Precinct Committeeman Precinct-06,,Scott Geppert,REP,26
Davison,06,Precinct Committeeman Precinct-06,,Michael Vehle,REP,139
Davison,10,Precinct Committeeman Precinct-10,,Steve Sibson,REP,44
Davison,10,Precinct Committeeman Precinct-10,,William Plastow,REP,53
Davison,13,Precinct Committeeman Precinct-13,,Heath Koth,REP,28
Davison,13,Precinct Committeeman Precinct-13,,Larry Mathis,REP,29
Davison,19,Precinct Committeeman Precinct-19,,Brady Zimmerman,REP,37
Davison,19,Precinct Committeeman Precinct-19,,Lance Koth,REP,74
Davison,19,Precinct Committeewoman Precinct-19,,Patricia Koth,REP,66
Davison,19,Precinct Committeewoman Precinct-19,,Randi Zimmerman,REP,37
Davison,01,School Board Member Mitchell School District 17-2,,Terry Aslesen,,0
Davison,01,School Board Member Mitchell School District 17-2,,David Lambert,,0
Davison,01,School Board Member Mitchell School District 17-2,,Chris Foster,,0
Davison,01,School Board Member Mitchell School District 17-2,,Deb Olson,,0
Davison,01,School Board Member Mitchell School District 17-2,,Tim Moon,,0
Davison,01,School Board Member Mitchell School District 17-2,,Jeff Sand,,0
Davison,"03 (Precinct-04, Precinct-05)",School Board Member Mitchell School District 17-2,,Terry Aslesen,,281
Davison,"03 (Precinct-04, Precinct-05)",School Board Member Mitchell School District 17-2,,David Lambert,,102
Davison,"03 (Precinct-04, Precinct-05)",School Board Member Mitchell School District 17-2,,Chris Foster,,126
Davison,"03 (Precinct-04, Precinct-05)",School Board Member Mitchell School District 17-2,,Deb Olson,,290
Davison,"03 (Precinct-04, Precinct-05)",School Board Member Mitchell School District 17-2,,Tim Moon,,232
Davison,"03 (Precinct-04, Precinct-05)",School Board Member Mitchell School District 17-2,,Jeff Sand,,215
Davison,06,School Board Member Mitchell School District 17-2,,Terry Aslesen,,130
Davison,06,School Board Member Mitchell School District 17-2,,David Lambert,,59
Davison,06,School Board Member Mitchell School District 17-2,,Chris Foster,,34
Davison,06,School Board Member Mitchell School District 17-2,,Deb Olson,,128
Davison,06,School Board Member Mitchell School District 17-2,,Tim Moon,,72
Davison,06,School Board Member Mitchell School District 17-2,,Jeff Sand,,57
Davison,"07 (Precinct-08, Precinct-09)",School Board Member Mitchell School District 17-2,,Terry Aslesen,,241
Davison,"07 (Precinct-08, Precinct-09)",School Board Member Mitchell School District 17-2,,David Lambert,,87
Davison,"07 (Precinct-08, Precinct-09)",School Board Member Mitchell School District 17-2,,Chris Foster,,119
Davison,"07 (Precinct-08, Precinct-09)",School Board Member Mitchell School District 17-2,,Deb Olson,,280
Davison,"07 (Precinct-08, Precinct-09)",School Board Member Mitchell School District 17-2,,Tim Moon,,215
Davison,"07 (Precinct-08, Precinct-09)",School Board Member Mitchell School District 17-2,,Jeff Sand,,213
Davison,10,School Board Member Mitchell School District 17-2,,Terry Aslesen,,75
Davison,10,School Board Member Mitchell School District 17-2,,David Lambert,,33
Davison,10,School Board Member Mitchell School District 17-2,,Chris Foster,,40
Davison,10,School Board Member Mitchell School District 17-2,,Deb Olson,,79
Davison,10,School Board Member Mitchell School District 17-2,,Tim Moon,,74
Davison,10,School Board Member Mitchell School District 17-2,,Jeff Sand,,74
Davison,11 (Precinct-12),School Board Member Mitchell School District 17-2,,Terry Aslesen,,203
Davison,11 (Precinct-12),School Board Member Mitchell School District 17-2,,David Lambert,,57
Davison,11 (Precinct-12),School Board Member Mitchell School District 17-2,,Chris Foster,,63
Davison,11 (Precinct-12),School Board Member Mitchell School District 17-2,,Deb Olson,,217
Davison,11 (Precinct-12),School Board Member Mitchell School District 17-2,,Tim Moon,,128
Davison,11 (Precinct-12),School Board Member Mitchell School District 17-2,,Jeff Sand,,144
Davison,13,School Board Member Mitchell School District 17-2,,Terry Aslesen,,49
Davison,13,School Board Member Mitchell School District 17-2,,David Lambert,,17
Davison,13,School Board Member Mitchell School District 17-2,,Chris Foster,,27
Davison,13,School Board Member Mitchell School District 17-2,,Deb Olson,,43
Davison,13,School Board Member Mitchell School District 17-2,,Tim Moon,,24
Davison,13,School Board Member Mitchell School District 17-2,,Jeff Sand,,30
Davison,"14 (Precinct-15, Precinct-16)",School Board Member Mitchell School District 17-2,,Terry Aslesen,,285
Davison,"14 (Precinct-15, Precinct-16)",School Board Member Mitchell School District 17-2,,David Lambert,,89
Davison,"14 (Precinct-15, Precinct-16)",School Board Member Mitchell School District 17-2,,Chris Foster,,85
Davison,"14 (Precinct-15, Precinct-16)",School Board Member Mitchell School District 17-2,,Deb Olson,,271
Davison,"14 (Precinct-15, Precinct-16)",School Board Member Mitchell School District 17-2,,Tim Moon,,214
Davison,"14 (Precinct-15, Precinct-16)",School Board Member Mitchell School District 17-2,,Jeff Sand,,174
Davison,18 (Precinct-20),School Board Member Mitchell School District 17-2,,Terry Aslesen,,222
Davison,18 (Precinct-20),School Board Member Mitchell School District 17-2,,David Lambert,,83
Davison,18 (Precinct-20),School Board Member Mitchell School District 17-2,,Chris Foster,,103
Davison,18 (Precinct-20),School Board Member Mitchell School District 17-2,,Deb Olson,,230
Davison,18 (Precinct-20),School Board Member Mitchell School District 17-2,,Tim Moon,,158
Davison,18 (Precinct-20),School Board Member Mitchell School District 17-2,,Jeff Sand,,169
Davison,19,School Board Member Mitchell School District 17-2,,Terry Aslesen,,83
Davison,19,School Board Member Mitchell School District 17-2,,David Lambert,,28
Davison,19,School Board Member Mitchell School District 17-2,,Chris Foster,,35
Davison,19,School Board Member Mitchell School District 17-2,,Deb Olson,,94
Davison,19,School Board Member Mitchell School District 17-2,,Tim Moon,,66
Davison,19,School Board Member Mitchell School District 17-2,,Jeff Sand,,80
Davison,01,Constitutional Amendment C: A Constitutional Amendment Requiring Three-Fifths Vote for Approval of Ballot Measures Imposing Taxes or Fees or Obligating over $10 Million,,Yes,,32
Davison,01,Constitutional Amendment C: A Constitutional Amendment Requiring Three-Fifths Vote for Approval of Ballot Measures Imposing Taxes or Fees or Obligating over $10 Million,,No,,80
Davison,02,Constitutional Amendment C: A Constitutional Amendment Requiring Three-Fifths Vote for Approval of Ballot Measures Imposing Taxes or Fees or Obligating over $10 Million,,Yes,,70
Davison,02,Constitutional Amendment C: A Constitutional Amendment Requiring Three-Fifths Vote for Approval of Ballot Measures Imposing Taxes or Fees or Obligating over $10 Million,,No,,98
Davison,"03 (Precinct-04, Precinct-05)",Constitutional Amendment C: A Constitutional Amendment Requiring Three-Fifths Vote for Approval of Ballot Measures Imposing Taxes or Fees or Obligating over $10 Million,,Yes,,276
Davison,"03 (Precinct-04, Precinct-05)",Constitutional Amendment C: A Constitutional Amendment Requiring Three-Fifths Vote for Approval of Ballot Measures Imposing Taxes or Fees or Obligating over $10 Million,,No,,468
Davison,06,Constitutional Amendment C: A Constitutional Amendment Requiring Three-Fifths Vote for Approval of Ballot Measures Imposing Taxes or Fees or Obligating over $10 Million,,Yes,,74
Davison,06,Constitutional Amendment C: A Constitutional Amendment Requiring Three-Fifths Vote for Approval of Ballot Measures Imposing Taxes or Fees or Obligating over $10 Million,,No,,184
Davison,"07 (Precinct-08, Precinct-09)",Constitutional Amendment C: A Constitutional Amendment Requiring Three-Fifths Vote for Approval of Ballot Measures Imposing Taxes or Fees or Obligating over $10 Million,,Yes,,214
Davison,"07 (Precinct-08, Precinct-09)",Constitutional Amendment C: A Constitutional Amendment Requiring Three-Fifths Vote for Approval of Ballot Measures Imposing Taxes or Fees or Obligating over $10 Million,,No,,432
Davison,10,Constitutional Amendment C: A Constitutional Amendment Requiring Three-Fifths Vote for Approval of Ballot Measures Imposing Taxes or Fees or Obligating over $10 Million,,Yes,,55
Davison,10,Constitutional Amendment C: A Constitutional Amendment Requiring Three-Fifths Vote for Approval of Ballot Measures Imposing Taxes or Fees or Obligating over $10 Million,,No,,147
Davison,11 (Precinct-12),Constitutional Amendment C: A Constitutional Amendment Requiring Three-Fifths Vote for Approval of Ballot Measures Imposing Taxes or Fees or Obligating over $10 Million,,Yes,,138
Davison,11 (Precinct-12),Constitutional Amendment C: A Constitutional Amendment Requiring Three-Fifths Vote for Approval of Ballot Measures Imposing Taxes or Fees or Obligating over $10 Million,,No,,312
Davison,13,Constitutional Amendment C: A Constitutional Amendment Requiring Three-Fifths Vote for Approval of Ballot Measures Imposing Taxes or Fees or Obligating over $10 Million,,Yes,,40
Davison,13,Constitutional Amendment C: A Constitutional Amendment Requiring Three-Fifths Vote for Approval of Ballot Measures Imposing Taxes or Fees or Obligating over $10 Million,,No,,68
Davison,"14 (Precinct-15, Precinct-16)",Constitutional Amendment C: A Constitutional Amendment Requiring Three-Fifths Vote for Approval of Ballot Measures Imposing Taxes or Fees or Obligating over $10 Million,,Yes,,193
Davison,"14 (Precinct-15, Precinct-16)",Constitutional Amendment C: A Constitutional Amendment Requiring Three-Fifths Vote for Approval of Ballot Measures Imposing Taxes or Fees or Obligating over $10 Million,,No,,435
Davison,18 (Precinct-20),Constitutional Amendment C: A Constitutional Amendment Requiring Three-Fifths Vote for Approval of Ballot Measures Imposing Taxes or Fees or Obligating over $10 Million,,Yes,,153
Davison,18 (Precinct-20),Constitutional Amendment C: A Constitutional Amendment Requiring Three-Fifths Vote for Approval of Ballot Measures Imposing Taxes or Fees or Obligating over $10 Million,,No,,381
Davison,19,Constitutional Amendment C: A Constitutional Amendment Requiring Three-Fifths Vote for Approval of Ballot Measures Imposing Taxes or Fees or Obligating over $10 Million,,Yes,,66
Davison,19,Constitutional Amendment C: A Constitutional Amendment Requiring Three-Fifths Vote for Approval of Ballot Measures Imposing Taxes or Fees or Obligating over $10 Million,,No,,147
Day,01,U.S. Senate,,John R. Thune,REP,62
Day,01,U.S. Senate,,Bruce Whalen,REP,10
Day,01,U.S. Senate,,Mark Mowry,REP,2
Day,02,U.S. Senate,,John R. Thune,REP,63
Day,02,U.S. Senate,,Bruce Whalen,REP,10
Day,02,U.S. Senate,,Mark Mowry,REP,2
Day,03,U.S. Senate,,John R. Thune,REP,72
Day,03,U.S. Senate,,Bruce Whalen,REP,12
Day,03,U.S. Senate,,Mark Mowry,REP,5
Day,04,U.S. Senate,,John R. Thune,REP,71
Day,04,U.S. Senate,,Bruce Whalen,REP,15
Day,04,U.S. Senate,,Mark Mowry,REP,3
Day,05,U.S. Senate,,John R. Thune,REP,74
Day,05,U.S. Senate,,Bruce Whalen,REP,17
Day,05,U.S. Senate,,Mark Mowry,REP,16
Day,06,U.S. Senate,,John R. Thune,REP,25
Day,06,U.S. Senate,,Bruce Whalen,REP,5
Day,06,U.S. Senate,,Mark Mowry,REP,6
Day,07,U.S. Senate,,John R. Thune,REP,26
Day,07,U.S. Senate,,Bruce Whalen,REP,13
Day,07,U.S. Senate,,Mark Mowry,REP,3
Day,08,U.S. Senate,,John R. Thune,REP,37
Day,08,U.S. Senate,,Bruce Whalen,REP,9
Day,08,U.S. Senate,,Mark Mowry,REP,5
Day,09,U.S. Senate,,John R. Thune,REP,30
Day,09,U.S. Senate,,Bruce Whalen,REP,6
Day,09,U.S. Senate,,Mark Mowry,REP,1
Day,10,U.S. Senate,,John R. Thune,REP,19
Day,10,U.S. Senate,,Bruce Whalen,REP,10
Day,10,U.S. Senate,,Mark Mowry,REP,1
Day,11,U.S. Senate,,John R. Thune,REP,58
Day,11,U.S. Senate,,Bruce Whalen,REP,12
Day,11,U.S. Senate,,Mark Mowry,REP,0
Day,01,State Senate,1,Michael H. Rohl,REP,56
Day,01,State Senate,1,Joe Donnell,REP,14
Day,02,State Senate,1,Michael H. Rohl,REP,54
Day,02,State Senate,1,Joe Donnell,REP,14
Day,03,State Senate,1,Michael H. Rohl,REP,65
Day,03,State Senate,1,Joe Donnell,REP,16
Day,04,State Senate,1,Michael H. Rohl,REP,68
Day,04,State Senate,1,Joe Donnell,REP,13
Day,05,State Senate,1,Michael H. Rohl,REP,70
Day,05,State Senate,1,Joe Donnell,REP,33
Day,06,State Senate,1,Michael H. Rohl,REP,27
Day,06,State Senate,1,Joe Donnell,REP,8
Day,07,State Senate,1,Michael H. Rohl,REP,27
Day,07,State Senate,1,Joe Donnell,REP,13
Day,08,State Senate,1,Michael H. Rohl,REP,26
Day,08,State Senate,1,Joe Donnell,REP,19
Day,09,State Senate,1,Michael H. Rohl,REP,28
Day,09,State Senate,1,Joe Donnell,REP,6
Day,10,State Senate,1,Michael H. Rohl,REP,15
Day,10,State Senate,1,Joe Donnell,REP,12
Day,11,State Senate,1,Michael H. Rohl,REP,47
Day,11,State Senate,1,Joe Donnell,REP,14
Day,01,U.S. House,1,Dusty Johnson,REP,54
Day,01,U.S. House,1,Taffy Howard,REP,21
Day,02,U.S. House,1,Dusty Johnson,REP,50
Day,02,U.S. House,1,Taffy Howard,REP,29
Day,03,U.S. House,1,Dusty Johnson,REP,48
Day,03,U.S. House,1,Taffy Howard,REP,37
Day,04,U.S. House,1,Dusty Johnson,REP,59
Day,04,U.S. House,1,Taffy Howard,REP,31
Day,05,U.S. House,1,Dusty Johnson,REP,67
Day,05,U.S. House,1,Taffy Howard,REP,40
Day,06,U.S. House,1,Dusty Johnson,REP,23
Day,06,U.S. House,1,Taffy Howard,REP,14
Day,07,U.S. House,1,Dusty Johnson,REP,27
Day,07,U.S. House,1,Taffy Howard,REP,14
Day,08,U.S. House,1,Dusty Johnson,REP,28
Day,08,U.S. House,1,Taffy Howard,REP,23
Day,09,U.S. House,1,Dusty Johnson,REP,27
Day,09,U.S. House,1,Taffy Howard,REP,12
Day,10,U.S. House,1,Dusty Johnson,REP,13
Day,10,U.S. House,1,Taffy Howard,REP,17
Day,11,U.S. House,1,Dusty Johnson,REP,44
Day,11,U.S. House,1,Taffy Howard,REP,24
Day,01,County Commissioner Day,,Derek L. Shrier,REP,3
Day,01,County Commissioner Day,,Joshua Atherton,REP,6
Day,02,County Commissioner Day,,Derek L. Shrier,REP,44
Day,02,County Commissioner Day,,Joshua Atherton,REP,37
Day,04,County Commissioner Day,,Derek L. Shrier,REP,10
Day,04,County Commissioner Day,,Joshua Atherton,REP,15
Day,10,County Commissioner Day,,Derek L. Shrier,REP,29
Day,10,County Commissioner Day,,Joshua Atherton,REP,1
Day,01,Governor,,Steven Haugaard,REP,11
Day,01,Governor,,Kristi Noem,REP,61
Day,02,Governor,,Steven Haugaard,REP,10
Day,02,Governor,,Kristi Noem,REP,71
Day,03,Governor,,Steven Haugaard,REP,16
Day,03,Governor,,Kristi Noem,REP,73
Day,04,Governor,,Steven Haugaard,REP,7
Day,04,Governor,,Kristi Noem,REP,83
Day,05,Governor,,Steven Haugaard,REP,22
Day,05,Governor,,Kristi Noem,REP,88
Day,06,Governor,,Steven Haugaard,REP,15
Day,06,Governor,,Kristi Noem,REP,22
Day,07,Governor,,Steven Haugaard,REP,14
Day,07,Governor,,Kristi Noem,REP,30
Day,08,Governor,,Steven Haugaard,REP,8
Day,08,Governor,,Kristi Noem,REP,43
Day,09,Governor,,Steven Haugaard,REP,9
Day,09,Governor,,Kristi Noem,REP,30
Day,10,Governor,,Steven Haugaard,REP,1
Day,10,Governor,,Kristi Noem,REP,29
Day,11,Governor,,Steven Haugaard,REP,12
Day,11,Governor,,Kristi Noem,REP,58
Day,01,Constitutional Amendment,,Yes,,19
Day,01,Constitutional Amendment,,No,,108
Day,02,Constitutional Amendment,,Yes,,43
Day,02,Constitutional Amendment,,No,,89
Day,03,Constitutional Amendment,,Yes,,33
Day,03,Constitutional Amendment,,No,,94
Day,04,Constitutional Amendment,,Yes,,29
Day,04,Constitutional Amendment,,No,,127
Day,05,Constitutional Amendment,,Yes,,29
Day,05,Constitutional Amendment,,No,,150
Day,06,Constitutional Amendment,,Yes,,10
Day,06,Constitutional Amendment,,No,,43
Day,07,Constitutional Amendment,,Yes,,22
Day,07,Constitutional Amendment,,No,,73
Day,08,Constitutional Amendment,,Yes,,16
Day,08,Constitutional Amendment,,No,,88
Day,09,Constitutional Amendment,,Yes,,25
Day,09,Constitutional Amendment,,No,,59
Day,10,Constitutional Amendment,,Yes,,17
Day,10,Constitutional Amendment,,No,,17
Day,11,Constitutional Amendment,,Yes,,34
Day,11,Constitutional Amendment,,No,,90
Day,1,County Commissioner-5,,Derek L Sinner,,3
Day,1,County Commissioner-5,,Joshua W Everton,,6
Day,1,County Commissioner-5,,Under Vote,,2
Day,2,County Commissioner-5,,Derek L Sinner,,44
Day,2,County Commissioner-5,,Joshua W Everton,,37
Day,2,County Commissioner-5,,Over Vote,,1
Day,2,County Commissioner-5,,Under Vote,,2
Day,4,County Commissioner-5,,Derek L Sinner,,10
Day,4,County Commissioner-5,,Joshua W Everton,,15
Day,10,County Commissioner-5,,Joshua W Everton,,29
Day,10,County Commissioner-5,,Over Vote,,1
Day,10,County Commissioner-5,,Under Vote,,0
Day,12,County Commissioner-5,,Joshua W Everton,,86
Day,12,County Commissioner-5,,Over Vote,,59
Day,12,County Commissioner-5,,Under Vote,,0
Deuel,01,U.S. Senate,,John R. Thune,REP,39
Deuel,01,U.S. Senate,,Bruce Whalen,REP,7
Deuel,01,U.S. Senate,,Mark Mowry,REP,1
Deuel,03,U.S. Senate,,John R. Thune,REP,78
Deuel,03,U.S. Senate,,Bruce Whalen,REP,10
Deuel,03,U.S. Senate,,Mark Mowry,REP,6
Deuel,04,U.S. Senate,,John R. Thune,REP,27
Deuel,04,U.S. Senate,,Bruce Whalen,REP,15
Deuel,04,U.S. Senate,,Mark Mowry,REP,1
Deuel,05,U.S. Senate,,John R. Thune,REP,41
Deuel,05,U.S. Senate,,Bruce Whalen,REP,6
Deuel,05,U.S. Senate,,Mark Mowry,REP,2
Deuel,06,U.S. Senate,,John R. Thune,REP,53
Deuel,06,U.S. Senate,,Bruce Whalen,REP,14
Deuel,06,U.S. Senate,,Mark Mowry,REP,3
Deuel,07,U.S. Senate,,John R. Thune,REP,51
Deuel,07,U.S. Senate,,Bruce Whalen,REP,15
Deuel,07,U.S. Senate,,Mark Mowry,REP,7
Deuel,08,U.S. Senate,,John R. Thune,REP,78
Deuel,08,U.S. Senate,,Bruce Whalen,REP,24
Deuel,08,U.S. Senate,,Mark Mowry,REP,11
Deuel,09,U.S. Senate,,John R. Thune,REP,72
Deuel,09,U.S. Senate,,Bruce Whalen,REP,31
Deuel,09,U.S. Senate,,Mark Mowry,REP,5
Deuel,10,U.S. Senate,,John R. Thune,REP,43
Deuel,10,U.S. Senate,,Bruce Whalen,REP,9
Deuel,10,U.S. Senate,,Mark Mowry,REP,2
Deuel,11,U.S. Senate,,John R. Thune,REP,38
Deuel,11,U.S. Senate,,Bruce Whalen,REP,15
Deuel,11,U.S. Senate,,Mark Mowry,REP,6
Deuel,01,U.S. House,1,Dusty Johnson,REP,35
Deuel,01,U.S. House,1,Taffy Howard,REP,11
Deuel,03,U.S. House,1,Dusty Johnson,REP,72
Deuel,03,U.S. House,1,Taffy Howard,REP,25
Deuel,04,U.S. House,1,Dusty Johnson,REP,28
Deuel,04,U.S. House,1,Taffy Howard,REP,17
Deuel,05,U.S. House,1,Dusty Johnson,REP,30
Deuel,05,U.S. House,1,Taffy Howard,REP,22
Deuel,06,U.S. House,1,Dusty Johnson,REP,48
Deuel,06,U.S. House,1,Taffy Howard,REP,23
Deuel,07,U.S. House,1,Dusty Johnson,REP,49
Deuel,07,U.S. House,1,Taffy Howard,REP,24
Deuel,08,U.S. House,1,Dusty Johnson,REP,66
Deuel,08,U.S. House,1,Taffy Howard,REP,50
Deuel,09,U.S. House,1,Dusty Johnson,REP,67
Deuel,09,U.S. House,1,Taffy Howard,REP,41
Deuel,10,U.S. House,1,Dusty Johnson,REP,36
Deuel,10,U.S. House,1,Taffy Howard,REP,17
Deuel,11,U.S. House,1,Dusty Johnson,REP,36
Deuel,11,U.S. House,1,Taffy Howard,REP,23
Deuel,01,Governor,,Steven Haugaard,REP,9
Deuel,01,Governor,,Kristi Noem,REP,40
Deuel,03,Governor,,Steven Haugaard,REP,9
Deuel,03,Governor,,Kristi Noem,REP,88
Deuel,04,Governor,,Steven Haugaard,REP,8
Deuel,04,Governor,,Kristi Noem,REP,35
Deuel,05,Governor,,Steven Haugaard,REP,9
Deuel,05,Governor,,Kristi Noem,REP,42
Deuel,06,Governor,,Steven Haugaard,REP,15
Deuel,06,Governor,,Kristi Noem,REP,58
Deuel,07,Governor,,Steven Haugaard,REP,15
Deuel,07,Governor,,Kristi Noem,REP,58
Deuel,08,Governor,,Steven Haugaard,REP,12
Deuel,08,Governor,,Kristi Noem,REP,104
Deuel,09,Governor,,Steven Haugaard,REP,24
Deuel,09,Governor,,Kristi Noem,REP,84
Deuel,10,Governor,,Steven Haugaard,REP,8
Deuel,10,Governor,,Kristi Noem,REP,44
Deuel,11,Governor,,Steven Haugaard,REP,15
Deuel,11,Governor,,Kristi Noem,REP,44
Deuel,01,State House,4,Val Rausch,REP,18
Deuel,01,State House,4,Adam Grimm,REP,12
Deuel,01,State House,4,Fred Deutsch,REP,26
Deuel,01,State House,4,Stephanie Sauder,REP,23
Deuel,03,State House,4,Val Rausch,REP,30
Deuel,03,State House,4,Adam Grimm,REP,15
Deuel,03,State House,4,Fred Deutsch,REP,57
Deuel,03,State House,4,Stephanie Sauder,REP,50
Deuel,04,State House,4,Val Rausch,REP,15
Deuel,04,State House,4,Adam Grimm,REP,7
Deuel,04,State House,4,Fred Deutsch,REP,24
Deuel,04,State House,4,Stephanie Sauder,REP,25
Deuel,05,State House,4,Val Rausch,REP,17
Deuel,05,State House,4,Adam Grimm,REP,8
Deuel,05,State House,4,Fred Deutsch,REP,37
Deuel,05,State House,4,Stephanie Sauder,REP,24
Deuel,06,State House,4,Val Rausch,REP,33
Deuel,06,State House,4,Adam Grimm,REP,15
Deuel,06,State House,4,Fred Deutsch,REP,44
Deuel,06,State House,4,Stephanie Sauder,REP,34
Deuel,07,State House,4,Val Rausch,REP,28
Deuel,07,State House,4,Adam Grimm,REP,24
Deuel,07,State House,4,Fred Deutsch,REP,49
Deuel,07,State House,4,Stephanie Sauder,REP,29
Deuel,08,State House,4,Val Rausch,REP,39
Deuel,08,State House,4,Adam Grimm,REP,24
Deuel,08,State House,4,Fred Deutsch,REP,74
Deuel,08,State House,4,Stephanie Sauder,REP,47
Deuel,09,State House,4,Val Rausch,REP,35
Deuel,09,State House,4,Adam Grimm,REP,26
Deuel,09,State House,4,Fred Deutsch,REP,59
Deuel,09,State House,4,Stephanie Sauder,REP,51
Deuel,10,State House,4,Val Rausch,REP,24
Deuel,10,State House,4,Adam Grimm,REP,12
Deuel,10,State House,4,Fred Deutsch,REP,35
Deuel,10,State House,4,Stephanie Sauder,REP,22
Deuel,11,State House,4,Val Rausch,REP,27
Deuel,11,State House,4,Adam Grimm,REP,13
Deuel,11,State House,4,Fred Deutsch,REP,36
Deuel,11,State House,4,Stephanie Sauder,REP,27
Deuel,03,County Commissioner District 1,,Jay Grabow,REP,45
Deuel,03,County Commissioner District 1,,Roger Kreutner,REP,25
Deuel,08,County Commissioner District 1,,Jay Grabow,REP,55
Deuel,08,County Commissioner District 1,,Roger Kreutner,REP,53
Deuel,01,County Commissioner District 3,,James Dailey,REP,25
Deuel,01,County Commissioner District 3,,Scott Fieber,REP,23
Deuel,07,County Commissioner District 3,,James Dailey,REP,7
Deuel,07,County Commissioner District 3,,Scott Fieber,REP,65
Deuel,09,County Commissioner District 3,,James Dailey,REP,16
Deuel,09,County Commissioner District 3,,Scott Fieber,REP,24
Deuel,03,County Commissioner District 5,,Harry Raymond,REP,9
Deuel,03,County Commissioner District 5,,Gary Delong,REP,10
Deuel,06,County Commissioner District 5,,Harry Raymond,REP,47
Deuel,06,County Commissioner District 5,,Gary Delong,REP,23
Deuel,09,County Commissioner District 5,,Harry Raymond,REP,47
Deuel,09,County Commissioner District 5,,Gary Delong,REP,14
Deuel,01,Constitutional Amendment C: A Constitutional Amendment Requiring Three-Fifths Vote for Approval of Ballot Measures Imposing Taxes or Fees or Obligating over $10 Million,,Yes,,22
Deuel,01,Constitutional Amendment C: A Constitutional Amendment Requiring Three-Fifths Vote for Approval of Ballot Measures Imposing Taxes or Fees or Obligating over $10 Million,,No,,46
Deuel,03,Constitutional Amendment C: A Constitutional Amendment Requiring Three-Fifths Vote for Approval of Ballot Measures Imposing Taxes or Fees or Obligating over $10 Million,,Yes,,52
Deuel,03,Constitutional Amendment C: A Constitutional Amendment Requiring Three-Fifths Vote for Approval of Ballot Measures Imposing Taxes or Fees or Obligating over $10 Million,,No,,79
Deuel,04,Constitutional Amendment C: A Constitutional Amendment Requiring Three-Fifths Vote for Approval of Ballot Measures Imposing Taxes or Fees or Obligating over $10 Million,,Yes,,29
Deuel,04,Constitutional Amendment C: A Constitutional Amendment Requiring Three-Fifths Vote for Approval of Ballot Measures Imposing Taxes or Fees or Obligating over $10 Million,,No,,54
Deuel,05,Constitutional Amendment C: A Constitutional Amendment Requiring Three-Fifths Vote for Approval of Ballot Measures Imposing Taxes or Fees or Obligating over $10 Million,,Yes,,32
Deuel,05,Constitutional Amendment C: A Constitutional Amendment Requiring Three-Fifths Vote for Approval of Ballot Measures Imposing Taxes or Fees or Obligating over $10 Million,,No,,43
Deuel,06,Constitutional Amendment C: A Constitutional Amendment Requiring Three-Fifths Vote for Approval of Ballot Measures Imposing Taxes or Fees or Obligating over $10 Million,,Yes,,28
Deuel,06,Constitutional Amendment C: A Constitutional Amendment Requiring Three-Fifths Vote for Approval of Ballot Measures Imposing Taxes or Fees or Obligating over $10 Million,,No,,67
Deuel,07,Constitutional Amendment C: A Constitutional Amendment Requiring Three-Fifths Vote for Approval of Ballot Measures Imposing Taxes or Fees or Obligating over $10 Million,,Yes,,41
Deuel,07,Constitutional Amendment C: A Constitutional Amendment Requiring Three-Fifths Vote for Approval of Ballot Measures Imposing Taxes or Fees or Obligating over $10 Million,,No,,53
Deuel,08,Constitutional Amendment C: A Constitutional Amendment Requiring Three-Fifths Vote for Approval of Ballot Measures Imposing Taxes or Fees or Obligating over $10 Million,,Yes,,75
Deuel,08,Constitutional Amendment C: A Constitutional Amendment Requiring Three-Fifths Vote for Approval of Ballot Measures Imposing Taxes or Fees or Obligating over $10 Million,,No,,77
Deuel,09,Constitutional Amendment C: A Constitutional Amendment Requiring Three-Fifths Vote for Approval of Ballot Measures Imposing Taxes or Fees or Obligating over $10 Million,,Yes,,62
Deuel,09,Constitutional Amendment C: A Constitutional Amendment Requiring Three-Fifths Vote for Approval of Ballot Measures Imposing Taxes or Fees or Obligating over $10 Million,,No,,68
Deuel,10,Constitutional Amendment C: A Constitutional Amendment Requiring Three-Fifths Vote for Approval of Ballot Measures Imposing Taxes or Fees or Obligating over $10 Million,,Yes,,32
Deuel,10,Constitutional Amendment C: A Constitutional Amendment Requiring Three-Fifths Vote for Approval of Ballot Measures Imposing Taxes or Fees or Obligating over $10 Million,,No,,42
Deuel,11,Constitutional Amendment C: A Constitutional Amendment Requiring Three-Fifths Vote for Approval of Ballot Measures Imposing Taxes or Fees or Obligating over $10 Million,,Yes,,34
Deuel,11,Constitutional Amendment C: A Constitutional Amendment Requiring Three-Fifths Vote for Approval of Ballot Measures Imposing Taxes or Fees or Obligating over $10 Million,,No,,51
Dewey,02 Trail City,U.S. Senate,,John R. Thune,REP,4
Dewey,02 Trail City,U.S. Senate,,Bruce Whalen,REP,16
Dewey,02 Trail City,U.S. Senate,,Mark Mowry,REP,5
Dewey,04 Timber Lake,U.S. Senate,,John R. Thune,REP,77
Dewey,04 Timber Lake,U.S. Senate,,Bruce Whalen,REP,8
Dewey,04 Timber Lake,U.S. Senate,,Mark Mowry,REP,7
Dewey,05 Firesteel,U.S. Senate,,John R. Thune,REP,19
Dewey,05 Firesteel,U.S. Senate,,Bruce Whalen,REP,2
Dewey,05 Firesteel,U.S. Senate,,Mark Mowry,REP,0
Dewey,06 Isabel,U.S. Senate,,John R. Thune,REP,34
Dewey,06 Isabel,U.S. Senate,,Bruce Whalen,REP,7
Dewey,06 Isabel,U.S. Senate,,Mark Mowry,REP,3
Dewey,07 Eagle Butte East,U.S. Senate,,John R. Thune,REP,4
Dewey,07 Eagle Butte East,U.S. Senate,,Bruce Whalen,REP,1
Dewey,07 Eagle Butte East,U.S. Senate,,Mark Mowry,REP,0
Dewey,08 White Horse,U.S. Senate,,John R. Thune,REP,3
Dewey,08 White Horse,U.S. Senate,,Bruce Whalen,REP,3
Dewey,08 White Horse,U.S. Senate,,Mark Mowry,REP,1
Dewey,09 Promise,U.S. Senate,,John R. Thune,REP,4
Dewey,09 Promise,U.S. Senate,,Bruce Whalen,REP,2
Dewey,09 Promise,U.S. Senate,,Mark Mowry,REP,2
Dewey,11 SwiftbirdLePlant,U.S. Senate,,John R. Thune,REP,2
Dewey,11 SwiftbirdLePlant,U.S. Senate,,Bruce Whalen,REP,2
Dewey,11 SwiftbirdLePlant,U.S. Senate,,Mark Mowry,REP,2
Dewey,12 Eagle Butte North,U.S. Senate,,John R. Thune,REP,8
Dewey,12 Eagle Butte North,U.S. Senate,,Bruce Whalen,REP,5
Dewey,12 Eagle Butte North,U.S. Senate,,Mark Mowry,REP,1
Dewey,13 Eagle Butte North,U.S. Senate,,John R. Thune,REP,8
Dewey,13 Eagle Butte North,U.S. Senate,,Bruce Whalen,REP,2
Dewey,13 Eagle Butte North,U.S. Senate,,Mark Mowry,REP,3
Dewey,14 Eagle Butte South,U.S. Senate,,John R. Thune,REP,12
Dewey,14 Eagle Butte South,U.S. Senate,,Bruce Whalen,REP,2
Dewey,14 Eagle Butte South,U.S. Senate,,Mark Mowry,REP,2
Dewey,15 Eagle Butte West,U.S. Senate,,John R. Thune,REP,12
Dewey,15 Eagle Butte West,U.S. Senate,,Bruce Whalen,REP,9
Dewey,15 Eagle Butte West,U.S. Senate,,Mark Mowry,REP,0
Douglas,Absentee Precinct,U.S. Senate,,John R. Thune,REP,68
Douglas,Absentee Precinct,U.S. Senate,,Bruce Whalen,REP,23
Douglas,Absentee Precinct,U.S. Senate,,Mark Mowry,REP,9
Douglas,1,U.S. Senate,,John R. Thune,REP,160
Douglas,1,U.S. Senate,,Bruce Whalen,REP,57
Douglas,1,U.S. Senate,,Mark Mowry,REP,11
Douglas,2,U.S. Senate,,John R. Thune,REP,138
Douglas,2,U.S. Senate,,Bruce Whalen,REP,34
Douglas,2,U.S. Senate,,Mark Mowry,REP,13
Douglas,3,U.S. Senate,,John R. Thune,REP,99
Douglas,3,U.S. Senate,,Bruce Whalen,REP,39
Douglas,3,U.S. Senate,,Mark Mowry,REP,18
Douglas,4,U.S. Senate,,John R. Thune,REP,130
Douglas,4,U.S. Senate,,Bruce Whalen,REP,40
Douglas,4,U.S. Senate,,Mark Mowry,REP,7
Douglas,5,U.S. Senate,,John R. Thune,REP,124
Douglas,5,U.S. Senate,,Bruce Whalen,REP,38
Douglas,5,U.S. Senate,,Mark Mowry,REP,10
Douglas,Absentee Precinct,U.S. House,1,Dusty Johnson,REP,60
Douglas,Absentee Precinct,U.S. House,1,Taffy Howard,REP,38
Douglas,1,U.S. House,1,Dusty Johnson,REP,118
Douglas,1,U.S. House,1,Taffy Howard,REP,113
Douglas,2,U.S. House,1,Dusty Johnson,REP,104
Douglas,2,U.S. House,1,Taffy Howard,REP,80
Douglas,3,U.S. House,1,Dusty Johnson,REP,77
Douglas,3,U.S. House,1,Taffy Howard,REP,85
Douglas,4,U.S. House,1,Dusty Johnson,REP,96
Douglas,4,U.S. House,1,Taffy Howard,REP,82
Douglas,5,U.S. House,1,Dusty Johnson,REP,92
Douglas,5,U.S. House,1,Taffy Howard,REP,81
Douglas,Absentee Precinct,Governor,,Steven Haugaard,REP,18
Douglas,Absentee Precinct,Governor,,Kristi Noem,REP,82
Douglas,1,Governor,,Steven Haugaard,REP,39
Douglas,1,Governor,,Kristi Noem,REP,196
Douglas,2,Governor,,Steven Haugaard,REP,28
Douglas,2,Governor,,Kristi Noem,REP,159
Douglas,3,Governor,,Steven Haugaard,REP,31
Douglas,3,Governor,,Kristi Noem,REP,132
Douglas,4,Governor,,Steven Haugaard,REP,33
Douglas,4,Governor,,Kristi Noem,REP,148
Douglas,5,Governor,,Steven Haugaard,REP,18
Douglas,5,Governor,,Kristi Noem,REP,159
Douglas,Absentee Precinct,Constitutional Amendment C: A Constitutional Amendment Requiring Three-Fifths Vote for Approval of Ballot Measures Imposing Taxes or Fees or Obligating over $10 Million,,Yes,,44
Douglas,Absentee Precinct,Constitutional Amendment C: A Constitutional Amendment Requiring Three-Fifths Vote for Approval of Ballot Measures Imposing Taxes or Fees or Obligating over $10 Million,,No,,69
Douglas,1,Constitutional Amendment C: A Constitutional Amendment Requiring Three-Fifths Vote for Approval of Ballot Measures Imposing Taxes or Fees or Obligating over $10 Million,,Yes,,174
Douglas,1,Constitutional Amendment C: A Constitutional Amendment Requiring Three-Fifths Vote for Approval of Ballot Measures Imposing Taxes or Fees or Obligating over $10 Million,,No,,77
Douglas,2,Constitutional Amendment C: A Constitutional Amendment Requiring Three-Fifths Vote for Approval of Ballot Measures Imposing Taxes or Fees or Obligating over $10 Million,,Yes,,121
Douglas,2,Constitutional Amendment C: A Constitutional Amendment Requiring Three-Fifths Vote for Approval of Ballot Measures Imposing Taxes or Fees or Obligating over $10 Million,,No,,96
Douglas,3,Constitutional Amendment C: A Constitutional Amendment Requiring Three-Fifths Vote for Approval of Ballot Measures Imposing Taxes or Fees or Obligating over $10 Million,,Yes,,74
Douglas,3,Constitutional Amendment C: A Constitutional Amendment Requiring Three-Fifths Vote for Approval of Ballot Measures Imposing Taxes or Fees or Obligating over $10 Million,,No,,104
Douglas,4,Constitutional Amendment C: A Constitutional Amendment Requiring Three-Fifths Vote for Approval of Ballot Measures Imposing Taxes or Fees or Obligating over $10 Million,,Yes,,87
Douglas,4,Constitutional Amendment C: A Constitutional Amendment Requiring Three-Fifths Vote for Approval of Ballot Measures Imposing Taxes or Fees or Obligating over $10 Million,,No,,109
Douglas,5,Constitutional Amendment C: A Constitutional Amendment Requiring Three-Fifths Vote for Approval of Ballot Measures Imposing Taxes or Fees or Obligating over $10 Million,,Yes,,100
Douglas,5,Constitutional Amendment C: A Constitutional Amendment Requiring Three-Fifths Vote for Approval of Ballot Measures Imposing Taxes or Fees or Obligating over $10 Million,,No,,87
Edmunds,1,U.S. Senate,,John R. Thune,REP,133
Edmunds,1,U.S. Senate,,Bruce Whalen,REP,27
Edmunds,1,U.S. Senate,,Mark Mowry,REP,11
Edmunds,2,U.S. Senate,,John R. Thune,REP,132
Edmunds,2,U.S. Senate,,Bruce Whalen,REP,19
Edmunds,2,U.S. Senate,,Mark Mowry,REP,9
Edmunds,3,U.S. Senate,,John R. Thune,REP,88
Edmunds,3,U.S. Senate,,Bruce Whalen,REP,20
Edmunds,3,U.S. Senate,,Mark Mowry,REP,25
Edmunds,4,U.S. Senate,,John R. Thune,REP,86
Edmunds,4,U.S. Senate,,Bruce Whalen,REP,25
Edmunds,4,U.S. Senate,,Mark Mowry,REP,5
Edmunds,5,U.S. Senate,,John R. Thune,REP,123
Edmunds,5,U.S. Senate,,Bruce Whalen,REP,32
Edmunds,5,U.S. Senate,,Mark Mowry,REP,7
Edmunds,6,U.S. Senate,,John R. Thune,REP,57
Edmunds,6,U.S. Senate,,Bruce Whalen,REP,9
Edmunds,6,U.S. Senate,,Mark Mowry,REP,5
Edmunds,1,U.S. House,1,Dusty Johnson,REP,103
Edmunds,1,U.S. House,1,Taffy Howard,REP,69
Edmunds,2,U.S. House,1,Dusty Johnson,REP,116
Edmunds,2,U.S. House,1,Taffy Howard,REP,47
Edmunds,3,U.S. House,1,Dusty Johnson,REP,76
Edmunds,3,U.S. House,1,Taffy Howard,REP,57
Edmunds,4,U.S. House,1,Dusty Johnson,REP,83
Edmunds,4,U.S. House,1,Taffy Howard,REP,33
Edmunds,5,U.S. House,1,Dusty Johnson,REP,99
Edmunds,5,U.S. House,1,Taffy Howard,REP,61
Edmunds,6,U.S. House,1,Dusty Johnson,REP,50
Edmunds,6,U.S. House,1,Taffy Howard,REP,20
Edmunds,1,Governor,,Steven Haugaard,REP,29
Edmunds,1,Governor,,Kristi Noem,REP,141
Edmunds,2,Governor,,Steven Haugaard,REP,26
Edmunds,2,Governor,,Kristi Noem,REP,139
Edmunds,3,Governor,,Steven Haugaard,REP,23
Edmunds,3,Governor,,Kristi Noem,REP,114
Edmunds,4,Governor,,Steven Haugaard,REP,13
Edmunds,4,Governor,,Kristi Noem,REP,104
Edmunds,5,Governor,,Steven Haugaard,REP,28
Edmunds,5,Governor,,Kristi Noem,REP,136
Edmunds,6,Governor,,Steven Haugaard,REP,12
Edmunds,6,Governor,,Kristi Noem,REP,58
Edmunds,1,Sheriff,,Bruce Sahli,REP,47
Edmunds,1,Sheriff,,Jonathan J Waldner,REP,119
Edmunds,2,Sheriff,,Bruce Sahli,REP,30
Edmunds,2,Sheriff,,Jonathan J Waldner,REP,124
Edmunds,3,Sheriff,,Bruce Sahli,REP,16
Edmunds,3,Sheriff,,Jonathan J Waldner,REP,117
Edmunds,4,Sheriff,,Bruce Sahli,REP,22
Edmunds,4,Sheriff,,Jonathan J Waldner,REP,90
Edmunds,5,Sheriff,,Bruce Sahli,REP,44
Edmunds,5,Sheriff,,Jonathan J Waldner,REP,109
Edmunds,6,Sheriff,,Bruce Sahli,REP,34
Edmunds,6,Sheriff,,Jonathan J Waldner,REP,33
Edmunds,1,State Senate,23,Bryan J. Breitling,REP,105
Edmunds,1,State Senate,23,Spencer Gosch,REP,57
Edmunds,2,State Senate,23,Bryan J. Breitling,REP,110
Edmunds,2,State Senate,23,Spencer Gosch,REP,47
Edmunds,3,State Senate,23,Bryan J. Breitling,REP,95
Edmunds,3,State Senate,23,Spencer Gosch,REP,34
Edmunds,4,State Senate,23,Bryan J. Breitling,REP,76
Edmunds,4,State Senate,23,Spencer Gosch,REP,36
Edmunds,5,State Senate,23,Bryan J. Breitling,REP,107
Edmunds,5,State Senate,23,Spencer Gosch,REP,57
Edmunds,6,State Senate,23,Bryan J. Breitling,REP,45
Edmunds,6,State Senate,23,Spencer Gosch,REP,25
Edmunds,1,Constitutional Amendment C: A Constitutional Amendment Requiring Three-Fifths Vote for Approval of Ballot Measures Imposing Taxes or Fees or Obligating over $10 Million,,Yes,,83
Edmunds,1,Constitutional Amendment C: A Constitutional Amendment Requiring Three-Fifths Vote for Approval of Ballot Measures Imposing Taxes or Fees or Obligating over $10 Million,,No,,151
Edmunds,2,Constitutional Amendment C: A Constitutional Amendment Requiring Three-Fifths Vote for Approval of Ballot Measures Imposing Taxes or Fees or Obligating over $10 Million,,Yes,,66
Edmunds,2,Constitutional Amendment C: A Constitutional Amendment Requiring Three-Fifths Vote for Approval of Ballot Measures Imposing Taxes or Fees or Obligating over $10 Million,,No,,149
Edmunds,3,Constitutional Amendment C: A Constitutional Amendment Requiring Three-Fifths Vote for Approval of Ballot Measures Imposing Taxes or Fees or Obligating over $10 Million,,Yes,,67
Edmunds,3,Constitutional Amendment C: A Constitutional Amendment Requiring Three-Fifths Vote for Approval of Ballot Measures Imposing Taxes or Fees or Obligating over $10 Million,,No,,109
Edmunds,4,Constitutional Amendment C: A Constitutional Amendment Requiring Three-Fifths Vote for Approval of Ballot Measures Imposing Taxes or Fees or Obligating over $10 Million,,Yes,,57
Edmunds,4,Constitutional Amendment C: A Constitutional Amendment Requiring Three-Fifths Vote for Approval of Ballot Measures Imposing Taxes or Fees or Obligating over $10 Million,,No,,89
Edmunds,5,Constitutional Amendment C: A Constitutional Amendment Requiring Three-Fifths Vote for Approval of Ballot Measures Imposing Taxes or Fees or Obligating over $10 Million,,Yes,,74
Edmunds,5,Constitutional Amendment C: A Constitutional Amendment Requiring Three-Fifths Vote for Approval of Ballot Measures Imposing Taxes or Fees or Obligating over $10 Million,,No,,122
Edmunds,6,Constitutional Amendment C: A Constitutional Amendment Requiring Three-Fifths Vote for Approval of Ballot Measures Imposing Taxes or Fees or Obligating over $10 Million,,Yes,,28
Edmunds,6,Constitutional Amendment C: A Constitutional Amendment Requiring Three-Fifths Vote for Approval of Ballot Measures Imposing Taxes or Fees or Obligating over $10 Million,,No,,67
Fall River,BEA,U.S. Senate,,John R. Thune,REP,51
Fall River,BEA,U.S. Senate,,Bruce Whalen,REP,27
Fall River,BEA,U.S. Senate,,Mark Mowry,REP,5
Fall River,CAS,U.S. Senate,,John R. Thune,REP,40
Fall River,CAS,U.S. Senate,,Bruce Whalen,REP,23
Fall River,CAS,U.S. Senate,,Mark Mowry,REP,7
Fall River,EDA,U.S. Senate,,John R. Thune,REP,157
Fall River,EDA,U.S. Senate,,Bruce Whalen,REP,51
Fall River,EDA,U.S. Senate,,Mark Mowry,REP,23
Fall River,HS 1,U.S. Senate,,John R. Thune,REP,122
Fall River,HS 1,U.S. Senate,,Bruce Whalen,REP,54
Fall River,HS 1,U.S. Senate,,Mark Mowry,REP,14
Fall River,HS 2,U.S. Senate,,John R. Thune,REP,117
Fall River,HS 2,U.S. Senate,,Bruce Whalen,REP,33
Fall River,HS 2,U.S. Senate,,Mark Mowry,REP,22
Fall River,HS 3,U.S. Senate,,John R. Thune,REP,85
Fall River,HS 3,U.S. Senate,,Bruce Whalen,REP,43
Fall River,HS 3,U.S. Senate,,Mark Mowry,REP,13
Fall River,HS 4,U.S. Senate,,John R. Thune,REP,111
Fall River,HS 4,U.S. Senate,,Bruce Whalen,REP,28
Fall River,HS 4,U.S. Senate,,Mark Mowry,REP,11
Fall River,IAC,U.S. Senate,,John R. Thune,REP,293
Fall River,IAC,U.S. Senate,,Bruce Whalen,REP,100
Fall River,IAC,U.S. Senate,,Mark Mowry,REP,23
Fall River,Oelrichs Area,U.S. Senate,,John R. Thune,REP,54
Fall River,Oelrichs Area,U.S. Senate,,Bruce Whalen,REP,44
Fall River,Oelrichs Area,U.S. Senate,,Mark Mowry,REP,9
Fall River,BEA,U.S. House,1,Dusty Johnson,REP,32
Fall River,BEA,U.S. House,1,Taffy Howard,REP,53
Fall River,CAS,U.S. House,1,Dusty Johnson,REP,35
Fall River,CAS,U.S. House,1,Taffy Howard,REP,35
Fall River,EDA,U.S. House,1,Dusty Johnson,REP,111
Fall River,EDA,U.S. House,1,Taffy Howard,REP,121
Fall River,HS 1,U.S. House,1,Dusty Johnson,REP,88
Fall River,HS 1,U.S. House,1,Taffy Howard,REP,106
Fall River,HS 2,U.S. House,1,Dusty Johnson,REP,100
Fall River,HS 2,U.S. House,1,Taffy Howard,REP,71
Fall River,HS 3,U.S. House,1,Dusty Johnson,REP,82
Fall River,HS 3,U.S. House,1,Taffy Howard,REP,58
Fall River,HS 4,U.S. House,1,Dusty Johnson,REP,95
Fall River,HS 4,U.S. House,1,Taffy Howard,REP,57
Fall River,JAC,U.S. House,1,Dusty Johnson,REP,227
Fall River,JAC,U.S. House,1,Taffy Howard,REP,200
Fall River,Oelrichs Area,U.S. House,1,Dusty Johnson,REP,39
Fall River,Oelrichs Area,U.S. House,1,Taffy Howard,REP,65
Fall River,BEA,Governor,,Steven Haugaard,REP,16
Fall River,BEA,Governor,,Kristi Noem,REP,69
Fall River,CAS,Governor,,Steven Haugaard,REP,15
Fall River,CAS,Governor,,Kristi Noem,REP,58
Fall River,EDA,Governor,,Steven Haugaard,REP,39
Fall River,EDA,Governor,,Kristi Noem,REP,198
Fall River,HS 1,Governor,,Steven Haugaard,REP,49
Fall River,HS 1,Governor,,Kristi Noem,REP,152
Fall River,HS 2,Governor,,Steven Haugaard,REP,41
Fall River,HS 2,Governor,,Kristi Noem,REP,132
Fall River,HS 3,Governor,,Steven Haugaard,REP,38
Fall River,HS 3,Governor,,Kristi Noem,REP,103
Fall River,HS 4,Governor,,Steven Haugaard,REP,37
Fall River,HS 4,Governor,,Kristi Noem,REP,116
Fall River,JAC,Governor,,Steven Haugaard,REP,78
Fall River,JAC,Governor,,Kristi Noem,REP,351
Fall River,Oelrichs Area,Governor,,Steven Haugaard,REP,33
Fall River,Oelrichs Area,Governor,,Kristi Noem,REP,76
Fall River,BEA,State Senate,30,Julie Frye-Mueller,REP,38
Fall River,BEA,State Senate,30,Timothy R. Goodwin,REP,47
Fall River,CAS,State Senate,30,Julie Frye-Mueller,REP,35
Fall River,CAS,State Senate,30,Timothy R. Goodwin,REP,32
Fall River,EDA,State Senate,30,Julie Frye-Mueller,REP,129
Fall River,EDA,State Senate,30,Timothy R. Goodwin,REP,99
Fall River,HS 1,State Senate,30,Julie Frye-Mueller,REP,113
Fall River,HS 1,State Senate,30,Timothy R. Goodwin,REP,79
Fall River,HS 2,State Senate,30,Julie Frye-Mueller,REP,86
Fall River,HS 2,State Senate,30,Timothy R. Goodwin,REP,75
Fall River,HS 3,State Senate,30,Julie Frye-Mueller,REP,81
Fall River,HS 3,State Senate,30,Timothy R. Goodwin,REP,57
Fall River,HS 4,State Senate,30,Julie Frye-Mueller,REP,80
Fall River,HS 4,State Senate,30,Timothy R. Goodwin,REP,68
Fall River,HAC,State Senate,30,Julie Frye-Mueller,REP,212
Fall River,HAC,State Senate,30,Timothy R. Goodwin,REP,208
Fall River,Delrichs Area,State Senate,30,Julie Frye-Mueller,REP,76
Fall River,Delrichs Area,State Senate,30,Timothy R. Goodwin,REP,28
Fall River,JAC,Precinct Committeeman JAC,,Michael P Ortner,REP,193
Fall River,JAC,Precinct Committeeman JAC,,Ben J Tubbs,REP,125
Fall River,BEA,Precinct Committeewoman BEA,,Kim Allen,REP,45
Fall River,BEA,Precinct Committeewoman BEA,,Sandra K Wahlert,REP,28
Fall River,BEA,School Board Member Hot Springs School District 23-2,,Zachariah Jon Bell,,26
Fall River,BEA,School Board Member Hot Springs School District 23-2,,Robert J Preuss,,35
Fall River,BEA,School Board Member Hot Springs School District 23-2,,Brian D Jarding,,61
Fall River,CAS,School Board Member Hot Springs School District 23-2,,Zachariah Jon Bell,,23
Fall River,CAS,School Board Member Hot Springs School District 23-2,,Robert J Preuss,,48
Fall River,CAS,School Board Member Hot Springs School District 23-2,,Brian D Jarding,,28
Fall River,HS 1,School Board Member Hot Springs School District 23-2,,Zachariah Jon Bell,,114
Fall River,HS 1,School Board Member Hot Springs School District 23-2,,Robert J Preuss,,131
Fall River,HS 1,School Board Member Hot Springs School District 23-2,,Brian D Jarding,,132
Fall River,HS 2,School Board Member Hot Springs School District 23-2,,Zachariah Jon Bell,,91
Fall River,HS 2,School Board Member Hot Springs School District 23-2,,Robert J Preuss,,122
Fall River,HS 2,School Board Member Hot Springs School District 23-2,,Brian D Jarding,,124
Fall River,HS 3,School Board Member Hot Springs School District 23-2,,Zachariah Jon Bell,,70
Fall River,HS 3,School Board Member Hot Springs School District 23-2,,Robert J Preuss,,130
Fall River,HS 3,School Board Member Hot Springs School District 23-2,,Brian D Jarding,,109
Fall River,HS 4,School Board Member Hot Springs School District 23-2,,Zachariah Jon Bell,,58
Fall River,HS 4,School Board Member Hot Springs School District 23-2,,Robert J Preuss,,112
Fall River,HS 4,School Board Member Hot Springs School District 23-2,,Brian D Jarding,,106
Fall River,HAC,School Board Member Hot Springs School District 23-2,,Zachariah Jon Bell,,160
Fall River,HAC,School Board Member Hot Springs School District 23-2,,Robert J Preuss,,243
Fall River,HAC,School Board Member Hot Springs School District 23-2,,Brian D Jarding,,229
Fall River,Oelrichs Area,School Board Member Oelrichs School District 23-3,,Jennifer Her Many Horses,,42
Fall River,Oelrichs Area,School Board Member Oelrichs School District 23-3,,Marty Schommer,,90
Fall River,Oelrichs Area,School Board Member Oelrichs School District 23-3,,Katie Merdanian,,68
Fall River,HS 1,Mayor Hot Springs,,"Randy ""Uriah"" Luallin",,84
Fall River,HS 1,Mayor Hot Springs,,Robert L. Nelson,,197
Fall River,HS 2,Mayor Hot Springs,,"Randy ""Uriah"" Luallin",,55
Fall River,HS 2,Mayor Hot Springs,,Robert L. Nelson,,172
Fall River,HS 3,Mayor Hot Springs,,"Randy ""Uriah"" Luallin",,53
Fall River,HS 3,Mayor Hot Springs,,Robert L. Nelson,,144
Fall River,HS 4,Mayor Hot Springs,,"Randy ""Uriah"" Luallin",,60
Fall River,HS 4,Mayor Hot Springs,,Robert L. Nelson,,145
Fall River,HS 1,Alderman Hot Springs Ward-1,,David Teachout,,77
Fall River,HS 1,Alderman Hot Springs Ward-1,,Larry Pratt,,180
Fall River,BEA,Constitutional Amendment C: A Constitutional Amendment Requiring Three-Fifths Vote for Approval of Ballot Measures Imposing Taxes or Fees or Obligating over $10 Million,,Yes,,46
Fall River,BEA,Constitutional Amendment C: A Constitutional Amendment Requiring Three-Fifths Vote for Approval of Ballot Measures Imposing Taxes or Fees or Obligating over $10 Million,,No,,45
Fall River,CAS,Constitutional Amendment C: A Constitutional Amendment Requiring Three-Fifths Vote for Approval of Ballot Measures Imposing Taxes or Fees or Obligating over $10 Million,,Yes,,32
Fall River,CAS,Constitutional Amendment C: A Constitutional Amendment Requiring Three-Fifths Vote for Approval of Ballot Measures Imposing Taxes or Fees or Obligating over $10 Million,,No,,57
Fall River,EDA,Constitutional Amendment C: A Constitutional Amendment Requiring Three-Fifths Vote for Approval of Ballot Measures Imposing Taxes or Fees or Obligating over $10 Million,,Yes,,139
Fall River,EDA,Constitutional Amendment C: A Constitutional Amendment Requiring Three-Fifths Vote for Approval of Ballot Measures Imposing Taxes or Fees or Obligating over $10 Million,,No,,163
Fall River,HS 1,Constitutional Amendment C: A Constitutional Amendment Requiring Three-Fifths Vote for Approval of Ballot Measures Imposing Taxes or Fees or Obligating over $10 Million,,Yes,,110
Fall River,HS 1,Constitutional Amendment C: A Constitutional Amendment Requiring Three-Fifths Vote for Approval of Ballot Measures Imposing Taxes or Fees or Obligating over $10 Million,,No,,188
Fall River,HS 2,Constitutional Amendment C: A Constitutional Amendment Requiring Three-Fifths Vote for Approval of Ballot Measures Imposing Taxes or Fees or Obligating over $10 Million,,Yes,,81
Fall River,HS 2,Constitutional Amendment C: A Constitutional Amendment Requiring Three-Fifths Vote for Approval of Ballot Measures Imposing Taxes or Fees or Obligating over $10 Million,,No,,158
Fall River,HS 3,Constitutional Amendment C: A Constitutional Amendment Requiring Three-Fifths Vote for Approval of Ballot Measures Imposing Taxes or Fees or Obligating over $10 Million,,Yes,,73
Fall River,HS 3,Constitutional Amendment C: A Constitutional Amendment Requiring Three-Fifths Vote for Approval of Ballot Measures Imposing Taxes or Fees or Obligating over $10 Million,,No,,135
Fall River,HS 4,Constitutional Amendment C: A Constitutional Amendment Requiring Three-Fifths Vote for Approval of Ballot Measures Imposing Taxes or Fees or Obligating over $10 Million,,Yes,,67
Fall River,HS 4,Constitutional Amendment C: A Constitutional Amendment Requiring Three-Fifths Vote for Approval of Ballot Measures Imposing Taxes or Fees or Obligating over $10 Million,,No,,144
Fall River,JAC,Constitutional Amendment C: A Constitutional Amendment Requiring Three-Fifths Vote for Approval of Ballot Measures Imposing Taxes or Fees or Obligating over $10 Million,,Yes,,225
Fall River,JAC,Constitutional Amendment C: A Constitutional Amendment Requiring Three-Fifths Vote for Approval of Ballot Measures Imposing Taxes or Fees or Obligating over $10 Million,,No,,296
Fall River,Oelrichs Area,Constitutional Amendment C: A Constitutional Amendment Requiring Three-Fifths Vote for Approval of Ballot Measures Imposing Taxes or Fees or Obligating over $10 Million,,Yes,,56
Fall River,Oelrichs Area,Constitutional Amendment C: A Constitutional Amendment Requiring Three-Fifths Vote for Approval of Ballot Measures Imposing Taxes or Fees or Obligating over $10 Million,,No,,69
Faulk,1,U.S. Senate,,John R. Thune,REP,47
Faulk,1,U.S. Senate,,Bruce Whalen,REP,27
Faulk,1,U.S. Senate,,Mark Mowry,REP,1
Faulk,2,U.S. Senate,,John R. Thune,REP,35
Faulk,2,U.S. Senate,,Bruce Whalen,REP,10
Faulk,2,U.S. Senate,,Mark Mowry,REP,3
Faulk,3,U.S. Senate,,John R. Thune,REP,47
Faulk,3,U.S. Senate,,Bruce Whalen,REP,17
Faulk,3,U.S. Senate,,Mark Mowry,REP,8
Faulk,4,U.S. Senate,,John R. Thune,REP,33
Faulk,4,U.S. Senate,,Bruce Whalen,REP,15
Faulk,4,U.S. Senate,,Mark Mowry,REP,5
Faulk,5,U.S. Senate,,John R. Thune,REP,26
Faulk,5,U.S. Senate,,Bruce Whalen,REP,7
Faulk,5,U.S. Senate,,Mark Mowry,REP,3
Faulk,6,U.S. Senate,,John R. Thune,REP,79
Faulk,6,U.S. Senate,,Bruce Whalen,REP,19
Faulk,6,U.S. Senate,,Mark Mowry,REP,11
Faulk,7,U.S. Senate,,John R. Thune,REP,88
Faulk,7,U.S. Senate,,Bruce Whalen,REP,17
Faulk,7,U.S. Senate,,Mark Mowry,REP,6
Faulk,1,U.S. House,1,Dusty Johnson,REP,46
Faulk,1,U.S. House,1,Taffy Howard,REP,28
Faulk,2,U.S. House,1,Dusty Johnson,REP,28
Faulk,2,U.S. House,1,Taffy Howard,REP,20
Faulk,3,U.S. House,1,Dusty Johnson,REP,36
Faulk,3,U.S. House,1,Taffy Howard,REP,39
Faulk,4,U.S. House,1,Dusty Johnson,REP,28
Faulk,4,U.S. House,1,Taffy Howard,REP,27
Faulk,5,U.S. House,1,Dusty Johnson,REP,24
Faulk,5,U.S. House,1,Taffy Howard,REP,13
Faulk,6,U.S. House,1,Dusty Johnson,REP,64
Faulk,6,U.S. House,1,Taffy Howard,REP,43
Faulk,7,U.S. House,1,Dusty Johnson,REP,69
Faulk,7,U.S. House,1,Taffy Howard,REP,40
Faulk,1,Governor,,Steven Haugaard,REP,15
Faulk,1,Governor,,Kristi Noem,REP,60
Faulk,2,Governor,,Steven Haugaard,REP,8
Faulk,2,Governor,,Kristi Noem,REP,40
Faulk,3,Governor,,Steven Haugaard,REP,8
Faulk,3,Governor,,Kristi Noem,REP,63
Faulk,4,Governor,,Steven Haugaard,REP,9
Faulk,4,Governor,,Kristi Noem,REP,46
Faulk,5,Governor,,Steven Haugaard,REP,8
Faulk,5,Governor,,Kristi Noem,REP,29
Faulk,6,Governor,,Steven Haugaard,REP,24
Faulk,6,Governor,,Kristi Noem,REP,86
Faulk,7,Governor,,Steven Haugaard,REP,18
Faulk,7,Governor,,Kristi Noem,REP,93
Faulk,1,State Senate,23,Bryan J. Breitling,REP,39
Faulk,1,State Senate,23,Spencer Gosch,REP,30
Faulk,2,State Senate,23,Bryan J. Breitling,REP,28
Faulk,2,State Senate,23,Spencer Gosch,REP,20
Faulk,3,State Senate,23,Bryan J. Breitling,REP,46
Faulk,3,State Senate,23,Spencer Gosch,REP,27
Faulk,4,State Senate,23,Bryan J. Breitling,REP,32
Faulk,4,State Senate,23,Spencer Gosch,REP,19
Faulk,5,State Senate,23,Bryan J. Breitling,REP,18
Faulk,5,State Senate,23,Spencer Gosch,REP,18
Faulk,6,State Senate,23,Bryan J. Breitling,REP,55
Faulk,6,State Senate,23,Spencer Gosch,REP,48
Faulk,7,State Senate,23,Bryan J. Breitling,REP,55
Faulk,7,State Senate,23,Spencer Gosch,REP,48
Faulk,1,State House,23,Scott Moore,REP,53
Faulk,1,State House,23,Brandon Black,REP,7
Faulk,1,State House,23,Gregory Brooks,REP,12
Faulk,1,State House,23,James D. Wangsness,REP,33
Faulk,2,State House,23,Scott Moore,REP,32
Faulk,2,State House,23,Brandon Black,REP,9
Faulk,2,State House,23,Gregory Brooks,REP,10
Faulk,2,State House,23,James D. Wangsness,REP,19
Faulk,3,State House,23,Scott Moore,REP,54
Faulk,3,State House,23,Brandon Black,REP,4
Faulk,3,State House,23,Gregory Brooks,REP,11
Faulk,3,State House,23,James D. Wangsness,REP,48
Faulk,4,State House,23,Scott Moore,REP,34
Faulk,4,State House,23,Brandon Black,REP,3
Faulk,4,State House,23,Gregory Brooks,REP,11
Faulk,4,State House,23,James D. Wangsness,REP,31
Faulk,5,State House,23,Scott Moore,REP,23
Faulk,5,State House,23,Brandon Black,REP,2
Faulk,5,State House,23,Gregory Brooks,REP,5
Faulk,5,State House,23,James D. Wangsness,REP,20
Faulk,6,State House,23,Scott Moore,REP,64
Faulk,6,State House,23,Brandon Black,REP,12
Faulk,6,State House,23,Gregory Brooks,REP,15
Faulk,6,State House,23,James D. Wangsness,REP,59
Faulk,7,State House,23,Scott Moore,REP,63
Faulk,7,State House,23,Brandon Black,REP,15
Faulk,7,State House,23,Gregory Brooks,REP,15
Faulk,7,State House,23,James D. Wangsness,REP,69
Faulk,1,Constitutional Amendment C: A Constitutional Amendment Requiring Three-Fifths Vote for Approval of Ballot Measures Imposing Taxes or Fees or Obligating over $10 Million,,Yes,,28
Faulk,1,Constitutional Amendment C: A Constitutional Amendment Requiring Three-Fifths Vote for Approval of Ballot Measures Imposing Taxes or Fees or Obligating over $10 Million,,No,,71
Faulk,2,Constitutional Amendment C: A Constitutional Amendment Requiring Three-Fifths Vote for Approval of Ballot Measures Imposing Taxes or Fees or Obligating over $10 Million,,Yes,,23
Faulk,2,Constitutional Amendment C: A Constitutional Amendment Requiring Three-Fifths Vote for Approval of Ballot Measures Imposing Taxes or Fees or Obligating over $10 Million,,No,,30
Faulk,3,Constitutional Amendment C: A Constitutional Amendment Requiring Three-Fifths Vote for Approval of Ballot Measures Imposing Taxes or Fees or Obligating over $10 Million,,Yes,,35
Faulk,3,Constitutional Amendment C: A Constitutional Amendment Requiring Three-Fifths Vote for Approval of Ballot Measures Imposing Taxes or Fees or Obligating over $10 Million,,No,,49
Faulk,4,Constitutional Amendment C: A Constitutional Amendment Requiring Three-Fifths Vote for Approval of Ballot Measures Imposing Taxes or Fees or Obligating over $10 Million,,Yes,,23
Faulk,4,Constitutional Amendment C: A Constitutional Amendment Requiring Three-Fifths Vote for Approval of Ballot Measures Imposing Taxes or Fees or Obligating over $10 Million,,No,,39
Faulk,5,Constitutional Amendment C: A Constitutional Amendment Requiring Three-Fifths Vote for Approval of Ballot Measures Imposing Taxes or Fees or Obligating over $10 Million,,Yes,,21
Faulk,5,Constitutional Amendment C: A Constitutional Amendment Requiring Three-Fifths Vote for Approval of Ballot Measures Imposing Taxes or Fees or Obligating over $10 Million,,No,,26
Faulk,6,Constitutional Amendment C: A Constitutional Amendment Requiring Three-Fifths Vote for Approval of Ballot Measures Imposing Taxes or Fees or Obligating over $10 Million,,Yes,,36
Faulk,6,Constitutional Amendment C: A Constitutional Amendment Requiring Three-Fifths Vote for Approval of Ballot Measures Imposing Taxes or Fees or Obligating over $10 Million,,No,,81
Faulk,7,Constitutional Amendment C: A Constitutional Amendment Requiring Three-Fifths Vote for Approval of Ballot Measures Imposing Taxes or Fees or Obligating over $10 Million,,Yes,,41
Faulk,7,Constitutional Amendment C: A Constitutional Amendment Requiring Three-Fifths Vote for Approval of Ballot Measures Imposing Taxes or Fees or Obligating over $10 Million,,No,,91
Grant,11,U.S. Senate,,John R. Thune,REP,103
Grant,11,U.S. Senate,,Bruce Whalen,REP,16
Grant,11,U.S. Senate,,Mark Mowry,REP,7
Grant,12,U.S. Senate,,John R. Thune,REP,3
Grant,12,U.S. Senate,,Bruce Whalen,REP,0
Grant,12,U.S. Senate,,Mark Mowry,REP,0
Grant,21,U.S. Senate,,John R. Thune,REP,45
Grant,21,U.S. Senate,,Bruce Whalen,REP,1
Grant,21,U.S. Senate,,Mark Mowry,REP,1
Grant,22,U.S. Senate,,John R. Thune,REP,93
Grant,22,U.S. Senate,,Bruce Whalen,REP,21
Grant,22,U.S. Senate,,Mark Mowry,REP,6
Grant,31,U.S. Senate,,John R. Thune,REP,1
Grant,31,U.S. Senate,,Bruce Whalen,REP,2
Grant,31,U.S. Senate,,Mark Mowry,REP,2
Grant,32,U.S. Senate,,John R. Thune,REP,23
Grant,32,U.S. Senate,,Bruce Whalen,REP,9
Grant,32,U.S. Senate,,Mark Mowry,REP,3
Grant,33,U.S. Senate,,John R. Thune,REP,103
Grant,33,U.S. Senate,,Bruce Whalen,REP,10
Grant,33,U.S. Senate,,Mark Mowry,REP,3
Grant,41,U.S. Senate,,John R. Thune,REP,45
Grant,41,U.S. Senate,,Bruce Whalen,REP,13
Grant,41,U.S. Senate,,Mark Mowry,REP,4
Grant,42,U.S. Senate,,John R. Thune,REP,66
Grant,42,U.S. Senate,,Bruce Whalen,REP,14
Grant,42,U.S. Senate,,Mark Mowry,REP,12
Grant,43,U.S. Senate,,John R. Thune,REP,93
Grant,43,U.S. Senate,,Bruce Whalen,REP,23
Grant,43,U.S. Senate,,Mark Mowry,REP,5
Grant,44,U.S. Senate,,John R. Thune,REP,38
Grant,44,U.S. Senate,,Bruce Whalen,REP,5
Grant,44,U.S. Senate,,Mark Mowry,REP,0
Grant,45,U.S. Senate,,John R. Thune,REP,42
Grant,45,U.S. Senate,,Bruce Whalen,REP,11
Grant,45,U.S. Senate,,Mark Mowry,REP,5
Grant,46,U.S. Senate,,John R. Thune,REP,53
Grant,46,U.S. Senate,,Bruce Whalen,REP,13
Grant,46,U.S. Senate,,Mark Mowry,REP,4
Grant,47,U.S. Senate,,John R. Thune,REP,66
Grant,47,U.S. Senate,,Bruce Whalen,REP,13
Grant,47,U.S. Senate,,Mark Mowry,REP,1
Grant,49,U.S. Senate,,John R. Thune,REP,22
Grant,49,U.S. Senate,,Bruce Whalen,REP,9
Grant,49,U.S. Senate,,Mark Mowry,REP,2
Grant,52,U.S. Senate,,John R. Thune,REP,13
Grant,52,U.S. Senate,,Bruce Whalen,REP,2
Grant,52,U.S. Senate,,Mark Mowry,REP,0
Grant,53,U.S. Senate,,John R. Thune,REP,16
Grant,53,U.S. Senate,,Bruce Whalen,REP,4
Grant,53,U.S. Senate,,Mark Mowry,REP,1
Grant,54,U.S. Senate,,John R. Thune,REP,40
Grant,54,U.S. Senate,,Bruce Whalen,REP,6
Grant,54,U.S. Senate,,Mark Mowry,REP,3
Grant,11,U.S. House,1,Dusty Johnson,REP,75
Grant,11,U.S. House,1,Taffy Howard,REP,50
Grant,12,U.S. House,1,Dusty Johnson,REP,1
Grant,12,U.S. House,1,Taffy Howard,REP,2
Grant,21,U.S. House,1,Dusty Johnson,REP,30
Grant,21,U.S. House,1,Taffy Howard,REP,18
Grant,22,U.S. House,1,Dusty Johnson,REP,68
Grant,22,U.S. House,1,Taffy Howard,REP,52
Grant,31,U.S. House,1,Dusty Johnson,REP,2
Grant,31,U.S. House,1,Taffy Howard,REP,3
Grant,32,U.S. House,1,Dusty Johnson,REP,20
Grant,32,U.S. House,1,Taffy Howard,REP,16
Grant,33,U.S. House,1,Dusty Johnson,REP,77
Grant,33,U.S. House,1,Taffy Howard,REP,37
Grant,41,U.S. House,1,Dusty Johnson,REP,30
Grant,41,U.S. House,1,Taffy Howard,REP,34
Grant,42,U.S. House,1,Dusty Johnson,REP,46
Grant,42,U.S. House,1,Taffy Howard,REP,47
Grant,43,U.S. House,1,Dusty Johnson,REP,73
Grant,43,U.S. House,1,Taffy Howard,REP,47
Grant,44,U.S. House,1,Dusty Johnson,REP,27
Grant,44,U.S. House,1,Taffy Howard,REP,17
Grant,45,U.S. House,1,Dusty Johnson,REP,34
Grant,45,U.S. House,1,Taffy Howard,REP,23
Grant,46,U.S. House,1,Dusty Johnson,REP,33
Grant,46,U.S. House,1,Taffy Howard,REP,40
Grant,47,U.S. House,1,Dusty Johnson,REP,55
Grant,47,U.S. House,1,Taffy Howard,REP,22
Grant,49,U.S. House,1,Dusty Johnson,REP,20
Grant,49,U.S. House,1,Taffy Howard,REP,14
Grant,52,U.S. House,1,Dusty Johnson,REP,12
Grant,52,U.S. House,1,Taffy Howard,REP,3
Grant,53,U.S. House,1,Dusty Johnson,REP,10
Grant,53,U.S. House,1,Taffy Howard,REP,11
Grant,54,U.S. House,1,Dusty Johnson,REP,28
Grant,54,U.S. House,1,Taffy Howard,REP,21
Grant,11,Governor,,Steven Haugaard,REP,17
Grant,11,Governor,,Kristi Noem,REP,115
Grant,12,Governor,,Steven Haugaard,REP,0
Grant,12,Governor,,Kristi Noem,REP,3
Grant,21,Governor,,Steven Haugaard,REP,12
Grant,21,Governor,,Kristi Noem,REP,37
Grant,22,Governor,,Steven Haugaard,REP,29
Grant,22,Governor,,Kristi Noem,REP,93
Grant,31,Governor,,Steven Haugaard,REP,5
Grant,31,Governor,,Kristi Noem,REP,0
Grant,32,Governor,,Steven Haugaard,REP,8
Grant,32,Governor,,Kristi Noem,REP,29
Grant,33,Governor,,Steven Haugaard,REP,23
Grant,33,Governor,,Kristi Noem,REP,95
Grant,41,Governor,,Steven Haugaard,REP,7
Grant,41,Governor,,Kristi Noem,REP,56
Grant,42,Governor,,Steven Haugaard,REP,15
Grant,42,Governor,,Kristi Noem,REP,79
Grant,43,Governor,,Steven Haugaard,REP,15
Grant,43,Governor,,Kristi Noem,REP,107
Grant,44,Governor,,Steven Haugaard,REP,2
Grant,44,Governor,,Kristi Noem,REP,42
Grant,45,Governor,,Steven Haugaard,REP,11
Grant,45,Governor,,Kristi Noem,REP,48
Grant,46,Governor,,Steven Haugaard,REP,8
Grant,46,Governor,,Kristi Noem,REP,66
Grant,47,Governor,,Steven Haugaard,REP,7
Grant,47,Governor,,Kristi Noem,REP,73
Grant,49,Governor,,Steven Haugaard,REP,6
Grant,49,Governor,,Kristi Noem,REP,28
Grant,52,Governor,,Steven Haugaard,REP,1
Grant,52,Governor,,Kristi Noem,REP,14
Grant,53,Governor,,Steven Haugaard,REP,4
Grant,53,Governor,,Kristi Noem,REP,17
Grant,54,Governor,,Steven Haugaard,REP,9
Grant,54,Governor,,Kristi Noem,REP,40
Grant,11,State House,4,Val Rausch,REP,88
Grant,11,State House,4,Adam Grimm,REP,35
Grant,11,State House,4,Fred Deutsch,REP,70
Grant,11,State House,4,Stephanie Sauder,REP,35
Grant,12,State House,4,Val Rausch,REP,1
Grant,12,State House,4,Adam Grimm,REP,2
Grant,12,State House,4,Fred Deutsch,REP,1
Grant,12,State House,4,Stephanie Sauder,REP,1
Grant,21,State House,4,Val Rausch,REP,39
Grant,21,State House,4,Adam Grimm,REP,5
Grant,21,State House,4,Fred Deutsch,REP,24
Grant,21,State House,4,Stephanie Sauder,REP,14
Grant,22,State House,4,Val Rausch,REP,82
Grant,22,State House,4,Adam Grimm,REP,33
Grant,22,State House,4,Fred Deutsch,REP,59
Grant,22,State House,4,Stephanie Sauder,REP,38
Grant,31,State House,4,Val Rausch,REP,2
Grant,31,State House,4,Adam Grimm,REP,3
Grant,31,State House,4,Fred Deutsch,REP,1
Grant,31,State House,4,Stephanie Sauder,REP,3
Grant,32,State House,4,Val Rausch,REP,24
Grant,32,State House,4,Adam Grimm,REP,10
Grant,32,State House,4,Fred Deutsch,REP,18
Grant,32,State House,4,Stephanie Sauder,REP,9
Grant,33,State House,4,Val Rausch,REP,88
Grant,33,State House,4,Adam Grimm,REP,21
Grant,33,State House,4,Fred Deutsch,REP,48
Grant,33,State House,4,Stephanie Sauder,REP,52
Grant,41,State House,4,Val Rausch,REP,41
Grant,41,State House,4,Adam Grimm,REP,18
Grant,41,State House,4,Fred Deutsch,REP,31
Grant,41,State House,4,Stephanie Sauder,REP,24
Grant,42,State House,4,Val Rausch,REP,64
Grant,42,State House,4,Adam Grimm,REP,21
Grant,42,State House,4,Fred Deutsch,REP,50
Grant,42,State House,4,Stephanie Sauder,REP,29
Grant,43,State House,4,Val Rausch,REP,91
Grant,43,State House,4,Adam Grimm,REP,25
Grant,43,State House,4,Fred Deutsch,REP,47
Grant,43,State House,4,Stephanie Sauder,REP,35
Grant,44,State House,4,Val Rausch,REP,25
Grant,44,State House,4,Adam Grimm,REP,6
Grant,44,State House,4,Fred Deutsch,REP,21
Grant,44,State House,4,Stephanie Sauder,REP,17
Grant,45,State House,4,Val Rausch,REP,33
Grant,45,State House,4,Adam Grimm,REP,19
Grant,45,State House,4,Fred Deutsch,REP,35
Grant,45,State House,4,Stephanie Sauder,REP,21
Grant,46,State House,4,Val Rausch,REP,51
Grant,46,State House,4,Adam Grimm,REP,9
Grant,46,State House,4,Fred Deutsch,REP,34
Grant,46,State House,4,Stephanie Sauder,REP,33
Grant,47,State House,4,Val Rausch,REP,54
Grant,47,State House,4,Adam Grimm,REP,20
Grant,47,State House,4,Fred Deutsch,REP,51
Grant,47,State House,4,Stephanie Sauder,REP,23
Grant,49,State House,4,Val Rausch,REP,18
Grant,49,State House,4,Adam Grimm,REP,7
Grant,49,State House,4,Fred Deutsch,REP,12
Grant,49,State House,4,Stephanie Sauder,REP,15
Grant,52,State House,4,Val Rausch,REP,9
Grant,52,State House,4,Adam Grimm,REP,5
Grant,52,State House,4,Fred Deutsch,REP,5
Grant,52,State House,4,Stephanie Sauder,REP,6
Grant,53,State House,4,Val Rausch,REP,10
Grant,53,State House,4,Adam Grimm,REP,6
Grant,53,State House,4,Fred Deutsch,REP,11
Grant,53,State House,4,Stephanie Sauder,REP,6
Grant,54,State House,4,Val Rausch,REP,30
Grant,54,State House,4,Adam Grimm,REP,9
Grant,54,State House,4,Fred Deutsch,REP,30
Grant,54,State House,4,Stephanie Sauder,REP,18
Grant,21,City Council Member Milbank Ward-02,,Craig Weinberg,,36
Grant,21,City Council Member Milbank Ward-02,,Scott Hoeke,,30
Grant,22,City Council Member Milbank Ward-02,,Craig Weinberg,,106
Grant,22,City Council Member Milbank Ward-02,,Scott Hoeke,,69
Grant,11,Constitutional Amendment C: A Constitutional Amendment Requiring Three-Fifths Vote for Approval of Ballot Measures Imposing Taxes or Fees or Obligating over $10 Million,,Yes,,77
Grant,11,Constitutional Amendment C: A Constitutional Amendment Requiring Three-Fifths Vote for Approval of Ballot Measures Imposing Taxes or Fees or Obligating over $10 Million,,No,,99
Grant,12,Constitutional Amendment C: A Constitutional Amendment Requiring Three-Fifths Vote for Approval of Ballot Measures Imposing Taxes or Fees or Obligating over $10 Million,,Yes,,3
Grant,12,Constitutional Amendment C: A Constitutional Amendment Requiring Three-Fifths Vote for Approval of Ballot Measures Imposing Taxes or Fees or Obligating over $10 Million,,No,,4
Grant,21,Constitutional Amendment C: A Constitutional Amendment Requiring Three-Fifths Vote for Approval of Ballot Measures Imposing Taxes or Fees or Obligating over $10 Million,,Yes,,24
Grant,21,Constitutional Amendment C: A Constitutional Amendment Requiring Three-Fifths Vote for Approval of Ballot Measures Imposing Taxes or Fees or Obligating over $10 Million,,No,,43
Grant,22,Constitutional Amendment C: A Constitutional Amendment Requiring Three-Fifths Vote for Approval of Ballot Measures Imposing Taxes or Fees or Obligating over $10 Million,,Yes,,73
Grant,22,Constitutional Amendment C: A Constitutional Amendment Requiring Three-Fifths Vote for Approval of Ballot Measures Imposing Taxes or Fees or Obligating over $10 Million,,No,,105
Grant,31,Constitutional Amendment C: A Constitutional Amendment Requiring Three-Fifths Vote for Approval of Ballot Measures Imposing Taxes or Fees or Obligating over $10 Million,,Yes,,2
Grant,31,Constitutional Amendment C: A Constitutional Amendment Requiring Three-Fifths Vote for Approval of Ballot Measures Imposing Taxes or Fees or Obligating over $10 Million,,No,,4
Grant,32,Constitutional Amendment C: A Constitutional Amendment Requiring Three-Fifths Vote for Approval of Ballot Measures Imposing Taxes or Fees or Obligating over $10 Million,,Yes,,21
Grant,32,Constitutional Amendment C: A Constitutional Amendment Requiring Three-Fifths Vote for Approval of Ballot Measures Imposing Taxes or Fees or Obligating over $10 Million,,No,,33
Grant,33,Constitutional Amendment C: A Constitutional Amendment Requiring Three-Fifths Vote for Approval of Ballot Measures Imposing Taxes or Fees or Obligating over $10 Million,,Yes,,67
Grant,33,Constitutional Amendment C: A Constitutional Amendment Requiring Three-Fifths Vote for Approval of Ballot Measures Imposing Taxes or Fees or Obligating over $10 Million,,No,,106
Grant,41,Constitutional Amendment C: A Constitutional Amendment Requiring Three-Fifths Vote for Approval of Ballot Measures Imposing Taxes or Fees or Obligating over $10 Million,,Yes,,40
Grant,41,Constitutional Amendment C: A Constitutional Amendment Requiring Three-Fifths Vote for Approval of Ballot Measures Imposing Taxes or Fees or Obligating over $10 Million,,No,,70
Grant,42,Constitutional Amendment C: A Constitutional Amendment Requiring Three-Fifths Vote for Approval of Ballot Measures Imposing Taxes or Fees or Obligating over $10 Million,,Yes,,55
Grant,42,Constitutional Amendment C: A Constitutional Amendment Requiring Three-Fifths Vote for Approval of Ballot Measures Imposing Taxes or Fees or Obligating over $10 Million,,No,,55
Grant,43,Constitutional Amendment C: A Constitutional Amendment Requiring Three-Fifths Vote for Approval of Ballot Measures Imposing Taxes or Fees or Obligating over $10 Million,,Yes,,86
Grant,43,Constitutional Amendment C: A Constitutional Amendment Requiring Three-Fifths Vote for Approval of Ballot Measures Imposing Taxes or Fees or Obligating over $10 Million,,No,,99
Grant,44,Constitutional Amendment C: A Constitutional Amendment Requiring Three-Fifths Vote for Approval of Ballot Measures Imposing Taxes or Fees or Obligating over $10 Million,,Yes,,18
Grant,44,Constitutional Amendment C: A Constitutional Amendment Requiring Three-Fifths Vote for Approval of Ballot Measures Imposing Taxes or Fees or Obligating over $10 Million,,No,,39
Grant,45,Constitutional Amendment C: A Constitutional Amendment Requiring Three-Fifths Vote for Approval of Ballot Measures Imposing Taxes or Fees or Obligating over $10 Million,,Yes,,28
Grant,45,Constitutional Amendment C: A Constitutional Amendment Requiring Three-Fifths Vote for Approval of Ballot Measures Imposing Taxes or Fees or Obligating over $10 Million,,No,,59
Grant,46,Constitutional Amendment C: A Constitutional Amendment Requiring Three-Fifths Vote for Approval of Ballot Measures Imposing Taxes or Fees or Obligating over $10 Million,,Yes,,43
Grant,46,Constitutional Amendment C: A Constitutional Amendment Requiring Three-Fifths Vote for Approval of Ballot Measures Imposing Taxes or Fees or Obligating over $10 Million,,No,,71
Grant,47,Constitutional Amendment C: A Constitutional Amendment Requiring Three-Fifths Vote for Approval of Ballot Measures Imposing Taxes or Fees or Obligating over $10 Million,,Yes,,56
Grant,47,Constitutional Amendment C: A Constitutional Amendment Requiring Three-Fifths Vote for Approval of Ballot Measures Imposing Taxes or Fees or Obligating over $10 Million,,No,,53
Grant,49,Constitutional Amendment C: A Constitutional Amendment Requiring Three-Fifths Vote for Approval of Ballot Measures Imposing Taxes or Fees or Obligating over $10 Million,,Yes,,17
Grant,49,Constitutional Amendment C: A Constitutional Amendment Requiring Three-Fifths Vote for Approval of Ballot Measures Imposing Taxes or Fees or Obligating over $10 Million,,No,,31
Grant,52,Constitutional Amendment C: A Constitutional Amendment Requiring Three-Fifths Vote for Approval of Ballot Measures Imposing Taxes or Fees or Obligating over $10 Million,,Yes,,10
Grant,52,Constitutional Amendment C: A Constitutional Amendment Requiring Three-Fifths Vote for Approval of Ballot Measures Imposing Taxes or Fees or Obligating over $10 Million,,No,,19
Grant,53,Constitutional Amendment C: A Constitutional Amendment Requiring Three-Fifths Vote for Approval of Ballot Measures Imposing Taxes or Fees or Obligating over $10 Million,,Yes,,5
Grant,53,Constitutional Amendment C: A Constitutional Amendment Requiring Three-Fifths Vote for Approval of Ballot Measures Imposing Taxes or Fees or Obligating over $10 Million,,No,,22
Grant,54,Constitutional Amendment C: A Constitutional Amendment Requiring Three-Fifths Vote for Approval of Ballot Measures Imposing Taxes or Fees or Obligating over $10 Million,,Yes,,27
Grant,54,Constitutional Amendment C: A Constitutional Amendment Requiring Three-Fifths Vote for Approval of Ballot Measures Imposing Taxes or Fees or Obligating over $10 Million,,No,,43
Grant,Solberg Powers,Precinct Committeewoman Precinct 03-10,,Schulenburg Epoch,REP,57
Grant,Solberg Powers,Precinct Committeewoman Precinct 03-13,,Huber/Fisch,REP,70
Grant,Huber/Fisch,Precinct Committeeman Precinct 03-10,,Carpenter Gibbens,REP,276
Grant,Carpenter Gibbens,Precinct Committeeman Precinct 03-13,,Wolf Rose,REP,61
Grant,Wolf Rose,Precinct Committeeman Precinct 03-13,,Bridget Byers,REP,48
Grant,Bridget Byers,Precinct Committeeman Precinct 04-11,,Cini Cook,REP,72
Grant,Cini Cook,Precinct Committeeman Precinct 04-11,,Raspberry Sohr,REP,23
Grant,Van Rubalcava,Precinct Committeeman Precinct 04-11,,Huselby,REP,174
Grant,Huselby,Precinct Committeeman Precinct 04-11,,Creighton Hobson,REP,92
Grant,Raspberry Sohr,Precinct Committeeman Precinct 04-12,,Pam Burnkett,REP,252
Grant,Creighton Hobson,Precinct Committeeman Precinct 04-12,,Edwards,REP,33
Grant,Edwards,Precinct Committeeman Precinct 04-12,,Diana Wiarda,REP,36
Grant,Pam Burnkett,Precinct Committeeman Precinct 04-13,,Edwards Coal Choice,REP,50
Grant,Edwards Coal Choice,Precinct Committeeman Precinct 04-17,,Van Rubalcava,REP,162
Gregory,1,U.S. Senate,,John R. Thune,REP,204
Gregory,1,U.S. Senate,,Bruce Whalen,REP,169
Gregory,1,U.S. Senate,,Mark Mowry,REP,29
Gregory,2,U.S. Senate,,John R. Thune,REP,214
Gregory,2,U.S. Senate,,Bruce Whalen,REP,79
Gregory,2,U.S. Senate,,Mark Mowry,REP,26
Gregory,3,U.S. Senate,,John R. Thune,REP,85
Gregory,3,U.S. Senate,,Bruce Whalen,REP,29
Gregory,3,U.S. Senate,,Mark Mowry,REP,15
Gregory,1,U.S. House,1,Dusty Johnson,REP,177
Gregory,1,U.S. House,1,Taffy Howard,REP,224
Gregory,2,U.S. House,1,Dusty Johnson,REP,189
Gregory,2,U.S. House,1,Taffy Howard,REP,138
Gregory,3,U.S. House,1,Dusty Johnson,REP,72
Gregory,3,U.S. House,1,Taffy Howard,REP,58
Gregory,1,Governor,,Steven Haugaard,REP,81
Gregory,1,Governor,,Kristi Noem,REP,322
Gregory,2,Governor,,Steven Haugaard,REP,58
Gregory,2,Governor,,Kristi Noem,REP,267
Gregory,3,Governor,,Steven Haugaard,REP,9
Gregory,3,Governor,,Kristi Noem,REP,122
Gregory,1,County Commissioner Gregory-3,,Byrain L. Boes,REP,42
Gregory,1,County Commissioner Gregory-3,,Myron Johnson,REP,23
Gregory,2,County Commissioner Gregory-3,,Byrain L. Boes,REP,50
Gregory,2,County Commissioner Gregory-3,,Myron Johnson,REP,47
Gregory,1,Constitutional Amendment C: A Constitutional Amendment Requiring Three-Fifths Vote for Approval of Ballot Measures Imposing Taxes or Fees or Obligating over $10 Million,,Yes,,166
Gregory,1,Constitutional Amendment C: A Constitutional Amendment Requiring Three-Fifths Vote for Approval of Ballot Measures Imposing Taxes or Fees or Obligating over $10 Million,,No,,352
Gregory,2,Constitutional Amendment C: A Constitutional Amendment Requiring Three-Fifths Vote for Approval of Ballot Measures Imposing Taxes or Fees or Obligating over $10 Million,,Yes,,106
Gregory,2,Constitutional Amendment C: A Constitutional Amendment Requiring Three-Fifths Vote for Approval of Ballot Measures Imposing Taxes or Fees or Obligating over $10 Million,,No,,336
Gregory,3,Constitutional Amendment C: A Constitutional Amendment Requiring Three-Fifths Vote for Approval of Ballot Measures Imposing Taxes or Fees or Obligating over $10 Million,,Yes,,51
Gregory,3,Constitutional Amendment C: A Constitutional Amendment Requiring Three-Fifths Vote for Approval of Ballot Measures Imposing Taxes or Fees or Obligating over $10 Million,,No,,116
Haakon,Absentee Precinct,U.S. Senate,,John R. Thune,REP,86
Haakon,Absentee Precinct,U.S. Senate,,Bruce Whalen,REP,24
Haakon,Absentee Precinct,U.S. Senate,,Mark Mowry,REP,14
Haakon,Courthouse Community Room,U.S. Senate,,John R. Thune,REP,234
Haakon,Courthouse Community Room,U.S. Senate,,Bruce Whalen,REP,105
Haakon,Courthouse Community Room,U.S. Senate,,Mark Mowry,REP,55
Haakon,Deep Creek Church,U.S. Senate,,John R. Thune,REP,21
Haakon,Deep Creek Church,U.S. Senate,,Bruce Whalen,REP,9
Haakon,Deep Creek Church,U.S. Senate,,Mark Mowry,REP,4
Haakon,Midland Fire Hall,U.S. Senate,,John R. Thune,REP,53
Haakon,Midland Fire Hall,U.S. Senate,,Bruce Whalen,REP,35
Haakon,Midland Fire Hall,U.S. Senate,,Mark Mowry,REP,15
Haakon,Milesville Hall,U.S. Senate,,John R. Thune,REP,32
Haakon,Milesville Hall,U.S. Senate,,Bruce Whalen,REP,22
Haakon,Milesville Hall,U.S. Senate,,Mark Mowry,REP,7
Haakon,Absentee Precinct,U.S. House,1,Dusty Johnson,REP,70
Haakon,Absentee Precinct,U.S. House,1,Taffy Howard,REP,52
Haakon,Courthouse Community Room,U.S. House,1,Dusty Johnson,REP,179
Haakon,Courthouse Community Room,U.S. House,1,Taffy Howard,REP,218
Haakon,Deep Creek Church,U.S. House,1,Dusty Johnson,REP,19
Haakon,Deep Creek Church,U.S. House,1,Taffy Howard,REP,17
Haakon,Midland Fire Hall,U.S. House,1,Dusty Johnson,REP,37
Haakon,Midland Fire Hall,U.S. House,1,Taffy Howard,REP,65
Haakon,Milesville Hall,U.S. House,1,Dusty Johnson,REP,26
Haakon,Milesville Hall,U.S. House,1,Taffy Howard,REP,36
Haakon,Absentee Precinct,Governor,,Steven Haugaard,REP,25
Haakon,Absentee Precinct,Governor,,Kristi Noem,REP,99
Haakon,Courthouse Community Room,Governor,,Steven Haugaard,REP,70
Haakon,Courthouse Community Room,Governor,,Kristi Noem,REP,338
Haakon,Deep Creek Church,Governor,,Steven Haugaard,REP,3
Haakon,Deep Creek Church,Governor,,Kristi Noem,REP,34
Haakon,Midland Fire Hall,Governor,,Steven Haugaard,REP,18
Haakon,Midland Fire Hall,Governor,,Kristi Noem,REP,86
Haakon,Milesville Hall,Governor,,Steven Haugaard,REP,7
Haakon,Milesville Hall,Governor,,Kristi Noem,REP,55
Haakon,Absentee Precinct,Sheriff,,Fred Koester,REP,95
Haakon,Absentee Precinct,Sheriff,,Raymond Clements Jr.,REP,27
Haakon,Courthouse Community Room,Sheriff,,Fred Koester,REP,280
Haakon,Courthouse Community Room,Sheriff,,Raymond Clements Jr.,REP,121
Haakon,Deep Creek Church,Sheriff,,Fred Koester,REP,20
Haakon,Deep Creek Church,Sheriff,,Raymond Clements Jr.,REP,17
Haakon,Midland Fire Hall,Sheriff,,Fred Koester,REP,75
Haakon,Midland Fire Hall,Sheriff,,Raymond Clements Jr.,REP,26
Haakon,Milesville Hall,Sheriff,,Fred Koester,REP,44
Haakon,Milesville Hall,Sheriff,,Raymond Clements Jr.,REP,17
Haakon,Absentee Precinct,County Commissioner Haakon-1,,Adam Roseth,REP,17
Haakon,Absentee Precinct,County Commissioner Haakon-1,,Brett L Nieman,REP,12
Haakon,Courthouse Community Room,County Commissioner Haakon-1,,Adam Roseth,REP,16
Haakon,Courthouse Community Room,County Commissioner Haakon-1,,Brett L Nieman,REP,7
Haakon,Deep Creek Church,County Commissioner Haakon-1,,Adam Roseth,REP,33
Haakon,Deep Creek Church,County Commissioner Haakon-1,,Brett L Nieman,REP,3
Haakon,Midland Fire Hall,County Commissioner Haakon-1,,Adam Roseth,REP,0
Haakon,Midland Fire Hall,County Commissioner Haakon-1,,Brett L Nieman,REP,0
Haakon,Milesville Hall,County Commissioner Haakon-1,,Adam Roseth,REP,48
Haakon,Milesville Hall,County Commissioner Haakon-1,,Brett L Nieman,REP,12
Haakon,Absentee Precinct,County Commissioner Haakon-3,,Ryon Berry,REP,13
Haakon,Absentee Precinct,County Commissioner Haakon-3,,Dustin Michael,REP,7
Haakon,Courthouse Community Room,County Commissioner Haakon-3,,Ryon Berry,REP,52
Haakon,Courthouse Community Room,County Commissioner Haakon-3,,Dustin Michael,REP,54
Haakon,Deep Creek Church,County Commissioner Haakon-3,,Ryon Berry,REP,0
Haakon,Deep Creek Church,County Commissioner Haakon-3,,Dustin Michael,REP,0
Haakon,Midland Fire Hall,County Commissioner Haakon-3,,Ryon Berry,REP,1
Haakon,Midland Fire Hall,County Commissioner Haakon-3,,Dustin Michael,REP,0
Haakon,Milesville Hall,County Commissioner Haakon-3,,Ryon Berry,REP,0
Haakon,Milesville Hall,County Commissioner Haakon-3,,Dustin Michael,REP,0
Haakon,Absentee Precinct,Precinct Committeeman Precinct-16,,Barry Knutson,REP,13
Haakon,Absentee Precinct,Precinct Committeeman Precinct-16,,Curtis L Arthur,REP,15
Haakon,Courthouse Community Room,Precinct Committeeman Precinct-16,,Barry Knutson,REP,60
Haakon,Courthouse Community Room,Precinct Committeeman Precinct-16,,Curtis L Arthur,REP,62
Haakon,Deep Creek Church,Precinct Committeeman Precinct-16,,Barry Knutson,REP,0
Haakon,Deep Creek Church,Precinct Committeeman Precinct-16,,Curtis L Arthur,REP,0
Haakon,Midland Fire Hall,Precinct Committeeman Precinct-16,,Barry Knutson,REP,0
Haakon,Midland Fire Hall,Precinct Committeeman Precinct-16,,Curtis L Arthur,REP,1
Haakon,Milesville Hall,Precinct Committeeman Precinct-16,,Barry Knutson,REP,0
Haakon,Milesville Hall,Precinct Committeeman Precinct-16,,Curtis L Arthur,REP,0
Haakon,Absentee Precinct,Precinct Committeeman Precinct-17,,Dustin A Michael,REP,8
Haakon,Absentee Precinct,Precinct Committeeman Precinct-17,,Tom Radway,REP,13
Haakon,Courthouse Community Room,Precinct Committeeman Precinct-17,,Dustin A Michael,REP,47
Haakon,Courthouse Community Room,Precinct Committeeman Precinct-17,,Tom Radway,REP,62
Haakon,Deep Creek Church,Precinct Committeeman Precinct-17,,Dustin A Michael,REP,0
Haakon,Deep Creek Church,Precinct Committeeman Precinct-17,,Tom Radway,REP,0
Haakon,Midland Fire Hall,Precinct Committeeman Precinct-17,,Dustin A Michael,REP,0
Haakon,Midland Fire Hall,Precinct Committeeman Precinct-17,,Tom Radway,REP,1
Haakon,Milesville Hall,Precinct Committeeman Precinct-17,,Dustin A Michael,REP,0
Haakon,Milesville Hall,Precinct Committeeman Precinct-17,,Tom Radway,REP,0
Haakon,Absentee Precinct,Precinct Committeeman Precinct-20,,Steven M Daly,REP,24
Haakon,Absentee Precinct,Precinct Committeeman Precinct-20,,Wade Fox,REP,6
Haakon,Courthouse Community Room,Precinct Committeeman Precinct-20,,Steven M Daly,REP,15
Haakon,Courthouse Community Room,Precinct Committeeman Precinct-20,,Wade Fox,REP,2
Haakon,Deep Creek Church,Precinct Committeeman Precinct-20,,Steven M Daly,REP,0
Haakon,Deep Creek Church,Precinct Committeeman Precinct-20,,Wade Fox,REP,0
Haakon,Midland Fire Hall,Precinct Committeeman Precinct-20,,Steven M Daly,REP,77
Haakon,Midland Fire Hall,Precinct Committeeman Precinct-20,,Wade Fox,REP,21
Haakon,Milesville Hall,Precinct Committeeman Precinct-20,,Steven M Daly,REP,0
Haakon,Milesville Hall,Precinct Committeeman Precinct-20,,Wade Fox,REP,0
Hamlin,02,U.S. Senate,,John R. Thune,REP,55
Hamlin,02,U.S. Senate,,Bruce Whalen,REP,18
Hamlin,02,U.S. Senate,,Mark Mowry,REP,2
Hamlin,21,U.S. Senate,,John R. Thune,REP,198
Hamlin,21,U.S. Senate,,Bruce Whalen,REP,64
Hamlin,21,U.S. Senate,,Mark Mowry,REP,15
Hamlin,22,U.S. Senate,,John R. Thune,REP,46
Hamlin,22,U.S. Senate,,Bruce Whalen,REP,34
Hamlin,22,U.S. Senate,,Mark Mowry,REP,4
Hamlin,23,U.S. Senate,,John R. Thune,REP,101
Hamlin,23,U.S. Senate,,Bruce Whalen,REP,43
Hamlin,23,U.S. Senate,,Mark Mowry,REP,13
Hamlin,24,U.S. Senate,,John R. Thune,REP,193
Hamlin,24,U.S. Senate,,Bruce Whalen,REP,49
Hamlin,24,U.S. Senate,,Mark Mowry,REP,21
Hamlin,25,U.S. Senate,,John R. Thune,REP,107
Hamlin,25,U.S. Senate,,Bruce Whalen,REP,32
Hamlin,25,U.S. Senate,,Mark Mowry,REP,5
Hamlin,26,U.S. Senate,,John R. Thune,REP,139
Hamlin,26,U.S. Senate,,Bruce Whalen,REP,60
Hamlin,26,U.S. Senate,,Mark Mowry,REP,12
Hamlin,02,U.S. House,1,Dusty Johnson,REP,44
Hamlin,02,U.S. House,1,Taffy Howard,REP,36
Hamlin,21,U.S. House,1,Dusty Johnson,REP,170
Hamlin,21,U.S. House,1,Taffy Howard,REP,107
Hamlin,22,U.S. House,1,Dusty Johnson,REP,47
Hamlin,22,U.S. House,1,Taffy Howard,REP,41
Hamlin,23,U.S. House,1,Dusty Johnson,REP,85
Hamlin,23,U.S. House,1,Taffy Howard,REP,68
Hamlin,24,U.S. House,1,Dusty Johnson,REP,150
Hamlin,24,U.S. House,1,Taffy Howard,REP,116
Hamlin,25,U.S. House,1,Dusty Johnson,REP,91
Hamlin,25,U.S. House,1,Taffy Howard,REP,53
Hamlin,26,U.S. House,1,Dusty Johnson,REP,123
Hamlin,26,U.S. House,1,Taffy Howard,REP,95
Hamlin,02,Governor,,Steven Haugaard,REP,6
Hamlin,02,Governor,,Kristi Noem,REP,76
Hamlin,21,Governor,,Steven Haugaard,REP,54
Hamlin,21,Governor,,Kristi Noem,REP,237
Hamlin,22,Governor,,Steven Haugaard,REP,10
Hamlin,22,Governor,,Kristi Noem,REP,78
Hamlin,23,Governor,,Steven Haugaard,REP,42
Hamlin,23,Governor,,Kristi Noem,REP,123
Hamlin,24,Governor,,Steven Haugaard,REP,30
Hamlin,24,Governor,,Kristi Noem,REP,242
Hamlin,25,Governor,,Steven Haugaard,REP,27
Hamlin,25,Governor,,Kristi Noem,REP,120
Hamlin,26,Governor,,Steven Haugaard,REP,38
Hamlin,26,Governor,,Kristi Noem,REP,185
Hamlin,02,State House,4,Val Rausch,REP,12
Hamlin,02,State House,4,Adam Grimm,REP,17
Hamlin,02,State House,4,Fred Deutsch,REP,28
Hamlin,02,State House,4,Stephanie Sauder,REP,65
Hamlin,21,State House,4,Val Rausch,REP,80
Hamlin,21,State House,4,Adam Grimm,REP,67
Hamlin,21,State House,4,Fred Deutsch,REP,156
Hamlin,21,State House,4,Stephanie Sauder,REP,167
Hamlin,22,State House,4,Val Rausch,REP,19
Hamlin,22,State House,4,Adam Grimm,REP,22
Hamlin,22,State House,4,Fred Deutsch,REP,35
Hamlin,22,State House,4,Stephanie Sauder,REP,58
Hamlin,23,State House,4,Val Rausch,REP,24
Hamlin,23,State House,4,Adam Grimm,REP,37
Hamlin,23,State House,4,Fred Deutsch,REP,57
Hamlin,23,State House,4,Stephanie Sauder,REP,126
Hamlin,24,State House,4,Val Rausch,REP,46
Hamlin,24,State House,4,Adam Grimm,REP,50
Hamlin,24,State House,4,Fred Deutsch,REP,98
Hamlin,24,State House,4,Stephanie Sauder,REP,207
Hamlin,25,State House,4,Val Rausch,REP,44
Hamlin,25,State House,4,Adam Grimm,REP,20
Hamlin,25,State House,4,Fred Deutsch,REP,52
Hamlin,25,State House,4,Stephanie Sauder,REP,86
Hamlin,26,State House,4,Val Rausch,REP,36
Hamlin,26,State House,4,Adam Grimm,REP,36
Hamlin,26,State House,4,Fred Deutsch,REP,75
Hamlin,26,State House,4,Stephanie Sauder,REP,185
Hamlin,21,County Commissioner Hamlin-4,,Jay A Baldwin,REP,1
Hamlin,21,County Commissioner Hamlin-4,,Burt E Tulson,REP,11
Hamlin,24,County Commissioner Hamlin-4,,Jay A Baldwin,REP,76
Hamlin,24,County Commissioner Hamlin-4,,Burt E Tulson,REP,131
Hamlin,21,Precinct Committeeman Precinct-21,,Victor L Carter,REP,217
Hamlin,21,Precinct Committeeman Precinct-21,,Kirk James Hauck,REP,41
Hamlin,02,Constitutional Amendment C: A Constitutional Amendment Requiring Three-Fifths Vote for Approval of Ballot Measures Imposing Taxes or Fees or Obligating over $10 Million,,Yes,,37
Hamlin,02,Constitutional Amendment C: A Constitutional Amendment Requiring Three-Fifths Vote for Approval of Ballot Measures Imposing Taxes or Fees or Obligating over $10 Million,,No,,54
Hamlin,21,Constitutional Amendment C: A Constitutional Amendment Requiring Three-Fifths Vote for Approval of Ballot Measures Imposing Taxes or Fees or Obligating over $10 Million,,Yes,,131
Hamlin,21,Constitutional Amendment C: A Constitutional Amendment Requiring Three-Fifths Vote for Approval of Ballot Measures Imposing Taxes or Fees or Obligating over $10 Million,,No,,229
Hamlin,22,Constitutional Amendment C: A Constitutional Amendment Requiring Three-Fifths Vote for Approval of Ballot Measures Imposing Taxes or Fees or Obligating over $10 Million,,Yes,,37
Hamlin,22,Constitutional Amendment C: A Constitutional Amendment Requiring Three-Fifths Vote for Approval of Ballot Measures Imposing Taxes or Fees or Obligating over $10 Million,,No,,54
Hamlin,23,Constitutional Amendment C: A Constitutional Amendment Requiring Three-Fifths Vote for Approval of Ballot Measures Imposing Taxes or Fees or Obligating over $10 Million,,Yes,,90
Hamlin,23,Constitutional Amendment C: A Constitutional Amendment Requiring Three-Fifths Vote for Approval of Ballot Measures Imposing Taxes or Fees or Obligating over $10 Million,,No,,88
Hamlin,24,Constitutional Amendment C: A Constitutional Amendment Requiring Three-Fifths Vote for Approval of Ballot Measures Imposing Taxes or Fees or Obligating over $10 Million,,Yes,,121
Hamlin,24,Constitutional Amendment C: A Constitutional Amendment Requiring Three-Fifths Vote for Approval of Ballot Measures Imposing Taxes or Fees or Obligating over $10 Million,,No,,204
Hamlin,25,Constitutional Amendment C: A Constitutional Amendment Requiring Three-Fifths Vote for Approval of Ballot Measures Imposing Taxes or Fees or Obligating over $10 Million,,Yes,,62
Hamlin,25,Constitutional Amendment C: A Constitutional Amendment Requiring Three-Fifths Vote for Approval of Ballot Measures Imposing Taxes or Fees or Obligating over $10 Million,,No,,163
Hamlin,26,Constitutional Amendment C: A Constitutional Amendment Requiring Three-Fifths Vote for Approval of Ballot Measures Imposing Taxes or Fees or Obligating over $10 Million,,Yes,,113
Hamlin,26,Constitutional Amendment C: A Constitutional Amendment Requiring Three-Fifths Vote for Approval of Ballot Measures Imposing Taxes or Fees or Obligating over $10 Million,,No,,126
Hand,01,U.S. Senate,,John R. Thune,REP,121
Hand,01,U.S. Senate,,Bruce Whalen,REP,44
Hand,01,U.S. Senate,,Mark Mowry,REP,10
Hand,02,U.S. Senate,,John R. Thune,REP,141
Hand,02,U.S. Senate,,Bruce Whalen,REP,29
Hand,02,U.S. Senate,,Mark Mowry,REP,8
Hand,03,U.S. Senate,,John R. Thune,REP,167
Hand,03,U.S. Senate,,Bruce Whalen,REP,29
Hand,03,U.S. Senate,,Mark Mowry,REP,13
Hand,04,U.S. Senate,,John R. Thune,REP,129
Hand,04,U.S. Senate,,Bruce Whalen,REP,41
Hand,04,U.S. Senate,,Mark Mowry,REP,10
Hand,05,U.S. Senate,,John R. Thune,REP,132
Hand,05,U.S. Senate,,Bruce Whalen,REP,44
Hand,05,U.S. Senate,,Mark Mowry,REP,20
Hand,01,U.S. House,1,Dusty Johnson,REP,101
Hand,01,U.S. House,1,Taffy Howard,REP,73
Hand,02,U.S. House,1,Dusty Johnson,REP,113
Hand,02,U.S. House,1,Taffy Howard,REP,65
Hand,03,U.S. House,1,Dusty Johnson,REP,133
Hand,03,U.S. House,1,Taffy Howard,REP,78
Hand,04,U.S. House,1,Dusty Johnson,REP,105
Hand,04,U.S. House,1,Taffy Howard,REP,77
Hand,05,U.S. House,1,Dusty Johnson,REP,107
Hand,05,U.S. House,1,Taffy Howard,REP,95
Hand,01,Governor,,Steven Haugaard,REP,29
Hand,01,Governor,,Kristi Noem,REP,148
Hand,02,Governor,,Steven Haugaard,REP,37
Hand,02,Governor,,Kristi Noem,REP,141
Hand,03,Governor,,Steven Haugaard,REP,53
Hand,03,Governor,,Kristi Noem,REP,164
Hand,04,Governor,,Steven Haugaard,REP,35
Hand,04,Governor,,Kristi Noem,REP,149
Hand,05,Governor,,Steven Haugaard,REP,38
Hand,05,Governor,,Kristi Noem,REP,160
Hand,01,State Senate,23,Bryan J. Breitling,REP,125
Hand,01,State Senate,23,Spencer Gosch,REP,45
Hand,02,State Senate,23,Bryan J. Breitling,REP,131
Hand,02,State Senate,23,Spencer Gosch,REP,47
Hand,03,State Senate,23,Bryan J. Breitling,REP,161
Hand,03,State Senate,23,Spencer Gosch,REP,53
Hand,04,State Senate,23,Bryan J. Breitling,REP,127
Hand,04,State Senate,23,Spencer Gosch,REP,55
Hand,05,State Senate,23,Bryan J. Breitling,REP,140
Hand,05,State Senate,23,Spencer Gosch,REP,54
Hand,01,State House,23,Scott Moore,REP,103
Hand,01,State House,23,Brandon Black,REP,21
Hand,01,State House,23,Gregory Brooks,REP,23
Hand,01,State House,23,James D. Wangsness,REP,117
Hand,02,State House,23,Scott Moore,REP,111
Hand,02,State House,23,Brandon Black,REP,16
Hand,02,State House,23,Gregory Brooks,REP,21
Hand,02,State House,23,James D. Wangsness,REP,133
Hand,03,State House,23,Scott Moore,REP,118
Hand,03,State House,23,Brandon Black,REP,32
Hand,03,State House,23,Gregory Brooks,REP,34
Hand,03,State House,23,James D. Wangsness,REP,138
Hand,04,State House,23,Scott Moore,REP,122
Hand,04,State House,23,Brandon Black,REP,33
Hand,04,State House,23,Gregory Brooks,REP,30
Hand,04,State House,23,James D. Wangsness,REP,100
Hand,05,State House,23,Scott Moore,REP,127
Hand,05,State House,23,Brandon Black,REP,34
Hand,05,State House,23,Gregory Brooks,REP,35
Hand,05,State House,23,James D. Wangsness,REP,119
Hand,01,Sheriff,,James B. Henson,REP,76
Hand,01,Sheriff,,Shane Croeni,REP,95
Hand,02,Sheriff,,James B. Henson,REP,68
Hand,02,Sheriff,,Shane Croeni,REP,110
Hand,03,Sheriff,,James B. Henson,REP,84
Hand,03,Sheriff,,Shane Croeni,REP,117
Hand,04,Sheriff,,James B. Henson,REP,61
Hand,04,Sheriff,,Shane Croeni,REP,116
Hand,05,Sheriff,,James B. Henson,REP,65
Hand,05,Sheriff,,Shane Croeni,REP,130
Hand,01,Constitutional Amendment C: A Constitutional Amendment Requiring Three-Fifths Vote for Approval of Ballot Measures Imposing Taxes or Fees or Obligating over $10 Million,,Yes,,61
Hand,01,Constitutional Amendment C: A Constitutional Amendment Requiring Three-Fifths Vote for Approval of Ballot Measures Imposing Taxes or Fees or Obligating over $10 Million,,No,,180
Hand,02,Constitutional Amendment C: A Constitutional Amendment Requiring Three-Fifths Vote for Approval of Ballot Measures Imposing Taxes or Fees or Obligating over $10 Million,,Yes,,77
Hand,02,Constitutional Amendment C: A Constitutional Amendment Requiring Three-Fifths Vote for Approval of Ballot Measures Imposing Taxes or Fees or Obligating over $10 Million,,No,,145
Hand,03,Constitutional Amendment C: A Constitutional Amendment Requiring Three-Fifths Vote for Approval of Ballot Measures Imposing Taxes or Fees or Obligating over $10 Million,,Yes,,73
Hand,03,Constitutional Amendment C: A Constitutional Amendment Requiring Three-Fifths Vote for Approval of Ballot Measures Imposing Taxes or Fees or Obligating over $10 Million,,No,,183
Hand,04,Constitutional Amendment C: A Constitutional Amendment Requiring Three-Fifths Vote for Approval of Ballot Measures Imposing Taxes or Fees or Obligating over $10 Million,,Yes,,87
Hand,04,Constitutional Amendment C: A Constitutional Amendment Requiring Three-Fifths Vote for Approval of Ballot Measures Imposing Taxes or Fees or Obligating over $10 Million,,No,,114
Hand,05,Constitutional Amendment C: A Constitutional Amendment Requiring Three-Fifths Vote for Approval of Ballot Measures Imposing Taxes or Fees or Obligating over $10 Million,,Yes,,96
Hand,05,Constitutional Amendment C: A Constitutional Amendment Requiring Three-Fifths Vote for Approval of Ballot Measures Imposing Taxes or Fees or Obligating over $10 Million,,No,,128
Hanson,1,U.S. Senate,,John R. Thune,REP,135
Hanson,1,U.S. Senate,,Bruce Whalen,REP,41
Hanson,1,U.S. Senate,,Mark Mowry,REP,20
Hanson,2,U.S. Senate,,John R. Thune,REP,91
Hanson,2,U.S. Senate,,Bruce Whalen,REP,28
Hanson,2,U.S. Senate,,Mark Mowry,REP,13
Hanson,3,U.S. Senate,,John R. Thune,REP,79
Hanson,3,U.S. Senate,,Bruce Whalen,REP,25
Hanson,3,U.S. Senate,,Mark Mowry,REP,10
Hanson,4,U.S. Senate,,John R. Thune,REP,61
Hanson,4,U.S. Senate,,Bruce Whalen,REP,29
Hanson,4,U.S. Senate,,Mark Mowry,REP,4
Hanson,5,U.S. Senate,,John R. Thune,REP,62
Hanson,5,U.S. Senate,,Bruce Whalen,REP,26
Hanson,5,U.S. Senate,,Mark Mowry,REP,6
Hanson,1,U.S. House,1,Dusty Johnson,REP,103
Hanson,1,U.S. House,1,Taffy Howard,REP,89
Hanson,2,U.S. House,1,Dusty Johnson,REP,87
Hanson,2,U.S. House,1,Taffy Howard,REP,48
Hanson,3,U.S. House,1,Dusty Johnson,REP,65
Hanson,3,U.S. House,1,Taffy Howard,REP,47
Hanson,4,U.S. House,1,Dusty Johnson,REP,53
Hanson,4,U.S. House,1,Taffy Howard,REP,42
Hanson,5,U.S. House,1,Dusty Johnson,REP,51
Hanson,5,U.S. House,1,Taffy Howard,REP,45
Hanson,1,Governor,,Steven Haugaard,REP,21
Hanson,1,Governor,,Kristi Noem,REP,182
Hanson,2,Governor,,Steven Haugaard,REP,23
Hanson,2,Governor,,Kristi Noem,REP,114
Hanson,3,Governor,,Steven Haugaard,REP,37
Hanson,3,Governor,,Kristi Noem,REP,76
Hanson,4,Governor,,Steven Haugaard,REP,30
Hanson,4,Governor,,Kristi Noem,REP,65
Hanson,5,Governor,,Steven Haugaard,REP,17
Hanson,5,Governor,,Kristi Noem,REP,79
Hanson,1,State House,19,Caleb Finck,REP,46
Hanson,1,State House,19,Michael Boyle,REP,82
Hanson,1,State House,19,Jessica Bahmuller,REP,122
Hanson,1,State House,19,Roger Hofer,REP,9
Hanson,1,State House,19,Drew Peterson,REP,38
Hanson,2,State House,19,Caleb Finck,REP,7
Hanson,2,State House,19,Michael Boyle,REP,33
Hanson,2,State House,19,Jessica Bahmuller,REP,123
Hanson,2,State House,19,Roger Hofer,REP,5
Hanson,2,State House,19,Drew Peterson,REP,27
Hanson,3,State House,19,Caleb Finck,REP,11
Hanson,3,State House,19,Michael Boyle,REP,39
Hanson,3,State House,19,Jessica Bahmuller,REP,83
Hanson,3,State House,19,Roger Hofer,REP,9
Hanson,3,State House,19,Drew Peterson,REP,30
Hanson,4,State House,19,Caleb Finck,REP,32
Hanson,4,State House,19,Michael Boyle,REP,24
Hanson,4,State House,19,Jessica Bahmuller,REP,50
Hanson,4,State House,19,Roger Hofer,REP,12
Hanson,4,State House,19,Drew Peterson,REP,36
Hanson,5,State House,19,Caleb Finck,REP,12
Hanson,5,State House,19,Michael Boyle,REP,18
Hanson,5,State House,19,Jessica Bahmuller,REP,82
Hanson,5,State House,19,Roger Hofer,REP,10
Hanson,5,State House,19,Drew Peterson,REP,26
Hanson,1,County Commissioner Hanson-1,,Bruce Kjetland,REP,121
Hanson,1,County Commissioner Hanson-1,,Travis Kampshoff,REP,78
Hanson,3,School Board Member Mitchell School District 17-2,,Terry Aslesen,,0
Hanson,3,School Board Member Mitchell School District 17-2,,David Lambert,,0
Hanson,3,School Board Member Mitchell School District 17-2,,Chris Foster,,0
Hanson,3,School Board Member Mitchell School District 17-2,,Deb Olson,,0
Hanson,3,School Board Member Mitchell School District 17-2,,Tim Moon,,0
Hanson,3,School Board Member Mitchell School District 17-2,,Jeff Sand,,0
Hanson,4,School Board Member Mitchell School District 17-2,,Terry Aslesen,,44
Hanson,4,School Board Member Mitchell School District 17-2,,David Lambert,,23
Hanson,4,School Board Member Mitchell School District 17-2,,Chris Foster,,21
Hanson,4,School Board Member Mitchell School District 17-2,,Deb Olson,,40
Hanson,4,School Board Member Mitchell School District 17-2,,Tim Moon,,43
Hanson,4,School Board Member Mitchell School District 17-2,,Jeff Sand,,35
Hanson,5,School Board Member Mitchell School District 17-2,,Terry Aslesen,,0
Hanson,5,School Board Member Mitchell School District 17-2,,David Lambert,,0
Hanson,5,School Board Member Mitchell School District 17-2,,Chris Foster,,0
Hanson,5,School Board Member Mitchell School District 17-2,,Deb Olson,,2
Hanson,5,School Board Member Mitchell School District 17-2,,Tim Moon,,0
Hanson,5,School Board Member Mitchell School District 17-2,,Jeff Sand,,0
Hanson,1,Constitutional Amendment C: A Constitutional Amendment Requiring Three-Fifths Vote for Approval of Ballot Measures Imposing Taxes or Fees or Obligating over $10 Million,,Yes,,91
Hanson,1,Constitutional Amendment C: A Constitutional Amendment Requiring Three-Fifths Vote for Approval of Ballot Measures Imposing Taxes or Fees or Obligating over $10 Million,,No,,172
Hanson,2,Constitutional Amendment C: A Constitutional Amendment Requiring Three-Fifths Vote for Approval of Ballot Measures Imposing Taxes or Fees or Obligating over $10 Million,,Yes,,70
Hanson,2,Constitutional Amendment C: A Constitutional Amendment Requiring Three-Fifths Vote for Approval of Ballot Measures Imposing Taxes or Fees or Obligating over $10 Million,,No,,126
Hanson,3,Constitutional Amendment C: A Constitutional Amendment Requiring Three-Fifths Vote for Approval of Ballot Measures Imposing Taxes or Fees or Obligating over $10 Million,,Yes,,58
Hanson,3,Constitutional Amendment C: A Constitutional Amendment Requiring Three-Fifths Vote for Approval of Ballot Measures Imposing Taxes or Fees or Obligating over $10 Million,,No,,91
Hanson,4,Constitutional Amendment C: A Constitutional Amendment Requiring Three-Fifths Vote for Approval of Ballot Measures Imposing Taxes or Fees or Obligating over $10 Million,,Yes,,45
Hanson,4,Constitutional Amendment C: A Constitutional Amendment Requiring Three-Fifths Vote for Approval of Ballot Measures Imposing Taxes or Fees or Obligating over $10 Million,,No,,82
Hanson,5,Constitutional Amendment C: A Constitutional Amendment Requiring Three-Fifths Vote for Approval of Ballot Measures Imposing Taxes or Fees or Obligating over $10 Million,,Yes,,43
Hanson,5,Constitutional Amendment C: A Constitutional Amendment Requiring Three-Fifths Vote for Approval of Ballot Measures Imposing Taxes or Fees or Obligating over $10 Million,,No,,79
Harding,01,U.S. Senate,,John R. Thune,REP,47
Harding,01,U.S. Senate,,Bruce Whalen,REP,20
Harding,01,U.S. Senate,,Mark Mowry,REP,15
Harding,02,U.S. Senate,,John R. Thune,REP,43
Harding,02,U.S. Senate,,Bruce Whalen,REP,22
Harding,02,U.S. Senate,,Mark Mowry,REP,7
Harding,03,U.S. Senate,,John R. Thune,REP,11
Harding,03,U.S. Senate,,Bruce Whalen,REP,11
Harding,03,U.S. Senate,,Mark Mowry,REP,0
Harding,05,U.S. Senate,,John R. Thune,REP,41
Harding,05,U.S. Senate,,Bruce Whalen,REP,7
Harding,05,U.S. Senate,,Mark Mowry,REP,17
Harding,06,U.S. Senate,,John R. Thune,REP,9
Harding,06,U.S. Senate,,Bruce Whalen,REP,5
Harding,06,U.S. Senate,,Mark Mowry,REP,1
Harding,07,U.S. Senate,,John R. Thune,REP,17
Harding,07,U.S. Senate,,Bruce Whalen,REP,13
Harding,07,U.S. Senate,,Mark Mowry,REP,3
Harding,08,U.S. Senate,,John R. Thune,REP,22
Harding,08,U.S. Senate,,Bruce Whalen,REP,12
Harding,08,U.S. Senate,,Mark Mowry,REP,4
Harding,09,U.S. Senate,,John R. Thune,REP,37
Harding,09,U.S. Senate,,Bruce Whalen,REP,29
Harding,09,U.S. Senate,,Mark Mowry,REP,10
Harding,01,U.S. House,1,Dusty Johnson,REP,29
Harding,01,U.S. House,1,Taffy Howard,REP,57
Harding,02,U.S. House,1,Dusty Johnson,REP,24
Harding,02,U.S. House,1,Taffy Howard,REP,50
Harding,03,U.S. House,1,Dusty Johnson,REP,6
Harding,03,U.S. House,1,Taffy Howard,REP,16
Harding,05,U.S. House,1,Dusty Johnson,REP,32
Harding,05,U.S. House,1,Taffy Howard,REP,36
Harding,06,U.S. House,1,Dusty Johnson,REP,4
Harding,06,U.S. House,1,Taffy Howard,REP,12
Harding,07,U.S. House,1,Dusty Johnson,REP,15
Harding,07,U.S. House,1,Taffy Howard,REP,19
Harding,08,U.S. House,1,Dusty Johnson,REP,15
Harding,08,U.S. House,1,Taffy Howard,REP,24
Harding,09,U.S. House,1,Dusty Johnson,REP,21
Harding,09,U.S. House,1,Taffy Howard,REP,54
Harding,01,Governor,,Steven Haugaard,REP,15
Harding,01,Governor,,Kristi Noem,REP,72
Harding,02,Governor,,Steven Haugaard,REP,13
Harding,02,Governor,,Kristi Noem,REP,61
Harding,03,Governor,,Steven Haugaard,REP,3
Harding,03,Governor,,Kristi Noem,REP,19
Harding,05,Governor,,Steven Haugaard,REP,12
Harding,05,Governor,,Kristi Noem,REP,59
Harding,06,Governor,,Steven Haugaard,REP,0
Harding,06,Governor,,Kristi Noem,REP,16
Harding,07,Governor,,Steven Haugaard,REP,4
Harding,07,Governor,,Kristi Noem,REP,31
Harding,08,Governor,,Steven Haugaard,REP,2
Harding,08,Governor,,Kristi Noem,REP,37
Harding,09,Governor,,Steven Haugaard,REP,16
Harding,09,Governor,,Kristi Noem,REP,60
Harding,01,State House,28B,Neal Pinnow,REP,50
Harding,01,State House,28B,Thomas J. Brunner,REP,29
Harding,02,State House,28B,Neal Pinnow,REP,54
Harding,02,State House,28B,Thomas J. Brunner,REP,14
Harding,03,State House,28B,Neal Pinnow,REP,8
Harding,03,State House,28B,Thomas J. Brunner,REP,11
Harding,05,State House,28B,Neal Pinnow,REP,50
Harding,05,State House,28B,Thomas J. Brunner,REP,16
Harding,06,State House,28B,Neal Pinnow,REP,8
Harding,06,State House,28B,Thomas J. Brunner,REP,5
Harding,07,State House,28B,Neal Pinnow,REP,18
Harding,07,State House,28B,Thomas J. Brunner,REP,13
Harding,08,State House,28B,Neal Pinnow,REP,27
Harding,08,State House,28B,Thomas J. Brunner,REP,9
Harding,09,State House,28B,Neal Pinnow,REP,28
Harding,09,State House,28B,Thomas J. Brunner,REP,43
Harding,05,County Commissioner Harding-5,,Greg Ginsbach,REP,25
Harding,05,County Commissioner Harding-5,,William H Clarkson,REP,44
Harding,06,County Commissioner Harding-5,,Greg Ginsbach,REP,5
Harding,06,County Commissioner Harding-5,,William H Clarkson,REP,11
Harding,01,Constitutional Amendment C: A Constitutional Amendment Requiring Three-Fifths Vote for Approval of Ballot Measures Imposing Taxes or Fees or Obligating over $10 Million,,Yes,,35
Harding,01,Constitutional Amendment C: A Constitutional Amendment Requiring Three-Fifths Vote for Approval of Ballot Measures Imposing Taxes or Fees or Obligating over $10 Million,,No,,61
Harding,02,Constitutional Amendment C: A Constitutional Amendment Requiring Three-Fifths Vote for Approval of Ballot Measures Imposing Taxes or Fees or Obligating over $10 Million,,Yes,,40
Harding,02,Constitutional Amendment C: A Constitutional Amendment Requiring Three-Fifths Vote for Approval of Ballot Measures Imposing Taxes or Fees or Obligating over $10 Million,,No,,57
Harding,03,Constitutional Amendment C: A Constitutional Amendment Requiring Three-Fifths Vote for Approval of Ballot Measures Imposing Taxes or Fees or Obligating over $10 Million,,Yes,,13
Harding,03,Constitutional Amendment C: A Constitutional Amendment Requiring Three-Fifths Vote for Approval of Ballot Measures Imposing Taxes or Fees or Obligating over $10 Million,,No,,11
Harding,05,Constitutional Amendment C: A Constitutional Amendment Requiring Three-Fifths Vote for Approval of Ballot Measures Imposing Taxes or Fees or Obligating over $10 Million,,Yes,,30
Harding,05,Constitutional Amendment C: A Constitutional Amendment Requiring Three-Fifths Vote for Approval of Ballot Measures Imposing Taxes or Fees or Obligating over $10 Million,,No,,49
Harding,06,Constitutional Amendment C: A Constitutional Amendment Requiring Three-Fifths Vote for Approval of Ballot Measures Imposing Taxes or Fees or Obligating over $10 Million,,Yes,,4
Harding,06,Constitutional Amendment C: A Constitutional Amendment Requiring Three-Fifths Vote for Approval of Ballot Measures Imposing Taxes or Fees or Obligating over $10 Million,,No,,14
Harding,07,Constitutional Amendment C: A Constitutional Amendment Requiring Three-Fifths Vote for Approval of Ballot Measures Imposing Taxes or Fees or Obligating over $10 Million,,Yes,,18
Harding,07,Constitutional Amendment C: A Constitutional Amendment Requiring Three-Fifths Vote for Approval of Ballot Measures Imposing Taxes or Fees or Obligating over $10 Million,,No,,17
Harding,08,Constitutional Amendment C: A Constitutional Amendment Requiring Three-Fifths Vote for Approval of Ballot Measures Imposing Taxes or Fees or Obligating over $10 Million,,Yes,,26
Harding,08,Constitutional Amendment C: A Constitutional Amendment Requiring Three-Fifths Vote for Approval of Ballot Measures Imposing Taxes or Fees or Obligating over $10 Million,,No,,15
Harding,09,Constitutional Amendment C: A Constitutional Amendment Requiring Three-Fifths Vote for Approval of Ballot Measures Imposing Taxes or Fees or Obligating over $10 Million,,Yes,,37
Harding,09,Constitutional Amendment C: A Constitutional Amendment Requiring Three-Fifths Vote for Approval of Ballot Measures Imposing Taxes or Fees or Obligating over $10 Million,,No,,39
Hughes,Absentee Precinct,U.S. Senate,,John R. Thune,REP,553
Hughes,Absentee Precinct,U.S. Senate,,Bruce Whalen,REP,105
Hughes,Absentee Precinct,U.S. Senate,,Mark Mowry,REP,54
Hughes,Blunt Community Center,U.S. Senate,,John R. Thune,REP,77
Hughes,Blunt Community Center,U.S. Senate,,Bruce Whalen,REP,21
Hughes,Blunt Community Center,U.S. Senate,,Mark Mowry,REP,11
Hughes,Capitol Lake Visitors Center,U.S. Senate,,John R. Thune,REP,321
Hughes,Capitol Lake Visitors Center,U.S. Senate,,Bruce Whalen,REP,35
Hughes,Capitol Lake Visitors Center,U.S. Senate,,Mark Mowry,REP,22
Hughes,Faith Lutheran Church,U.S. Senate,,John R. Thune,REP,1061
Hughes,Faith Lutheran Church,U.S. Senate,,Bruce Whalen,REP,157
Hughes,Faith Lutheran Church,U.S. Senate,,Mark Mowry,REP,49
Hughes,Harrold City Auditorium,U.S. Senate,,John R. Thune,REP,34
Hughes,Harrold City Auditorium,U.S. Senate,,Bruce Whalen,REP,19
Hughes,Harrold City Auditorium,U.S. Senate,,Mark Mowry,REP,10
Hughes,New Life Assembly of God Church,U.S. Senate,,John R. Thune,REP,1046
Hughes,New Life Assembly of God Church,U.S. Senate,,Bruce Whalen,REP,160
Hughes,New Life Assembly of God Church,U.S. Senate,,Mark Mowry,REP,81
Hughes,Absentee Precinct,U.S. House,1,Dusty Johnson,REP,498
Hughes,Absentee Precinct,U.S. House,1,Taffy Howard,REP,222
Hughes,Blunt Community Center,U.S. House,1,Dusty Johnson,REP,56
Hughes,Blunt Community Center,U.S. House,1,Taffy Howard,REP,56
Hughes,Capitol Lake Visitors Center,U.S. House,1,Dusty Johnson,REP,282
Hughes,Capitol Lake Visitors Center,U.S. House,1,Taffy Howard,REP,98
Hughes,Faith Lutheran Church,U.S. House,1,Dusty Johnson,REP,924
Hughes,Faith Lutheran Church,U.S. House,1,Taffy Howard,REP,337
Hughes,Harold City Auditorium,U.S. House,1,Dusty Johnson,REP,25
Hughes,Harold City Auditorium,U.S. House,1,Taffy Howard,REP,43
Hughes,New Life Assembly of God Church,U.S. House,1,Dusty Johnson,REP,895
Hughes,New Life Assembly of God Church,U.S. House,1,Taffy Howard,REP,420
Hughes,Absentee Precinct,Governor,,Steven Haugaard,REP,181
Hughes,Absentee Precinct,Governor,,Kristi Noem,REP,509
Hughes,Blunt Community Center,Governor,,Steven Haugaard,REP,22
Hughes,Blunt Community Center,Governor,,Kristi Noem,REP,92
Hughes,Capitol Lake Visitors Center,Governor,,Steven Haugaard,REP,95
Hughes,Capitol Lake Visitors Center,Governor,,Kristi Noem,REP,278
Hughes,Faith Lutheran Church,Governor,,Steven Haugaard,REP,331
Hughes,Faith Lutheran Church,Governor,,Kristi Noem,REP,912
Hughes,Harrold City Auditorium,Governor,,Steven Haugaard,REP,14
Hughes,Harrold City Auditorium,Governor,,Kristi Noem,REP,54
Hughes,New Life Assembly of God Church,Governor,,Steven Haugaard,REP,342
Hughes,New Life Assembly of God Church,Governor,,Kristi Noem,REP,950
Hughes,Absentee Precinct,State Senate,24,Mary Duvall,REP,383
Hughes,Absentee Precinct,State Senate,24,Jim Mehlhaff,REP,330
Hughes,Blunt Community Center,State Senate,24,Mary Duvall,REP,48
Hughes,Blunt Community Center,State Senate,24,Jim Mehlhaff,REP,62
Hughes,Capitol Lake Visitors Center,State Senate,24,Mary Duvall,REP,213
Hughes,Capitol Lake Visitors Center,State Senate,24,Jim Mehlhaff,REP,169
Hughes,Faith Lutheran Church,State Senate,24,Mary Duvall,REP,584
Hughes,Faith Lutheran Church,State Senate,24,Jim Mehlhaff,REP,673
Hughes,Harrold City Auditoruim,State Senate,24,Mary Duvall,REP,22
Hughes,Harrold City Auditoruim,State Senate,24,Jim Mehlhaff,REP,45
Hughes,New Life Assembly of God Church,State Senate,24,Mary Duvall,REP,612
Hughes,New Life Assembly of God Church,State Senate,24,Jim Mehlhaff,REP,687
Hughes,Absentee Precinct,State House,24,Mike Weisgram,REP,496
Hughes,Absentee Precinct,State House,24,Jim Sheehan,REP,95
Hughes,Absentee Precinct,State House,24,Will D. Mortenson,REP,495
Hughes,Absentee Precinct,State House,24,Mary Weinheimer,REP,237
Hughes,Blunt Community Center,State House,24,Mike Weisgram,REP,48
Hughes,Blunt Community Center,State House,24,Jim Sheehan,REP,26
Hughes,Blunt Community Center,State House,24,Will D. Mortenson,REP,62
Hughes,Blunt Community Center,State House,24,Mary Weinheimer,REP,65
Hughes,Capitol Lake Visitors Center,State House,24,Mike Weisgram,REP,256
Hughes,Capitol Lake Visitors Center,State House,24,Jim Sheehan,REP,56
Hughes,Capitol Lake Visitors Center,State House,24,Will D. Mortenson,REP,250
Hughes,Capitol Lake Visitors Center,State House,24,Mary Weinheimer,REP,153
Hughes,Faith Lutheran Church,State House,24,Mike Weisgram,REP,816
Hughes,Faith Lutheran Church,State House,24,Jim Sheehan,REP,187
Hughes,Faith Lutheran Church,State House,24,Will D. Mortenson,REP,869
Hughes,Faith Lutheran Church,State House,24,Mary Weinheimer,REP,498
Hughes,Harrold City Auditorium,State House,24,Mike Weisgram,REP,18
Hughes,Harrold City Auditorium,State House,24,Jim Sheehan,REP,28
Hughes,Harrold City Auditorium,State House,24,Will D. Mortenson,REP,22
Hughes,Harrold City Auditorium,State House,24,Mary Weinheimer,REP,45
Hughes,New Life Assembly of God Church,State House,24,Mike Weisgram,REP,761
Hughes,New Life Assembly of God Church,State House,24,Jim Sheehan,REP,206
Hughes,New Life Assembly of God Church,State House,24,Will D. Mortenson,REP,810
Hughes,New Life Assembly of God Church,State House,24,Mary Weinheimer,REP,626
Hughes,Absentee Precinct,County Commissioner At Large,,Connie Hohn,REP,391
Hughes,Absentee Precinct,County Commissioner At Large,,Travis Dowre,REP,265
Hughes,Absentee Precinct,County Commissioner At Large,,Bill M. Abernathy,REP,382
Hughes,Absentee Precinct,County Commissioner At Large,,Rob Fines,REP,399
Hughes,Blunt Community Center,County Commissioner At Large,,Connie Hohn,REP,82
Hughes,Blunt Community Center,County Commissioner At Large,,Travis Dowre,REP,37
Hughes,Blunt Community Center,County Commissioner At Large,,Bill M. Abernathy,REP,44
Hughes,Blunt Community Center,County Commissioner At Large,,Rob Fines,REP,43
Hughes,Capitol Lake Visitors Center,County Commissioner At Large,,Connie Hohn,REP,221
Hughes,Capitol Lake Visitors Center,County Commissioner At Large,,Travis Dowre,REP,168
Hughes,Capitol Lake Visitors Center,County Commissioner At Large,,Bill M. Abernathy,REP,163
Hughes,Capitol Lake Visitors Center,County Commissioner At Large,,Rob Fines,REP,181
Hughes,Faith Lutheran Church,County Commissioner At Large,,Connie Hohn,REP,739
Hughes,Faith Lutheran Church,County Commissioner At Large,,Travis Dowre,REP,490
Hughes,Faith Lutheran Church,County Commissioner At Large,,Bill M. Abernathy,REP,656
Hughes,Faith Lutheran Church,County Commissioner At Large,,Rob Fines,REP,728
Hughes,Harrold City Auditorium,County Commissioner At Large,,Connie Hohn,REP,26
Hughes,Harrold City Auditorium,County Commissioner At Large,,Travis Dowre,REP,20
Hughes,Harrold City Auditorium,County Commissioner At Large,,Bill M. Abernathy,REP,38
Hughes,Harrold City Auditorium,County Commissioner At Large,,Rob Fines,REP,43
Hughes,New Life Assembly of God Church,County Commissioner At Large,,Connie Hohn,REP,711
Hughes,New Life Assembly of God Church,County Commissioner At Large,,Travis Dowre,REP,472
Hughes,New Life Assembly of God Church,County Commissioner At Large,,Bill M. Abernathy,REP,673
Hughes,New Life Assembly of God Church,County Commissioner At Large,,Rob Fines,REP,721
Hughes,Absentee Precinct,Precinct Committeeman Precinct-11,,Jeff Monroe,REP,57
Hughes,Absentee Precinct,Precinct Committeeman Precinct-11,,Joseph Wyatt,REP,29
Hughes,Absentee Precinct,Precinct Committeeman Precinct-11,,Craig Neil Ambach,REP,44
Hughes,Blunt Community Center,Precinct Committeeman Precinct-11,,Jeff Monroe,REP,6
Hughes,Blunt Community Center,Precinct Committeeman Precinct-11,,Joseph Wyatt,REP,0
Hughes,Blunt Community Center,Precinct Committeeman Precinct-11,,Craig Neil Ambach,REP,2
Hughes,Capitol Lake Visitors Center,Precinct Committeeman Precinct-11,,Jeff Monroe,REP,17
Hughes,Capitol Lake Visitors Center,Precinct Committeeman Precinct-11,,Joseph Wyatt,REP,6
Hughes,Capitol Lake Visitors Center,Precinct Committeeman Precinct-11,,Craig Neil Ambach,REP,9
Hughes,Faith Lutheran Church,Precinct Committeeman Precinct-11,,Jeff Monroe,REP,97
Hughes,Faith Lutheran Church,Precinct Committeeman Precinct-11,,Joseph Wyatt,REP,44
Hughes,Faith Lutheran Church,Precinct Committeeman Precinct-11,,Craig Neil Ambach,REP,36
Hughes,Harrold City Auditorium,Precinct Committeeman Precinct-11,,Jeff Monroe,REP,0
Hughes,Harrold City Auditorium,Precinct Committeeman Precinct-11,,Joseph Wyatt,REP,2
Hughes,Harrold City Auditorium,Precinct Committeeman Precinct-11,,Craig Neil Ambach,REP,0
Hughes,New Life Assembly of God Church,Precinct Committeeman Precinct-11,,Jeff Monroe,REP,171
Hughes,New Life Assembly of God Church,Precinct Committeeman Precinct-11,,Joseph Wyatt,REP,84
Hughes,New Life Assembly of God Church,Precinct Committeeman Precinct-11,,Craig Neil Ambach,REP,60
Hughes,Absentee Precinct,Precinct Committeeman Precinct-17,,David Dejabet,REP,14
Hughes,Absentee Precinct,Precinct Committeeman Precinct-17,,Jamie Bjur,REP,5
Hughes,Blunt Community Center,Precinct Committeeman Precinct-17,,David Dejabet,REP,0
Hughes,Blunt Community Center,Precinct Committeeman Precinct-17,,Jamie Bjur,REP,0
Hughes,Capitol Lake Visitors Center,Precinct Committeeman Precinct-17,,David Dejabet,REP,9
Hughes,Capitol Lake Visitors Center,Precinct Committeeman Precinct-17,,Jamie Bjur,REP,3
Hughes,Faith Lutheran Church,Precinct Committeeman Precinct-17,,David Dejabet,REP,25
Hughes,Faith Lutheran Church,Precinct Committeeman Precinct-17,,Jamie Bjur,REP,16
Hughes,Harrold City Auditorium,Precinct Committeeman Precinct-17,,David Dejabet,REP,1
Hughes,Harrold City Auditorium,Precinct Committeeman Precinct-17,,Jamie Bjur,REP,0
Hughes,New Life Assembly of God Church,Precinct Committeeman Precinct-17,,David Dejabet,REP,11
Hughes,New Life Assembly of God Church,Precinct Committeeman Precinct-17,,Jamie Bjur,REP,10
Hughes,Absentee Precinct,Precinct Committeeman Precinct-24,,Thomas Strubel,REP,17
Hughes,Absentee Precinct,Precinct Committeeman Precinct-24,,Brant Malfero,REP,17
Hughes,Blunt Community Center,Precinct Committeeman Precinct-24,,Thomas Strubel,REP,0
Hughes,Blunt Community Center,Precinct Committeeman Precinct-24,,Brant Malfero,REP,0
Hughes,Capitol Lake Visitors Center,Precinct Committeeman Precinct-24,,Thomas Strubel,REP,10
Hughes,Capitol Lake Visitors Center,Precinct Committeeman Precinct-24,,Brant Malfero,REP,11
Hughes,Faith Lutheran Church,Precinct Committeeman Precinct-24,,Thomas Strubel,REP,19
Hughes,Faith Lutheran Church,Precinct Committeeman Precinct-24,,Brant Malfero,REP,21
Hughes,Harrold City Auditorium,Precinct Committeeman Precinct-24,,Thomas Strubel,REP,0
Hughes,Harrold City Auditorium,Precinct Committeeman Precinct-24,,Brant Malfero,REP,0
Hughes,New Life Assembly of God Church,Precinct Committeeman Precinct-24,,Thomas Strubel,REP,44
Hughes,New Life Assembly of God Church,Precinct Committeeman Precinct-24,,Brant Malfero,REP,35
Hughes,Absentee Precinct,Precinct Committeeman Precinct-26,,Nathan Naasz,REP,4
Hughes,Absentee Precinct,Precinct Committeeman Precinct-26,,Karlton C. Adam,REP,44
Hughes,Blunt Community Center,Precinct Committeeman Precinct-26,,Nathan Naasz,REP,0
Hughes,Blunt Community Center,Precinct Committeeman Precinct-26,,Karlton C. Adam,REP,0
Hughes,Capitol Lake Visitors Center,Precinct Committeeman Precinct-26,,Nathan Naasz,REP,10
Hughes,Capitol Lake Visitors Center,Precinct Committeeman Precinct-26,,Karlton C. Adam,REP,31
Hughes,Faith Lutheran Church,Precinct Committeeman Precinct-26,,Nathan Naasz,REP,7
Hughes,Faith Lutheran Church,Precinct Committeeman Precinct-26,,Karlton C. Adam,REP,33
Hughes,Harrold City Auditorium,Precinct Committeeman Precinct-26,,Nathan Naasz,REP,0
Hughes,Harrold City Auditorium,Precinct Committeeman Precinct-26,,Karlton C. Adam,REP,0
Hughes,New Life Assembly of God Church,Precinct Committeeman Precinct-26,,Nathan Naasz,REP,18
Hughes,New Life Assembly of God Church,Precinct Committeeman Precinct-26,,Karlton C. Adam,REP,45
Hughes,Absentee Precinct,Committeewoman Precinct-21,,Deborah Witlock,REP,5
Hughes,Absentee Precinct,Committeewoman Precinct-21,,Lenora Dejabet,REP,14
Hughes,Blunt Community Center,Committeewoman Precinct-21,,Deborah Witlock,REP,0
Hughes,Blunt Community Center,Committeewoman Precinct-21,,Lenora Dejabet,REP,0
Hughes,Capitol Lake Visitors Center,Committeewoman Precinct-21,,Deborah Witlock,REP,3
Hughes,Capitol Lake Visitors Center,Committeewoman Precinct-21,,Lenora Dejabet,REP,10
Hughes,Faith Lutheran Church,Committeewoman Precinct-21,,Deborah Witlock,REP,24
Hughes,Faith Lutheran Church,Committeewoman Precinct-21,,Lenora Dejabet,REP,18
Hughes,Harrold City Auditorium,Committeewoman Precinct-21,,Deborah Witlock,REP,0
Hughes,Harrold City Auditorium,Committeewoman Precinct-21,,Lenora Dejabet,REP,1
Hughes,New Life Assembly of God Church,Committeewoman Precinct-21,,Deborah Witlock,REP,13
Hughes,New Life Assembly of God Church,Committeewoman Precinct-21,,Lenora Dejabet,REP,9
Hughes,Absentee Precinct,Committeewoman Precinct-23,,Brooklyn Rasmussen,REP,10
Hughes,Absentee Precinct,Committeewoman Precinct-23,,Sheri Williams-Cowan,REP,10
Hughes,Blunt Community Center,Committeewoman Precinct-23,,Brooklyn Rasmussen,REP,0
Hughes,Blunt Community Center,Committeewoman Precinct-23,,Sheri Williams-Cowan,REP,0
Hughes,Capitol Lake Visitors Center,Committeewoman Precinct-23,,Brooklyn Rasmussen,REP,7
Hughes,Capitol Lake Visitors Center,Committeewoman Precinct-23,,Sheri Williams-Cowan,REP,4
Hughes,Faith Lutheran Church,Committeewoman Precinct-23,,Brooklyn Rasmussen,REP,10
Hughes,Faith Lutheran Church,Committeewoman Precinct-23,,Sheri Williams-Cowan,REP,18
Hughes,Harrold City Auditorium,Committeewoman Precinct-23,,Brooklyn Rasmussen,REP,0
Hughes,Harrold City Auditorium,Committeewoman Precinct-23,,Sheri Williams-Cowan,REP,0
Hughes,New Life Assembly of God Church,Committeewoman Precinct-23,,Brooklyn Rasmussen,REP,27
Hughes,New Life Assembly of God Church,Committeewoman Precinct-23,,Sheri Williams-Cowan,REP,39
Hughes,Absentee Precinct,Committeewoman Precinct-24,,Jadviga Strubel,REP,8
Hughes,Absentee Precinct,Committeewoman Precinct-24,,Claire Rydberg,REP,24
Hughes,Blunt Community Center,Committeewoman Precinct-24,,Jadviga Strubel,REP,0
Hughes,Blunt Community Center,Committeewoman Precinct-24,,Claire Rydberg,REP,0
Hughes,Capitol Lake Visitors Center,Committeewoman Precinct-24,,Jadviga Strubel,REP,6
Hughes,Capitol Lake Visitors Center,Committeewoman Precinct-24,,Claire Rydberg,REP,16
Hughes,Faith Lutheran Church,Committeewoman Precinct-24,,Jadviga Strubel,REP,9
Hughes,Faith Lutheran Church,Committeewoman Precinct-24,,Claire Rydberg,REP,30
Hughes,Harrold City Auditorium,Committeewoman Precinct-24,,Jadviga Strubel,REP,0
Hughes,Harrold City Auditorium,Committeewoman Precinct-24,,Claire Rydberg,REP,0
Hughes,New Life Assembly of God Church,Committeewoman Precinct-24,,Jadviga Strubel,REP,23
Hughes,New Life Assembly of God Church,Committeewoman Precinct-24,,Claire Rydberg,REP,55
Hughes,Absentee Precinct,Committeewoman Precinct-28,,Kathleen M Zander,REP,29
Hughes,Absentee Precinct,Committeewoman Precinct-28,,Paula Huizenga,REP,26
Hughes,Blunt Community Center,Committeewoman Precinct-28,,Kathleen M Zander,REP,0
Hughes,Blunt Community Center,Committeewoman Precinct-28,,Paula Huizenga,REP,0
Hughes,Capitol Lake Visitors Center,Committeewoman Precinct-28,,Kathleen M Zander,REP,20
Hughes,Capitol Lake Visitors Center,Committeewoman Precinct-28,,Paula Huizenga,REP,13
Hughes,Faith Lutheran Church,Committeewoman Precinct-28,,Kathleen M Zander,REP,35
Hughes,Faith Lutheran Church,Committeewoman Precinct-28,,Paula Huizenga,REP,29
Hughes,Harrold City Auditorium,Committeewoman Precinct-28,,Kathleen M Zander,REP,0
Hughes,Harrold City Auditorium,Committeewoman Precinct-28,,Paula Huizenga,REP,0
Hughes,New Life Assembly of God Church,Committeewoman Precinct-28,,Kathleen M Zander,REP,10
Hughes,New Life Assembly of God Church,Committeewoman Precinct-28,,Paula Huizenga,REP,9
Hughes,Absentee Precinct,School Board Member Pierre School District 32-2,,Joan Adam,,556
Hughes,Absentee Precinct,School Board Member Pierre School District 32-2,,Jessica Lewis,,288
Hughes,Absentee Precinct,School Board Member Pierre School District 32-2,,Bree Oatman,,252
Hughes,Absentee Precinct,School Board Member Pierre School District 32-2,,Sandra Douvier,,155
Hughes,Blunt Community Center,School Board Member Pierre School District 32-2,,Joan Adam,,13
Hughes,Blunt Community Center,School Board Member Pierre School District 32-2,,Jessica Lewis,,10
Hughes,Blunt Community Center,School Board Member Pierre School District 32-2,,Bree Oatman,,0
Hughes,Blunt Community Center,School Board Member Pierre School District 32-2,,Sandra Douvier,,4
Hughes,Capitol Lake Visitors Center,School Board Member Pierre School District 32-2,,Joan Adam,,307
Hughes,Capitol Lake Visitors Center,School Board Member Pierre School District 32-2,,Jessica Lewis,,221
Hughes,Capitol Lake Visitors Center,School Board Member Pierre School District 32-2,,Bree Oatman,,189
Hughes,Capitol Lake Visitors Center,School Board Member Pierre School District 32-2,,Sandra Douvier,,80
Hughes,Faith Lutheran Church,School Board Member Pierre School District 32-2,,Joan Adam,,1069
Hughes,Faith Lutheran Church,School Board Member Pierre School District 32-2,,Jessica Lewis,,741
Hughes,Faith Lutheran Church,School Board Member Pierre School District 32-2,,Bree Oatman,,483
Hughes,Faith Lutheran Church,School Board Member Pierre School District 32-2,,Sandra Douvier,,259
Hughes,Harrold City Auditorium,School Board Member Pierre School District 32-2,,Joan Adam,,0
Hughes,Harrold City Auditorium,School Board Member Pierre School District 32-2,,Jessica Lewis,,1
Hughes,Harrold City Auditorium,School Board Member Pierre School District 32-2,,Bree Oatman,,1
Hughes,Harrold City Auditorium,School Board Member Pierre School District 32-2,,Sandra Douvier,,2
Hughes,New Life Assembly of God Church,School Board Member Pierre School District 32-2,,Joan Adam,,878
Hughes,New Life Assembly of God Church,School Board Member Pierre School District 32-2,,Jessica Lewis,,733
Hughes,New Life Assembly of God Church,School Board Member Pierre School District 32-2,,Bree Oatman,,457
Hughes,New Life Assembly of God Church,School Board Member Pierre School District 32-2,,Sandra Douvier,,331
Hughes,Absentee Precinct,Constitutional Amendment C: A Constitutional Amendment Requiring Three-Fifths Vote for Approval of Ballot Measures Imposing Taxes or Fees or Obligating over $10 Million,,Yes,,236
Hughes,Absentee Precinct,Constitutional Amendment C: A Constitutional Amendment Requiring Three-Fifths Vote for Approval of Ballot Measures Imposing Taxes or Fees or Obligating over $10 Million,,No,,695
Hughes,Blunt Community Center,Constitutional Amendment C: A Constitutional Amendment Requiring Three-Fifths Vote for Approval of Ballot Measures Imposing Taxes or Fees or Obligating over $10 Million,,Yes,,47
Hughes,Blunt Community Center,Constitutional Amendment C: A Constitutional Amendment Requiring Three-Fifths Vote for Approval of Ballot Measures Imposing Taxes or Fees or Obligating over $10 Million,,No,,80
Hughes,Capitol Lake Visitors Center,Constitutional Amendment C: A Constitutional Amendment Requiring Three-Fifths Vote for Approval of Ballot Measures Imposing Taxes or Fees or Obligating over $10 Million,,Yes,,141
Hughes,Capitol Lake Visitors Center,Constitutional Amendment C: A Constitutional Amendment Requiring Three-Fifths Vote for Approval of Ballot Measures Imposing Taxes or Fees or Obligating over $10 Million,,No,,432
Hughes,Faith Lutheran Church,Constitutional Amendment C: A Constitutional Amendment Requiring Three-Fifths Vote for Approval of Ballot Measures Imposing Taxes or Fees or Obligating over $10 Million,,Yes,,448
Hughes,Faith Lutheran Church,Constitutional Amendment C: A Constitutional Amendment Requiring Three-Fifths Vote for Approval of Ballot Measures Imposing Taxes or Fees or Obligating over $10 Million,,No,,1238
Hughes,Harrold City Auditorium,Constitutional Amendment C: A Constitutional Amendment Requiring Three-Fifths Vote for Approval of Ballot Measures Imposing Taxes or Fees or Obligating over $10 Million,,Yes,,37
Hughes,Harrold City Auditorium,Constitutional Amendment C: A Constitutional Amendment Requiring Three-Fifths Vote for Approval of Ballot Measures Imposing Taxes or Fees or Obligating over $10 Million,,No,,33
Hughes,New Life Assembly of God Church,Constitutional Amendment C: A Constitutional Amendment Requiring Three-Fifths Vote for Approval of Ballot Measures Imposing Taxes or Fees or Obligating over $10 Million,,Yes,,470
Hughes,New Life Assembly of God Church,Constitutional Amendment C: A Constitutional Amendment Requiring Three-Fifths Vote for Approval of Ballot Measures Imposing Taxes or Fees or Obligating over $10 Million,,No,,1220
Hutchinson,01,U.S. Senate,,John R. Thune,REP,209
Hutchinson,01,U.S. Senate,,Bruce Whalen,REP,112
Hutchinson,01,U.S. Senate,,Mark Mowry,REP,20
Hutchinson,02,U.S. Senate,,John R. Thune,REP,308
Hutchinson,02,U.S. Senate,,Bruce Whalen,REP,82
Hutchinson,02,U.S. Senate,,Mark Mowry,REP,24
Hutchinson,03,U.S. Senate,,John R. Thune,REP,150
Hutchinson,03,U.S. Senate,,Bruce Whalen,REP,32
Hutchinson,03,U.S. Senate,,Mark Mowry,REP,13
Hutchinson,04,U.S. Senate,,John R. Thune,REP,223
Hutchinson,04,U.S. Senate,,Bruce Whalen,REP,53
Hutchinson,04,U.S. Senate,,Mark Mowry,REP,8
Hutchinson,05,U.S. Senate,,John R. Thune,REP,168
Hutchinson,05,U.S. Senate,,Bruce Whalen,REP,39
Hutchinson,05,U.S. Senate,,Mark Mowry,REP,16
Hutchinson,06,U.S. Senate,,John R. Thune,REP,94
Hutchinson,06,U.S. Senate,,Bruce Whalen,REP,23
Hutchinson,06,U.S. Senate,,Mark Mowry,REP,28
Hutchinson,01,U.S. House,1,Dusty Johnson,REP,147
Hutchinson,01,U.S. House,1,Taffy Howard,REP,203
Hutchinson,02,U.S. House,1,Dusty Johnson,REP,249
Hutchinson,02,U.S. House,1,Taffy Howard,REP,166
Hutchinson,03,U.S. House,1,Dusty Johnson,REP,129
Hutchinson,03,U.S. House,1,Taffy Howard,REP,69
Hutchinson,04,U.S. House,1,Dusty Johnson,REP,192
Hutchinson,04,U.S. House,1,Taffy Howard,REP,92
Hutchinson,05,U.S. House,1,Dusty Johnson,REP,144
Hutchinson,05,U.S. House,1,Taffy Howard,REP,85
Hutchinson,06,U.S. House,1,Dusty Johnson,REP,74
Hutchinson,06,U.S. House,1,Taffy Howard,REP,73
Hutchinson,01,Governor,,Steven Haugaard,REP,66
Hutchinson,01,Governor,,Kristi Noem,REP,282
Hutchinson,02,Governor,,Steven Haugaard,REP,92
Hutchinson,02,Governor,,Kristi Noem,REP,327
Hutchinson,03,Governor,,Steven Haugaard,REP,26
Hutchinson,03,Governor,,Kristi Noem,REP,174
Hutchinson,04,Governor,,Steven Haugaard,REP,73
Hutchinson,04,Governor,,Kristi Noem,REP,211
Hutchinson,05,Governor,,Steven Haugaard,REP,32
Hutchinson,05,Governor,,Kristi Noem,REP,200
Hutchinson,06,Governor,,Steven Haugaard,REP,24
Hutchinson,06,Governor,,Kristi Noem,REP,124
Hutchinson,01,State House,19,Caleb Finck,REP,118
Hutchinson,01,State House,19,Michael Boyle,REP,128
Hutchinson,01,State House,19,Jessica Bahmuller,REP,170
Hutchinson,01,State House,19,Roger Hofer,REP,32
Hutchinson,01,State House,19,Drew Peterson,REP,130
Hutchinson,02,State House,19,Caleb Finck,REP,91
Hutchinson,02,State House,19,Michael Boyle,REP,181
Hutchinson,02,State House,19,Jessica Bahmuller,REP,193
Hutchinson,02,State House,19,Roger Hofer,REP,84
Hutchinson,02,State House,19,Drew Peterson,REP,144
Hutchinson,03,State House,19,Caleb Finck,REP,72
Hutchinson,03,State House,19,Michael Boyle,REP,90
Hutchinson,03,State House,19,Jessica Bahmuller,REP,118
Hutchinson,03,State House,19,Roger Hofer,REP,6
Hutchinson,03,State House,19,Drew Peterson,REP,57
Hutchinson,04,State House,19,Caleb Finck,REP,154
Hutchinson,04,State House,19,Michael Boyle,REP,89
Hutchinson,04,State House,19,Jessica Bahmuller,REP,138
Hutchinson,04,State House,19,Roger Hofer,REP,15
Hutchinson,04,State House,19,Drew Peterson,REP,89
Hutchinson,05,State House,19,Caleb Finck,REP,182
Hutchinson,05,State House,19,Michael Boyle,REP,58
Hutchinson,05,State House,19,Jessica Bahmuller,REP,83
Hutchinson,05,State House,19,Roger Hofer,REP,2
Hutchinson,05,State House,19,Drew Peterson,REP,73
Hutchinson,06,State House,19,Caleb Finck,REP,52
Hutchinson,06,State House,19,Michael Boyle,REP,24
Hutchinson,06,State House,19,Jessica Bahmuller,REP,79
Hutchinson,06,State House,19,Roger Hofer,REP,30
Hutchinson,06,State House,19,Drew Peterson,REP,53
Hutchinson,01,Constitutional Amendment C: A Constitutional Amendment Requiring Three-Fifths Vote for Approval of Ballot Measures Imposing Taxes or Fees or Obligating over $10 Million,,Yes,,171
Hutchinson,01,Constitutional Amendment C: A Constitutional Amendment Requiring Three-Fifths Vote for Approval of Ballot Measures Imposing Taxes or Fees or Obligating over $10 Million,,No,,226
Hutchinson,02,Constitutional Amendment C: A Constitutional Amendment Requiring Three-Fifths Vote for Approval of Ballot Measures Imposing Taxes or Fees or Obligating over $10 Million,,Yes,,190
Hutchinson,02,Constitutional Amendment C: A Constitutional Amendment Requiring Three-Fifths Vote for Approval of Ballot Measures Imposing Taxes or Fees or Obligating over $10 Million,,No,,316
Hutchinson,03,Constitutional Amendment C: A Constitutional Amendment Requiring Three-Fifths Vote for Approval of Ballot Measures Imposing Taxes or Fees or Obligating over $10 Million,,Yes,,92
Hutchinson,03,Constitutional Amendment C: A Constitutional Amendment Requiring Three-Fifths Vote for Approval of Ballot Measures Imposing Taxes or Fees or Obligating over $10 Million,,No,,165
Hutchinson,04,Constitutional Amendment C: A Constitutional Amendment Requiring Three-Fifths Vote for Approval of Ballot Measures Imposing Taxes or Fees or Obligating over $10 Million,,Yes,,126
Hutchinson,04,Constitutional Amendment C: A Constitutional Amendment Requiring Three-Fifths Vote for Approval of Ballot Measures Imposing Taxes or Fees or Obligating over $10 Million,,No,,291
Hutchinson,05,Constitutional Amendment C: A Constitutional Amendment Requiring Three-Fifths Vote for Approval of Ballot Measures Imposing Taxes or Fees or Obligating over $10 Million,,Yes,,108
Hutchinson,05,Constitutional Amendment C: A Constitutional Amendment Requiring Three-Fifths Vote for Approval of Ballot Measures Imposing Taxes or Fees or Obligating over $10 Million,,No,,160
Hutchinson,06,Constitutional Amendment C: A Constitutional Amendment Requiring Three-Fifths Vote for Approval of Ballot Measures Imposing Taxes or Fees or Obligating over $10 Million,,Yes,,62
Hutchinson,06,Constitutional Amendment C: A Constitutional Amendment Requiring Three-Fifths Vote for Approval of Ballot Measures Imposing Taxes or Fees or Obligating over $10 Million,,No,,98
Hyde,Hyde County Memorial Auditorium-East Wing,U.S. Senate,,John R. Thune,REP,253
Hyde,Hyde County Memorial Auditorium-East Wing,U.S. Senate,,Bruce Whalen,REP,41
Hyde,Hyde County Memorial Auditorium-East Wing,U.S. Senate,,Mark Mowry,REP,34
Hyde,Hyde County Memorial Auditorium-East Wing,U.S. House,1,Dusty Johnson,REP,217
Hyde,Hyde County Memorial Auditorium-East Wing,U.S. House,1,Taffy Howard,REP,116
Hyde,Hyde County Memorial Auditorium-East Wing,Governor,,Steven Haugaard,REP,50
Hyde,Hyde County Memorial Auditorium-East Wing,Governor,,Kristi Noem,REP,287
Hyde,Hyde County Memorial Auditorium-East Wing,State Senate,24,Mary Duvall,REP,164
Hyde,Hyde County Memorial Auditorium-East Wing,State Senate,24,Jim Mehlhaff,REP,157
Hyde,Hyde County Memorial Auditorium-East Wing,State House,24,Mike Weisgram,REP,120
Hyde,Hyde County Memorial Auditorium-East Wing,State House,24,Jim Sheehan,REP,91
Hyde,Hyde County Memorial Auditorium-East Wing,State House,24,Will D. Mortenson,REP,184
Hyde,Hyde County Memorial Auditorium-East Wing,State House,24,Mary Weinheimer,REP,145
Hyde,Hyde County Memorial Auditorium-East Wing,Register of Deeds,,Rachell Fletcher,REP,141
Hyde,Hyde County Memorial Auditorium-East Wing,Register of Deeds,,Pamela Hamlin,REP,177
Hyde,Hyde County Memorial Auditorium-East Wing,County Commissioner Hyde-3,,Dan LaMont,REP,68
Hyde,Hyde County Memorial Auditorium-East Wing,County Commissioner Hyde-3,,Melvin D Buchheim,REP,24
Hyde,Hyde County Memorial Auditorium-East Wing,County Commissioner Hyde-5,,Kevin Baloun,REP,24
Hyde,Hyde County Memorial Auditorium-East Wing,County Commissioner Hyde-5,,Dawn Rinehart,REP,18
Hyde,Hyde County Memorial Auditorium-East Wing,Constitutional Amendment C: A Constitutional Amendment Requiring Three-Fifths Vote for Approval of Ballot Measures Imposing Taxes or Fees or Obligating over $10 Million,,Yes,,113
Hyde,Hyde County Memorial Auditorium-East Wing,Constitutional Amendment C: A Constitutional Amendment Requiring Three-Fifths Vote for Approval of Ballot Measures Imposing Taxes or Fees or Obligating over $10 Million,,No,,283
Jackson,1,U.S. Senate,,John R. Thune,REP,14
Jackson,1,U.S. Senate,,Bruce Whalen,REP,9
Jackson,1,U.S. Senate,,Mark Mowry,REP,0
Jackson,2,U.S. Senate,,John R. Thune,REP,40
Jackson,2,U.S. Senate,,Bruce Whalen,REP,14
Jackson,2,U.S. Senate,,Mark Mowry,REP,7
Jackson,3,U.S. Senate,,John R. Thune,REP,117
Jackson,3,U.S. Senate,,Bruce Whalen,REP,24
Jackson,3,U.S. Senate,,Mark Mowry,REP,32
Jackson,4,U.S. Senate,,John R. Thune,REP,68
Jackson,4,U.S. Senate,,Bruce Whalen,REP,12
Jackson,4,U.S. Senate,,Mark Mowry,REP,14
Jackson,5,U.S. Senate,,John R. Thune,REP,24
Jackson,5,U.S. Senate,,Bruce Whalen,REP,24
Jackson,5,U.S. Senate,,Mark Mowry,REP,13
Jackson,6,U.S. Senate,,John R. Thune,REP,23
Jackson,6,U.S. Senate,,Bruce Whalen,REP,28
Jackson,6,U.S. Senate,,Mark Mowry,REP,12
Jackson,7,U.S. Senate,,John R. Thune,REP,18
Jackson,7,U.S. Senate,,Bruce Whalen,REP,6
Jackson,7,U.S. Senate,,Mark Mowry,REP,3
Jackson,8,U.S. Senate,,John R. Thune,REP,11
Jackson,8,U.S. Senate,,Bruce Whalen,REP,11
Jackson,8,U.S. Senate,,Mark Mowry,REP,1
Jackson,1,County Commissioner Jackson-5,,Kelly Riggins,REP,6
Jackson,1,County Commissioner Jackson-5,,Travis DeJong,REP,16
Jackson,2,County Commissioner Jackson-5,,Kelly Riggins,REP,5
Jackson,2,County Commissioner Jackson-5,,Travis DeJong,REP,51
Jackson,3,County Commissioner Jackson-5,,Kelly Riggins,REP,14
Jackson,3,County Commissioner Jackson-5,,Travis DeJong,REP,44
Jackson,8,County Commissioner Jackson-5,,Kelly Riggins,REP,1
Jackson,8,County Commissioner Jackson-5,,Travis DeJong,REP,3
Jerauld,1,U.S. Senate,,John R. Thune,REP,117
Jerauld,1,U.S. Senate,,Bruce Whalen,REP,33
Jerauld,1,U.S. Senate,,Mark Mowry,REP,10
Jerauld,2,U.S. Senate,,John R. Thune,REP,46
Jerauld,2,U.S. Senate,,Bruce Whalen,REP,10
Jerauld,2,U.S. Senate,,Mark Mowry,REP,2
Jerauld,3,U.S. Senate,,John R. Thune,REP,39
Jerauld,3,U.S. Senate,,Bruce Whalen,REP,3
Jerauld,3,U.S. Senate,,Mark Mowry,REP,2
Jerauld,4,U.S. Senate,,John R. Thune,REP,12
Jerauld,4,U.S. Senate,,Bruce Whalen,REP,7
Jerauld,4,U.S. Senate,,Mark Mowry,REP,2
Jerauld,5,U.S. Senate,,John R. Thune,REP,31
Jerauld,5,U.S. Senate,,Bruce Whalen,REP,0
Jerauld,5,U.S. Senate,,Mark Mowry,REP,2
Jones,1,U.S. Senate,,John R. Thune,REP,49
Jones,1,U.S. Senate,,Bruce Whalen,REP,23
Jones,1,U.S. Senate,,Mark Mowry,REP,19
Jones,2,U.S. Senate,,John R. Thune,REP,131
Jones,2,U.S. Senate,,Bruce Whalen,REP,37
Jones,2,U.S. Senate,,Mark Mowry,REP,49
Jones,1,U.S. House,1,Dusty Johnson,REP,37
Jones,1,U.S. House,1,Taffy Howard,REP,56
Jones,2,U.S. House,1,Dusty Johnson,REP,123
Jones,2,U.S. House,1,Taffy Howard,REP,95
Jones,1,Governor,,Steven Haugaard,REP,19
Jones,1,Governor,,Kristi Noem,REP,73
Jones,2,Governor,,Steven Haugaard,REP,57
Jones,2,Governor,,Kristi Noem,REP,165
Jones,1,County Auditor,,Janice Whitney,REP,28
Jones,1,County Auditor,,Jacob T. Lolley,REP,56
Jones,2,County Auditor,,Janice Whitney,REP,84
Jones,2,County Auditor,,Jacob T. Lolley,REP,113
Jones,1,County Commissioner At Large,,Marty M. Roghair,REP,41
Jones,1,County Commissioner At Large,,Robert Louder,REP,30
Jones,1,County Commissioner At Large,,Lori A. Waldron,REP,60
Jones,1,County Commissioner At Large,,Brandon Kinsley,REP,40
Jones,2,County Commissioner At Large,,Marty M. Roghair,REP,86
Jones,2,County Commissioner At Large,,Robert Louder,REP,79
Jones,2,County Commissioner At Large,,Lori A. Waldron,REP,136
Jones,2,County Commissioner At Large,,Brandon Kinsley,REP,100
Jones,1,Constitutional Amendment C: A Constitutional Amendment Requiring Three-Fifths Vote for Approval of Ballot Measures Imposing Taxes or Fees or Obligating over $10 Million,,Yes,,37
Jones,1,Constitutional Amendment C: A Constitutional Amendment Requiring Three-Fifths Vote for Approval of Ballot Measures Imposing Taxes or Fees or Obligating over $10 Million,,No,,65
Jones,2,Constitutional Amendment C: A Constitutional Amendment Requiring Three-Fifths Vote for Approval of Ballot Measures Imposing Taxes or Fees or Obligating over $10 Million,,Yes,,72
Jones,2,Constitutional Amendment C: A Constitutional Amendment Requiring Three-Fifths Vote for Approval of Ballot Measures Imposing Taxes or Fees or Obligating over $10 Million,,No,,187
Kingsbury,Absentee Precinct,U.S. Senate,,John R. Thune,REP,104
Kingsbury,Absentee Precinct,U.S. Senate,,Bruce Whalen,REP,19
Kingsbury,Absentee Precinct,U.S. Senate,,Mark Mowry,REP,5
Kingsbury,Arlington Precinct,U.S. Senate,,John R. Thune,REP,159
Kingsbury,Arlington Precinct,U.S. Senate,,Bruce Whalen,REP,45
Kingsbury,Arlington Precinct,U.S. Senate,,Mark Mowry,REP,13
Kingsbury,Badger Precinct,U.S. Senate,,John R. Thune,REP,88
Kingsbury,Badger Precinct,U.S. Senate,,Bruce Whalen,REP,25
Kingsbury,Badger Precinct,U.S. Senate,,Mark Mowry,REP,10
Kingsbury,De Smet Precinct,U.S. Senate,,John R. Thune,REP,331
Kingsbury,De Smet Precinct,U.S. Senate,,Bruce Whalen,REP,52
Kingsbury,De Smet Precinct,U.S. Senate,,Mark Mowry,REP,20
Kingsbury,Iroquois Precinct,U.S. Senate,,John R. Thune,REP,59
Kingsbury,Iroquois Precinct,U.S. Senate,,Bruce Whalen,REP,16
Kingsbury,Iroquois Precinct,U.S. Senate,,Mark Mowry,REP,5
Kingsbury,Lake Preston Precinct,U.S. Senate,,John R. Thune,REP,170
Kingsbury,Lake Preston Precinct,U.S. Senate,,Bruce Whalen,REP,35
Kingsbury,Lake Preston Precinct,U.S. Senate,,Mark Mowry,REP,13
Kingsbury,Oldham Precinct,U.S. Senate,,John R. Thune,REP,69
Kingsbury,Oldham Precinct,U.S. Senate,,Bruce Whalen,REP,14
Kingsbury,Oldham Precinct,U.S. Senate,,Mark Mowry,REP,8
Kingsbury,Absentee Precinct,U.S. House,1,Dusty Johnson,REP,101
Kingsbury,Absentee Precinct,U.S. House,1,Taffy Howard,REP,28
Kingsbury,Arlington Precinct,U.S. House,1,Dusty Johnson,REP,154
Kingsbury,Arlington Precinct,U.S. House,1,Taffy Howard,REP,69
Kingsbury,Badger Precinct,U.S. House,1,Dusty Johnson,REP,78
Kingsbury,Badger Precinct,U.S. House,1,Taffy Howard,REP,47
Kingsbury,De Smet Precinct,U.S. House,1,Dusty Johnson,REP,265
Kingsbury,De Smet Precinct,U.S. House,1,Taffy Howard,REP,141
Kingsbury,Iroquois Precinct,U.S. House,1,Dusty Johnson,REP,54
Kingsbury,Iroquois Precinct,U.S. House,1,Taffy Howard,REP,25
Kingsbury,Lake Preston Precinct,U.S. House,1,Dusty Johnson,REP,134
Kingsbury,Lake Preston Precinct,U.S. House,1,Taffy Howard,REP,86
Kingsbury,Oldham Precinct,U.S. House,1,Dusty Johnson,REP,51
Kingsbury,Oldham Precinct,U.S. House,1,Taffy Howard,REP,37
Kingsbury,Absentee Precinct,Governor,,Steven Haugaard,REP,35
Kingsbury,Absentee Precinct,Governor,,Kristi Noem,REP,91
Kingsbury,Arlington Precinct,Governor,,Steven Haugaard,REP,42
Kingsbury,Arlington Precinct,Governor,,Kristi Noem,REP,180
Kingsbury,Badger Precinct,Governor,,Steven Haugaard,REP,26
Kingsbury,Badger Precinct,Governor,,Kristi Noem,REP,100
Kingsbury,De Smet Precinct,Governor,,Steven Haugaard,REP,91
Kingsbury,De Smet Precinct,Governor,,Kristi Noem,REP,320
Kingsbury,Iroquois Precinct,Governor,,Steven Haugaard,REP,20
Kingsbury,Iroquois Precinct,Governor,,Kristi Noem,REP,59
Kingsbury,Lake Preston Precinct,Governor,,Steven Haugaard,REP,60
Kingsbury,Lake Preston Precinct,Governor,,Kristi Noem,REP,166
Kingsbury,Oldham Precinct,Governor,,Steven Haugaard,REP,21
Kingsbury,Oldham Precinct,Governor,,Kristi Noem,REP,69
Kingsbury,Absentee Precinct,State Senate,8,Heather DeVries,REP,20
Kingsbury,Absentee Precinct,State Senate,8,Casey Crabtree,REP,98
Kingsbury,Arlington Precinct,State Senate,8,Heather DeVries,REP,34
Kingsbury,Arlington Precinct,State Senate,8,Casey Crabtree,REP,176
Kingsbury,Badger Precinct,State Senate,8,Heather DeVries,REP,13
Kingsbury,Badger Precinct,State Senate,8,Casey Crabtree,REP,97
Kingsbury,De Smet Precinct,State Senate,8,Heather DeVries,REP,62
Kingsbury,De Smet Precinct,State Senate,8,Casey Crabtree,REP,302
Kingsbury,Iroquois Precinct,State Senate,8,Heather DeVries,REP,20
Kingsbury,Iroquois Precinct,State Senate,8,Casey Crabtree,REP,47
Kingsbury,Lake Preston Precinct,State Senate,8,Heather DeVries,REP,29
Kingsbury,Lake Preston Precinct,State Senate,8,Casey Crabtree,REP,165
Kingsbury,Oldham Precinct,State Senate,8,Heather DeVries,REP,18
Kingsbury,Oldham Precinct,State Senate,8,Casey Crabtree,REP,68
Kingsbury,Absentee Precinct,State House,8,Lecia Summerer,REP,21
Kingsbury,Absentee Precinct,State House,8,John Mills,REP,46
Kingsbury,Absentee Precinct,State House,8,Tim Reisch,REP,100
Kingsbury,Arlington Precinct,State House,8,Lecia Summerer,REP,27
Kingsbury,Arlington Precinct,State House,8,John Mills,REP,96
Kingsbury,Arlington Precinct,State House,8,Tim Reisch,REP,146
Kingsbury,Badger Precinct,State House,8,Lecia Summerer,REP,21
Kingsbury,Badger Precinct,State House,8,John Mills,REP,59
Kingsbury,Badger Precinct,State House,8,Tim Reisch,REP,82
Kingsbury,De Smet Precinct,State House,8,Lecia Summerer,REP,56
Kingsbury,De Smet Precinct,State House,8,John Mills,REP,161
Kingsbury,De Smet Precinct,State House,8,Tim Reisch,REP,313
Kingsbury,Iroquois Precinct,State House,8,Lecia Summerer,REP,14
Kingsbury,Iroquois Precinct,State House,8,John Mills,REP,26
Kingsbury,Iroquois Precinct,State House,8,Tim Reisch,REP,58
Kingsbury,Lake Preston Precinct,State House,8,Lecia Summerer,REP,21
Kingsbury,Lake Preston Precinct,State House,8,John Mills,REP,91
Kingsbury,Lake Preston Precinct,State House,8,Tim Reisch,REP,148
Kingsbury,Oldham Precinct,State House,8,Lecia Summerer,REP,15
Kingsbury,Oldham Precinct,State House,8,John Mills,REP,35
Kingsbury,Oldham Precinct,State House,8,Tim Reisch,REP,66
Kingsbury,Absentee Precinct,Sheriff,,Steven A Strande,REP,89
Kingsbury,Absentee Precinct,Sheriff,,Wade C Hoefert,REP,44
Kingsbury,Arlington Precinct,Sheriff,,Steven A Strande,REP,141
Kingsbury,Arlington Precinct,Sheriff,,Wade C Hoefert,REP,73
Kingsbury,Badger Precinct,Sheriff,,Steven A Strande,REP,90
Kingsbury,Badger Precinct,Sheriff,,Wade C Hoefert,REP,35
Kingsbury,De Smet Precinct,Sheriff,,Steven A Strande,REP,240
Kingsbury,De Smet Precinct,Sheriff,,Wade C Hoefert,REP,173
Kingsbury,Iroquois Precinct,Sheriff,,Steven A Strande,REP,28
Kingsbury,Iroquois Precinct,Sheriff,,Wade C Hoefert,REP,50
Kingsbury,Lake Preston Precinct,Sheriff,,Steven A Strande,REP,170
Kingsbury,Lake Preston Precinct,Sheriff,,Wade C Hoefert,REP,60
Kingsbury,Oldham Precinct,Sheriff,,Steven A Strande,REP,58
Kingsbury,Oldham Precinct,Sheriff,,Wade C Hoefert,REP,34
Kingsbury,Absentee Precinct,Constitutional Amendment C: A Constitutional Amendment Requiring Three-Fifths Vote for Approval of Ballot Measures Imposing Taxes or Fees or Obligating over $10 Million,,Yes,,37
Kingsbury,Absentee Precinct,Constitutional Amendment C: A Constitutional Amendment Requiring Three-Fifths Vote for Approval of Ballot Measures Imposing Taxes or Fees or Obligating over $10 Million,,No,,132
Kingsbury,Arlington Precinct,Constitutional Amendment C: A Constitutional Amendment Requiring Three-Fifths Vote for Approval of Ballot Measures Imposing Taxes or Fees or Obligating over $10 Million,,Yes,,83
Kingsbury,Arlington Precinct,Constitutional Amendment C: A Constitutional Amendment Requiring Three-Fifths Vote for Approval of Ballot Measures Imposing Taxes or Fees or Obligating over $10 Million,,No,,213
Kingsbury,Badger Precinct,Constitutional Amendment C: A Constitutional Amendment Requiring Three-Fifths Vote for Approval of Ballot Measures Imposing Taxes or Fees or Obligating over $10 Million,,Yes,,49
Kingsbury,Badger Precinct,Constitutional Amendment C: A Constitutional Amendment Requiring Three-Fifths Vote for Approval of Ballot Measures Imposing Taxes or Fees or Obligating over $10 Million,,No,,100
Kingsbury,De Smet Precinct,Constitutional Amendment C: A Constitutional Amendment Requiring Three-Fifths Vote for Approval of Ballot Measures Imposing Taxes or Fees or Obligating over $10 Million,,Yes,,147
Kingsbury,De Smet Precinct,Constitutional Amendment C: A Constitutional Amendment Requiring Three-Fifths Vote for Approval of Ballot Measures Imposing Taxes or Fees or Obligating over $10 Million,,No,,345
Kingsbury,Iroquois Precinct,Constitutional Amendment C: A Constitutional Amendment Requiring Three-Fifths Vote for Approval of Ballot Measures Imposing Taxes or Fees or Obligating over $10 Million,,Yes,,28
Kingsbury,Iroquois Precinct,Constitutional Amendment C: A Constitutional Amendment Requiring Three-Fifths Vote for Approval of Ballot Measures Imposing Taxes or Fees or Obligating over $10 Million,,No,,90
Kingsbury,Lake Preston Precinct,Constitutional Amendment C: A Constitutional Amendment Requiring Three-Fifths Vote for Approval of Ballot Measures Imposing Taxes or Fees or Obligating over $10 Million,,Yes,,85
Kingsbury,Lake Preston Precinct,Constitutional Amendment C: A Constitutional Amendment Requiring Three-Fifths Vote for Approval of Ballot Measures Imposing Taxes or Fees or Obligating over $10 Million,,No,,192
Kingsbury,Oldham Precinct,Constitutional Amendment C: A Constitutional Amendment Requiring Three-Fifths Vote for Approval of Ballot Measures Imposing Taxes or Fees or Obligating over $10 Million,,Yes,,37
Kingsbury,Oldham Precinct,Constitutional Amendment C: A Constitutional Amendment Requiring Three-Fifths Vote for Approval of Ballot Measures Imposing Taxes or Fees or Obligating over $10 Million,,No,,88
Lake,Chester-Franklin,U.S. Senate,,John R. Thune,REP,127
Lake,Chester-Franklin,U.S. Senate,,Bruce Whalen,REP,25
Lake,Chester-Franklin,U.S. Senate,,Mark Mowry,REP,21
Lake,Concord-Badus-Wayne/Ramona,U.S. Senate,,John R. Thune,REP,59
Lake,Concord-Badus-Wayne/Ramona,U.S. Senate,,Bruce Whalen,REP,10
Lake,Concord-Badus-Wayne/Ramona,U.S. Senate,,Mark Mowry,REP,8
Lake,Farmington-Leroy-Clarno-Orland,U.S. Senate,,John R. Thune,REP,87
Lake,Farmington-Leroy-Clarno-Orland,U.S. Senate,,Bruce Whalen,REP,17
Lake,Farmington-Leroy-Clarno-Orland,U.S. Senate,,Mark Mowry,REP,16
Lake,Herman-Winfred,U.S. Senate,,John R. Thune,REP,113
Lake,Herman-Winfred,U.S. Senate,,Bruce Whalen,REP,20
Lake,Herman-Winfred,U.S. Senate,,Mark Mowry,REP,7
Lake,Lakeview,U.S. Senate,,John R. Thune,REP,124
Lake,Lakeview,U.S. Senate,,Bruce Whalen,REP,33
Lake,Lakeview,U.S. Senate,,Mark Mowry,REP,8
Lake,Nunda-Summit,U.S. Senate,,John R. Thune,REP,63
Lake,Nunda-Summit,U.S. Senate,,Bruce Whalen,REP,8
Lake,Nunda-Summit,U.S. Senate,,Mark Mowry,REP,6
Lake,Ward One,U.S. Senate,,John R. Thune,REP,333
Lake,Ward One,U.S. Senate,,Bruce Whalen,REP,41
Lake,Ward One,U.S. Senate,,Mark Mowry,REP,24
Lake,Ward Three,U.S. Senate,,John R. Thune,REP,126
Lake,Ward Three,U.S. Senate,,Bruce Whalen,REP,32
Lake,Ward Three,U.S. Senate,,Mark Mowry,REP,14
Lake,Ward Two,U.S. Senate,,John R. Thune,REP,143
Lake,Ward Two,U.S. Senate,,Bruce Whalen,REP,28
Lake,Ward Two,U.S. Senate,,Mark Mowry,REP,19
Lake,Wentworth-Rutland,U.S. Senate,,John R. Thune,REP,138
Lake,Wentworth-Rutland,U.S. Senate,,Bruce Whalen,REP,31
Lake,Wentworth-Rutland,U.S. Senate,,Mark Mowry,REP,11
Lake,Chester-Franklin,U.S. House,1,Dusty Johnson,REP,102
Lake,Chester-Franklin,U.S. House,1,Taffy Howard,REP,74
Lake,Concord-Badus-Wayne/Ramona,U.S. House,1,Dusty Johnson,REP,54
Lake,Concord-Badus-Wayne/Ramona,U.S. House,1,Taffy Howard,REP,28
Lake,Farmington-Leroy-Clarno-Orland,U.S. House,1,Dusty Johnson,REP,78
Lake,Farmington-Leroy-Clarno-Orland,U.S. House,1,Taffy Howard,REP,43
Lake,Herman-Winfred,U.S. House,1,Dusty Johnson,REP,95
Lake,Herman-Winfred,U.S. House,1,Taffy Howard,REP,48
Lake,Lakeview,U.S. House,1,Dusty Johnson,REP,116
Lake,Lakeview,U.S. House,1,Taffy Howard,REP,51
Lake,Nunda-Summit,U.S. House,1,Dusty Johnson,REP,44
Lake,Nunda-Summit,U.S. House,1,Taffy Howard,REP,33
Lake,Ward One,U.S. House,1,Dusty Johnson,REP,294
Lake,Ward One,U.S. House,1,Taffy Howard,REP,107
Lake,Ward Three,U.S. House,1,Dusty Johnson,REP,105
Lake,Ward Three,U.S. House,1,Taffy Howard,REP,67
Lake,Ward Two,U.S. House,1,Dusty Johnson,REP,121
Lake,Ward Two,U.S. House,1,Taffy Howard,REP,72
Lake,Wentworth-Rutland,U.S. House,1,Dusty Johnson,REP,124
Lake,Wentworth-Rutland,U.S. House,1,Taffy Howard,REP,58
Lake,Chester-Franklin,Governor,,Steven Haugaard,REP,28
Lake,Chester-Franklin,Governor,,Kristi Noem,REP,152
Lake,Concord-Badus-Wayne/Ramona,Governor,,Steven Haugaard,REP,24
Lake,Concord-Badus-Wayne/Ramona,Governor,,Kristi Noem,REP,58
Lake,Farmington-Leroy-Clarno-Orland,Governor,,Steven Haugaard,REP,29
Lake,Farmington-Leroy-Clarno-Orland,Governor,,Kristi Noem,REP,87
Lake,Herman-Winfred,Governor,,Steven Haugaard,REP,40
Lake,Herman-Winfred,Governor,,Kristi Noem,REP,102
Lake,Lakeview,Governor,,Steven Haugaard,REP,40
Lake,Lakeview,Governor,,Kristi Noem,REP,124
Lake,Nunda-Summit,Governor,,Steven Haugaard,REP,16
Lake,Nunda-Summit,Governor,,Kristi Noem,REP,61
Lake,Ward One,Governor,,Steven Haugaard,REP,103
Lake,Ward One,Governor,,Kristi Noem,REP,292
Lake,Ward Three,Governor,,Steven Haugaard,REP,50
Lake,Ward Three,Governor,,Kristi Noem,REP,124
Lake,Ward Two,Governor,,Steven Haugaard,REP,57
Lake,Ward Two,Governor,,Kristi Noem,REP,143
Lake,Wentworth-Rutland,Governor,,Steven Haugaard,REP,43
Lake,Wentworth-Rutland,Governor,,Kristi Noem,REP,139
Lake,Chester-Franklin,State Senate,8,Heather DeVries,REP,48
Lake,Chester-Franklin,State Senate,8,Casey Crabtree,REP,120
Lake,Concord-Badus-Wayne/Ramona,State Senate,8,Heather DeVries,REP,8
Lake,Concord-Badus-Wayne/Ramona,State Senate,8,Casey Crabtree,REP,67
Lake,Farmington-Leroy-Clarno-Orland,State Senate,8,Heather DeVries,REP,17
Lake,Farmington-Leroy-Clarno-Orland,State Senate,8,Casey Crabtree,REP,97
Lake,Herman-Winfred,State Senate,8,Heather DeVries,REP,26
Lake,Herman-Winfred,State Senate,8,Casey Crabtree,REP,112
Lake,Lakeview,State Senate,8,Heather DeVries,REP,26
Lake,Lakeview,State Senate,8,Casey Crabtree,REP,135
Lake,Nunda-Summit,State Senate,8,Heather DeVries,REP,16
Lake,Nunda-Summit,State Senate,8,Casey Crabtree,REP,60
Lake,Ward One,State Senate,8,Heather DeVries,REP,61
Lake,Ward One,State Senate,8,Casey Crabtree,REP,333
Lake,Ward Three,State Senate,8,Heather DeVries,REP,35
Lake,Ward Three,State Senate,8,Casey Crabtree,REP,131
Lake,Ward Two,State Senate,8,Heather DeVries,REP,50
Lake,Ward Two,State Senate,8,Casey Crabtree,REP,140
Lake,Wentworth-Rutland,State Senate,8,Heather DeVries,REP,32
Lake,Wentworth-Rutland,State Senate,8,Casey Crabtree,REP,142
Lake,Chester-Franklin,State House,8,Lecia Summerer,REP,44
Lake,Chester-Franklin,State House,8,John Mills,REP,56
Lake,Chester-Franklin,State House,8,Tim Reisch,REP,132
Lake,Concord-Badus-Wayne/Ramona,State House,8,Lecia Summerer,REP,22
Lake,Concord-Badus-Wayne/Ramona,State House,8,John Mills,REP,24
Lake,Concord-Badus-Wayne/Ramona,State House,8,Tim Reisch,REP,68
Lake,Farmington-Leroy-Clarno-Orland,State House,8,Lecia Summerer,REP,47
Lake,Farmington-Leroy-Clarno-Orland,State House,8,John Mills,REP,35
Lake,Farmington-Leroy-Clarno-Orland,State House,8,Tim Reisch,REP,97
Lake,Herman-Winfred,State House,8,Lecia Summerer,REP,55
Lake,Herman-Winfred,State House,8,John Mills,REP,48
Lake,Herman-Winfred,State House,8,Tim Reisch,REP,117
Lake,Lakeview,State House,8,Lecia Summerer,REP,66
Lake,Lakeview,State House,8,John Mills,REP,55
Lake,Lakeview,State House,8,Tim Reisch,REP,127
Lake,Nunda-Summit,State House,8,Lecia Summerer,REP,16
Lake,Nunda-Summit,State House,8,John Mills,REP,40
Lake,Nunda-Summit,State House,8,Tim Reisch,REP,51
Lake,Ward One,State House,8,Lecia Summerer,REP,177
Lake,Ward One,State House,8,John Mills,REP,121
Lake,Ward One,State House,8,Tim Reisch,REP,340
Lake,Ward Three,State House,8,Lecia Summerer,REP,67
Lake,Ward Three,State House,8,John Mills,REP,45
Lake,Ward Three,State House,8,Tim Reisch,REP,140
Lake,Ward Two,State House,8,Lecia Summerer,REP,77
Lake,Ward Two,State House,8,John Mills,REP,58
Lake,Ward Two,State House,8,Tim Reisch,REP,148
Lake,Wentworth-Rutland,State House,8,Lecia Summerer,REP,55
Lake,Wentworth-Rutland,State House,8,John Mills,REP,70
Lake,Wentworth-Rutland,State House,8,Tim Reisch,REP,134
Lake,Chester-Franklin,County Commissioner At Large,,Corey Johnke,REP,82
Lake,Chester-Franklin,County Commissioner At Large,,Kelli Wollmann,REP,112
Lake,Chester-Franklin,County Commissioner At Large,,James Callahan,REP,42
Lake,Concord-Badus-Wayne/Ramona,County Commissioner At Large,,Corey Johnke,REP,42
Lake,Concord-Badus-Wayne/Ramona,County Commissioner At Large,,Kelli Wollmann,REP,50
Lake,Concord-Badus-Wayne/Ramona,County Commissioner At Large,,James Callahan,REP,33
Lake,Farmington-Leroy-Clarno-Orland,County Commissioner At Large,,Corey Johnke,REP,86
Lake,Farmington-Leroy-Clarno-Orland,County Commissioner At Large,,Kelli Wollmann,REP,67
Lake,Farmington-Leroy-Clarno-Orland,County Commissioner At Large,,James Callahan,REP,39
Lake,Herman-Winfred,County Commissioner At Large,,Corey Johnke,REP,88
Lake,Herman-Winfred,County Commissioner At Large,,Kelli Wollmann,REP,87
Lake,Herman-Winfred,County Commissioner At Large,,James Callahan,REP,54
Lake,Lakeview,County Commissioner At Large,,Corey Johnke,REP,86
Lake,Lakeview,County Commissioner At Large,,Kelli Wollmann,REP,106
Lake,Lakeview,County Commissioner At Large,,James Callahan,REP,51
Lake,Nunda-Summit,County Commissioner At Large,,Corey Johnke,REP,49
Lake,Nunda-Summit,County Commissioner At Large,,Kelli Wollmann,REP,37
Lake,Nunda-Summit,County Commissioner At Large,,James Callahan,REP,24
Lake,Ward One,County Commissioner At Large,,Corey Johnke,REP,207
Lake,Ward One,County Commissioner At Large,,Kelli Wollmann,REP,270
Lake,Ward One,County Commissioner At Large,,James Callahan,REP,109
Lake,Ward Three,County Commissioner At Large,,Corey Johnke,REP,95
Lake,Ward Three,County Commissioner At Large,,Kelli Wollmann,REP,103
Lake,Ward Three,County Commissioner At Large,,James Callahan,REP,51
Lake,Ward Two,County Commissioner At Large,,Corey Johnke,REP,110
Lake,Ward Two,County Commissioner At Large,,Kelli Wollmann,REP,132
Lake,Ward Two,County Commissioner At Large,,James Callahan,REP,62
Lake,Wentworth-Rutland,County Commissioner At Large,,Corey Johnke,REP,86
Lake,Wentworth-Rutland,County Commissioner At Large,,Kelli Wollmann,REP,98
Lake,Wentworth-Rutland,County Commissioner At Large,,James Callahan,REP,57
Lake,Chester-Franklin,Constitutional Amendment C: A Constitutional Amendment Requiring Three-Fifths Vote for Approval of Ballot Measures Imposing Taxes or Fees or Obligating over $10 Million,,Yes,,88
Lake,Chester-Franklin,Constitutional Amendment C: A Constitutional Amendment Requiring Three-Fifths Vote for Approval of Ballot Measures Imposing Taxes or Fees or Obligating over $10 Million,,No,,149
Lake,Concord-Badus-Wayne/Ramona,Constitutional Amendment C: A Constitutional Amendment Requiring Three-Fifths Vote for Approval of Ballot Measures Imposing Taxes or Fees or Obligating over $10 Million,,Yes,,26
Lake,Concord-Badus-Wayne/Ramona,Constitutional Amendment C: A Constitutional Amendment Requiring Three-Fifths Vote for Approval of Ballot Measures Imposing Taxes or Fees or Obligating over $10 Million,,No,,91
Lake,Farmington-Leroy-Clarno-Orland,Constitutional Amendment C: A Constitutional Amendment Requiring Three-Fifths Vote for Approval of Ballot Measures Imposing Taxes or Fees or Obligating over $10 Million,,Yes,,44
Lake,Farmington-Leroy-Clarno-Orland,Constitutional Amendment C: A Constitutional Amendment Requiring Three-Fifths Vote for Approval of Ballot Measures Imposing Taxes or Fees or Obligating over $10 Million,,No,,110
Lake,Herman-Winfred,Constitutional Amendment C: A Constitutional Amendment Requiring Three-Fifths Vote for Approval of Ballot Measures Imposing Taxes or Fees or Obligating over $10 Million,,Yes,,72
Lake,Herman-Winfred,Constitutional Amendment C: A Constitutional Amendment Requiring Three-Fifths Vote for Approval of Ballot Measures Imposing Taxes or Fees or Obligating over $10 Million,,No,,133
Lake,Lakeview,Constitutional Amendment C: A Constitutional Amendment Requiring Three-Fifths Vote for Approval of Ballot Measures Imposing Taxes or Fees or Obligating over $10 Million,,Yes,,80
Lake,Lakeview,Constitutional Amendment C: A Constitutional Amendment Requiring Three-Fifths Vote for Approval of Ballot Measures Imposing Taxes or Fees or Obligating over $10 Million,,No,,168
Lake,Nunda-Summit,Constitutional Amendment C: A Constitutional Amendment Requiring Three-Fifths Vote for Approval of Ballot Measures Imposing Taxes or Fees or Obligating over $10 Million,,Yes,,35
Lake,Nunda-Summit,Constitutional Amendment C: A Constitutional Amendment Requiring Three-Fifths Vote for Approval of Ballot Measures Imposing Taxes or Fees or Obligating over $10 Million,,No,,67
Lake,Ward One,Constitutional Amendment C: A Constitutional Amendment Requiring Three-Fifths Vote for Approval of Ballot Measures Imposing Taxes or Fees or Obligating over $10 Million,,Yes,,165
Lake,Ward One,Constitutional Amendment C: A Constitutional Amendment Requiring Three-Fifths Vote for Approval of Ballot Measures Imposing Taxes or Fees or Obligating over $10 Million,,No,,457
Lake,Ward Three,Constitutional Amendment C: A Constitutional Amendment Requiring Three-Fifths Vote for Approval of Ballot Measures Imposing Taxes or Fees or Obligating over $10 Million,,Yes,,69
Lake,Ward Three,Constitutional Amendment C: A Constitutional Amendment Requiring Three-Fifths Vote for Approval of Ballot Measures Imposing Taxes or Fees or Obligating over $10 Million,,No,,209
Lake,Ward Two,Constitutional Amendment C: A Constitutional Amendment Requiring Three-Fifths Vote for Approval of Ballot Measures Imposing Taxes or Fees or Obligating over $10 Million,,Yes,,107
Lake,Ward Two,Constitutional Amendment C: A Constitutional Amendment Requiring Three-Fifths Vote for Approval of Ballot Measures Imposing Taxes or Fees or Obligating over $10 Million,,No,,247
Lake,Wentworth-Rutland,Constitutional Amendment C: A Constitutional Amendment Requiring Three-Fifths Vote for Approval of Ballot Measures Imposing Taxes or Fees or Obligating over $10 Million,,Yes,,88
Lake,Wentworth-Rutland,Constitutional Amendment C: A Constitutional Amendment Requiring Three-Fifths Vote for Approval of Ballot Measures Imposing Taxes or Fees or Obligating over $10 Million,,No,,180
Lincoln,"02-Norway & Fairview, Fairview, Inc",U.S. Senate,,John R. Thune,REP,65
Lincoln,"02-Norway & Fairview, Fairview, Inc",U.S. Senate,,Bruce Whalen,REP,39
Lincoln,"02-Norway & Fairview, Fairview, Inc",U.S. Senate,,Mark Mowry,REP,6
Lincoln,06-Highland & Canton,U.S. Senate,,John R. Thune,REP,103
Lincoln,06-Highland & Canton,U.S. Senate,,Bruce Whalen,REP,64
Lincoln,06-Highland & Canton,U.S. Senate,,Mark Mowry,REP,10
Lincoln,08-Lincoln & Delaware,U.S. Senate,,John R. Thune,REP,51
Lincoln,08-Lincoln & Delaware,U.S. Senate,,Bruce Whalen,REP,29
Lincoln,08-Lincoln & Delaware,U.S. Senate,,Mark Mowry,REP,5
Lincoln,11-Grant,U.S. Senate,,John R. Thune,REP,47
Lincoln,11-Grant,U.S. Senate,,Bruce Whalen,REP,10
Lincoln,11-Grant,U.S. Senate,,Mark Mowry,REP,6
Lincoln,12-Dayton,U.S. Senate,,John R. Thune,REP,78
Lincoln,12-Dayton,U.S. Senate,,Bruce Whalen,REP,48
Lincoln,12-Dayton,U.S. Senate,,Mark Mowry,REP,15
Lincoln,13-LaValley,U.S. Senate,,John R. Thune,REP,68
Lincoln,13-LaValley,U.S. Senate,,Bruce Whalen,REP,31
Lincoln,13-LaValley,U.S. Senate,,Mark Mowry,REP,6
Lincoln,14-Perry,U.S. Senate,,John R. Thune,REP,90
Lincoln,14-Perry,U.S. Senate,,Bruce Whalen,REP,43
Lincoln,14-Perry,U.S. Senate,,Mark Mowry,REP,4
Lincoln,15-Springdale,U.S. Senate,,John R. Thune,REP,234
Lincoln,15-Springdale,U.S. Senate,,Bruce Whalen,REP,73
Lincoln,15-Springdale,U.S. Senate,,Mark Mowry,REP,17
Lincoln,16-Delapre,U.S. Senate,,John R. Thune,REP,158
Lincoln,16-Delapre,U.S. Senate,,Bruce Whalen,REP,71
Lincoln,16-Delapre,U.S. Senate,,Mark Mowry,REP,22
Lincoln,"20-Canton 1, 2, 3",U.S. Senate,,John R. Thune,REP,191
Lincoln,"20-Canton 1, 2, 3",U.S. Senate,,Bruce Whalen,REP,81
Lincoln,"20-Canton 1, 2, 3",U.S. Senate,,Mark Mowry,REP,17
Lincoln,21-Hudson & Eden,U.S. Senate,,John R. Thune,REP,39
Lincoln,21-Hudson & Eden,U.S. Senate,,Bruce Whalen,REP,8
Lincoln,21-Hudson & Eden,U.S. Senate,,Mark Mowry,REP,6
Lincoln,23-Worthing & Lynn,U.S. Senate,,John R. Thune,REP,100
Lincoln,23-Worthing & Lynn,U.S. Senate,,Bruce Whalen,REP,30
Lincoln,23-Worthing & Lynn,U.S. Senate,,Mark Mowry,REP,9
Lincoln,24-Tea,U.S. Senate,,John R. Thune,REP,325
Lincoln,24-Tea,U.S. Senate,,Bruce Whalen,REP,102
Lincoln,24-Tea,U.S. Senate,,Mark Mowry,REP,34
Lincoln,25-Lennox,U.S. Senate,,John R. Thune,REP,209
Lincoln,25-Lennox,U.S. Senate,,Bruce Whalen,REP,45
Lincoln,25-Lennox,U.S. Senate,,Mark Mowry,REP,19
Lincoln,"26-Brooklyn & Pleasant, Beresford",U.S. Senate,,John R. Thune,REP,102
Lincoln,"26-Brooklyn & Pleasant, Beresford",U.S. Senate,,Bruce Whalen,REP,47
Lincoln,"26-Brooklyn & Pleasant, Beresford",U.S. Senate,,Mark Mowry,REP,7
Lincoln,27-Harrisburg 1,U.S. Senate,,John R. Thune,REP,168
Lincoln,27-Harrisburg 1,U.S. Senate,,Bruce Whalen,REP,48
Lincoln,27-Harrisburg 1,U.S. Senate,,Mark Mowry,REP,27
Lincoln,29-Harrisburg 2,U.S. Senate,,John R. Thune,REP,181
Lincoln,29-Harrisburg 2,U.S. Senate,,Bruce Whalen,REP,47
Lincoln,29-Harrisburg 2,U.S. Senate,,Mark Mowry,REP,16
Lincoln,30-Canton 4 & 5,U.S. Senate,,John R. Thune,REP,102
Lincoln,30-Canton 4 & 5,U.S. Senate,,Bruce Whalen,REP,24
Lincoln,30-Canton 4 & 5,U.S. Senate,,Mark Mowry,REP,6
Lincoln,Sioux Falls 1-11,U.S. Senate,,John R. Thune,REP,468
Lincoln,Sioux Falls 1-11,U.S. Senate,,Bruce Whalen,REP,81
Lincoln,Sioux Falls 1-11,U.S. Senate,,Mark Mowry,REP,28
Lincoln,Sioux Falls 1-12,U.S. Senate,,John R. Thune,REP,239
Lincoln,Sioux Falls 1-12,U.S. Senate,,Bruce Whalen,REP,68
Lincoln,Sioux Falls 1-12,U.S. Senate,,Mark Mowry,REP,33
Lincoln,Sioux Falls 1-13,U.S. Senate,,John R. Thune,REP,78
Lincoln,Sioux Falls 1-13,U.S. Senate,,Bruce Whalen,REP,33
Lincoln,Sioux Falls 1-13,U.S. Senate,,Mark Mowry,REP,10
Lincoln,Sioux Falls 1-14,U.S. Senate,,John R. Thune,REP,118
Lincoln,Sioux Falls 1-14,U.S. Senate,,Bruce Whalen,REP,30
Lincoln,Sioux Falls 1-14,U.S. Senate,,Mark Mowry,REP,14
Lincoln,Sioux Falls 1-15,U.S. Senate,,John R. Thune,REP,147
Lincoln,Sioux Falls 1-15,U.S. Senate,,Bruce Whalen,REP,33
Lincoln,Sioux Falls 1-15,U.S. Senate,,Mark Mowry,REP,11
Lincoln,Sioux Falls 1-16,U.S. Senate,,John R. Thune,REP,77
Lincoln,Sioux Falls 1-16,U.S. Senate,,Bruce Whalen,REP,40
Lincoln,Sioux Falls 1-16,U.S. Senate,,Mark Mowry,REP,15
Lincoln,Sioux Falls 1-18,U.S. Senate,,John R. Thune,REP,279
Lincoln,Sioux Falls 1-18,U.S. Senate,,Bruce Whalen,REP,46
Lincoln,Sioux Falls 1-18,U.S. Senate,,Mark Mowry,REP,26
Lincoln,Sioux Falls 2-10,U.S. Senate,,John R. Thune,REP,484
Lincoln,Sioux Falls 2-10,U.S. Senate,,Bruce Whalen,REP,75
Lincoln,Sioux Falls 2-10,U.S. Senate,,Mark Mowry,REP,19
Lincoln,Sioux Falls 2-11,U.S. Senate,,John R. Thune,REP,576
Lincoln,Sioux Falls 2-11,U.S. Senate,,Bruce Whalen,REP,95
Lincoln,Sioux Falls 2-11,U.S. Senate,,Mark Mowry,REP,36
Lincoln,Sioux Falls 2-12,U.S. Senate,,John R. Thune,REP,162
Lincoln,Sioux Falls 2-12,U.S. Senate,,Bruce Whalen,REP,44
Lincoln,Sioux Falls 2-12,U.S. Senate,,Mark Mowry,REP,7
Lincoln,Sioux Falls 2-13,U.S. Senate,,John R. Thune,REP,374
Lincoln,Sioux Falls 2-13,U.S. Senate,,Bruce Whalen,REP,81
Lincoln,Sioux Falls 2-13,U.S. Senate,,Mark Mowry,REP,38
Lincoln,Sioux Falls 2-15,U.S. Senate,,John R. Thune,REP,292
Lincoln,Sioux Falls 2-15,U.S. Senate,,Bruce Whalen,REP,47
Lincoln,Sioux Falls 2-15,U.S. Senate,,Mark Mowry,REP,12
Lincoln,Sioux Falls 2-16,U.S. Senate,,John R. Thune,REP,302
Lincoln,Sioux Falls 2-16,U.S. Senate,,Bruce Whalen,REP,64
Lincoln,Sioux Falls 2-16,U.S. Senate,,Mark Mowry,REP,34
Lincoln,"02-Norway & Fairview, Fairview, Trc",U.S. House,1,Dusty Johnson,REP,60
Lincoln,"02-Norway & Fairview, Fairview, Trc",U.S. House,1,Taffy Howard,REP,50
Lincoln,06-Highland & Canton,U.S. House,1,Dusty Johnson,REP,82
Lincoln,06-Highland & Canton,U.S. House,1,Taffy Howard,REP,95
Lincoln,08-Lincoln & Delaware,U.S. House,1,Dusty Johnson,REP,53
Lincoln,08-Lincoln & Delaware,U.S. House,1,Taffy Howard,REP,34
Lincoln,11-Grant,U.S. House,1,Dusty Johnson,REP,36
Lincoln,11-Grant,U.S. House,1,Taffy Howard,REP,26
Lincoln,12-Dayton,U.S. House,1,Dusty Johnson,REP,61
Lincoln,12-Dayton,U.S. House,1,Taffy Howard,REP,87
Lincoln,13-LaValley,U.S. House,1,Dusty Johnson,REP,53
Lincoln,13-LaValley,U.S. House,1,Taffy Howard,REP,52
Lincoln,14-Perry,U.S. House,1,Dusty Johnson,REP,84
Lincoln,14-Perry,U.S. House,1,Taffy Howard,REP,52
Lincoln,15-Springdale,U.S. House,1,Dusty Johnson,REP,207
Lincoln,15-Springdale,U.S. House,1,Taffy Howard,REP,121
Lincoln,16-Delapre,U.S. House,1,Dusty Johnson,REP,121
Lincoln,16-Delapre,U.S. House,1,Taffy Howard,REP,132
Lincoln,"20-Canton 1, 2, 3",U.S. House,1,Dusty Johnson,REP,173
Lincoln,"20-Canton 1, 2, 3",U.S. House,1,Taffy Howard,REP,122
Lincoln,21-Hudson & Eden,U.S. House,1,Dusty Johnson,REP,29
Lincoln,21-Hudson & Eden,U.S. House,1,Taffy Howard,REP,24
Lincoln,23-Worthing & Lynn,U.S. House,1,Dusty Johnson,REP,85
Lincoln,23-Worthing & Lynn,U.S. House,1,Taffy Howard,REP,56
Lincoln,24-Tea,U.S. House,1,Dusty Johnson,REP,253
Lincoln,24-Tea,U.S. House,1,Taffy Howard,REP,214
Lincoln,25-Lennox,U.S. House,1,Dusty Johnson,REP,150
Lincoln,25-Lennox,U.S. House,1,Taffy Howard,REP,120
Lincoln,"26-Brooklyn & Pleasant, Beresford",U.S. House,1,Dusty Johnson,REP,84
Lincoln,"26-Brooklyn & Pleasant, Beresford",U.S. House,1,Taffy Howard,REP,71
Lincoln,27-Harrisburg 1,U.S. House,1,Dusty Johnson,REP,124
Lincoln,27-Harrisburg 1,U.S. House,1,Taffy Howard,REP,118
Lincoln,29-Harrisburg 2,U.S. House,1,Dusty Johnson,REP,140
Lincoln,29-Harrisburg 2,U.S. House,1,Taffy Howard,REP,98
Lincoln,30-Canton 4 & 5,U.S. House,1,Dusty Johnson,REP,82
Lincoln,30-Canton 4 & 5,U.S. House,1,Taffy Howard,REP,54
Lincoln,Sioux Falls 1-11,U.S. House,1,Dusty Johnson,REP,410
Lincoln,Sioux Falls 1-11,U.S. House,1,Taffy Howard,REP,167
Lincoln,Sioux Falls 1-12,U.S. House,1,Dusty Johnson,REP,193
Lincoln,Sioux Falls 1-12,U.S. House,1,Taffy Howard,REP,151
Lincoln,Sioux Falls 1-13,U.S. House,1,Dusty Johnson,REP,64
Lincoln,Sioux Falls 1-13,U.S. House,1,Taffy Howard,REP,59
Lincoln,Sioux Falls 1-14,U.S. House,1,Dusty Johnson,REP,87
Lincoln,Sioux Falls 1-14,U.S. House,1,Taffy Howard,REP,78
Lincoln,Sioux Falls 1-15,U.S. House,1,Dusty Johnson,REP,128
Lincoln,Sioux Falls 1-15,U.S. House,1,Taffy Howard,REP,60
Lincoln,Sioux Falls 1-16,U.S. House,1,Dusty Johnson,REP,66
Lincoln,Sioux Falls 1-16,U.S. House,1,Taffy Howard,REP,65
Lincoln,Sioux Falls 1-18,U.S. House,1,Dusty Johnson,REP,244
Lincoln,Sioux Falls 1-18,U.S. House,1,Taffy Howard,REP,111
Lincoln,Sioux Falls 2-10,U.S. House,1,Dusty Johnson,REP,409
Lincoln,Sioux Falls 2-10,U.S. House,1,Taffy Howard,REP,162
Lincoln,Sioux Falls 2-11,U.S. House,1,Dusty Johnson,REP,490
Lincoln,Sioux Falls 2-11,U.S. House,1,Taffy Howard,REP,220
Lincoln,Sioux Falls 2-12,U.S. House,1,Dusty Johnson,REP,138
Lincoln,Sioux Falls 2-12,U.S. House,1,Taffy Howard,REP,78
Lincoln,Sioux Falls 2-13,U.S. House,1,Dusty Johnson,REP,311
Lincoln,Sioux Falls 2-13,U.S. House,1,Taffy Howard,REP,186
Lincoln,Sioux Falls 2-15,U.S. House,1,Dusty Johnson,REP,260
Lincoln,Sioux Falls 2-15,U.S. House,1,Taffy Howard,REP,97
Lincoln,Sioux Falls 2-16,U.S. House,1,Dusty Johnson,REP,246
Lincoln,Sioux Falls 2-16,U.S. House,1,Taffy Howard,REP,157
Lincoln,Sioux Falls 2-10,State House,13,Sue Peterson,REP,315
Lincoln,Sioux Falls 2-10,State House,13,Tony Venhuizen,REP,386
Lincoln,Sioux Falls 2-10,State House,13,Penny BayBridge,REP,66
Lincoln,Sioux Falls 2-10,State House,13,Richard L. Thomason,REP,202
Lincoln,Sioux Falls 2-11,State House,13,Sue Peterson,REP,371
Lincoln,Sioux Falls 2-11,State House,13,Tony Venhuizen,REP,470
Lincoln,Sioux Falls 2-11,State House,13,Penny BayBridge,REP,110
Lincoln,Sioux Falls 2-11,State House,13,Richard L. Thomason,REP,260
Lincoln,Sioux Falls 2-12,State House,13,Sue Peterson,REP,107
Lincoln,Sioux Falls 2-12,State House,13,Tony Venhuizen,REP,137
Lincoln,Sioux Falls 2-12,State House,13,Penny BayBridge,REP,36
Lincoln,Sioux Falls 2-12,State House,13,Richard L. Thomason,REP,66
Lincoln,Sioux Falls 2-13,State House,13,Sue Peterson,REP,251
Lincoln,Sioux Falls 2-13,State House,13,Tony Venhuizen,REP,315
Lincoln,Sioux Falls 2-13,State House,13,Penny BayBridge,REP,77
Lincoln,Sioux Falls 2-13,State House,13,Richard L. Thomason,REP,164
Lincoln,Sioux Falls 2-15,State House,13,Sue Peterson,REP,211
Lincoln,Sioux Falls 2-15,State House,13,Tony Venhuizen,REP,229
Lincoln,Sioux Falls 2-15,State House,13,Penny BayBridge,REP,50
Lincoln,Sioux Falls 2-15,State House,13,Richard L. Thomason,REP,101
Lincoln,Sioux Falls 2-16,State House,13,Sue Peterson,REP,203
Lincoln,Sioux Falls 2-16,State House,13,Tony Venhuizen,REP,240
Lincoln,Sioux Falls 2-16,State House,13,Penny BayBridge,REP,80
Lincoln,Sioux Falls 2-16,State House,13,Richard L. Thomason,REP,121
Lincoln,"02-Norway & Fairview, Fairview, Inc",State House,16,Kevin D. Jensen,REP,73
Lincoln,"02-Norway & Fairview, Fairview, Inc",State House,16,Karla J. Lems,REP,76
Lincoln,"02-Norway & Fairview, Fairview, Inc",State House,16,Richard Vasgaard,REP,25
Lincoln,06-Highland & Canton,State House,16,Kevin D. Jensen,REP,120
Lincoln,06-Highland & Canton,State House,16,Karla J. Lems,REP,118
Lincoln,06-Highland & Canton,State House,16,Richard Vasgaard,REP,52
Lincoln,08-Lincoln & Delaware,State House,16,Kevin D. Jensen,REP,38
Lincoln,08-Lincoln & Delaware,State House,16,Karla J. Lems,REP,37
Lincoln,08-Lincoln & Delaware,State House,16,Richard Vasgaard,REP,51
Lincoln,11-Grant,State House,16,Kevin D. Jensen,REP,21
Lincoln,11-Grant,State House,16,Karla J. Lems,REP,29
Lincoln,11-Grant,State House,16,Richard Vasgaard,REP,31
Lincoln,12-Dayton,State House,16,Kevin D. Jensen,REP,95
Lincoln,12-Dayton,State House,16,Karla J. Lems,REP,97
Lincoln,12-Dayton,State House,16,Richard Vasgaard,REP,30
Lincoln,13-LaValley,State House,16,Kevin D. Jensen,REP,11
Lincoln,13-LaValley,State House,16,Karla J. Lems,REP,28
Lincoln,13-LaValley,State House,16,Richard Vasgaard,REP,12
Lincoln,14-Perry,State House,16,Kevin D. Jensen,REP,16
Lincoln,14-Perry,State House,16,Karla J. Lems,REP,23
Lincoln,14-Perry,State House,16,Richard Vasgaard,REP,29
Lincoln,"20-Canton 1, 2, 3",State House,16,Kevin D. Jensen,REP,175
Lincoln,"20-Canton 1, 2, 3",State House,16,Karla J. Lems,REP,217
Lincoln,"20-Canton 1, 2, 3",State House,16,Richard Vasgaard,REP,102
Lincoln,21-Hudson & Eden,State House,16,Kevin D. Jensen,REP,32
Lincoln,21-Hudson & Eden,State House,16,Karla J. Lems,REP,32
Lincoln,21-Hudson & Eden,State House,16,Richard Vasgaard,REP,10
Lincoln,23-Worthing & Lynn,State House,16,Kevin D. Jensen,REP,65
Lincoln,23-Worthing & Lynn,State House,16,Karla J. Lems,REP,70
Lincoln,23-Worthing & Lynn,State House,16,Richard Vasgaard,REP,37
Lincoln,25-Lennox,State House,16,Kevin D. Jensen,REP,81
Lincoln,25-Lennox,State House,16,Karla J. Lems,REP,162
Lincoln,25-Lennox,State House,16,Richard Vasgaard,REP,119
Lincoln,"26-Brooklyn & Pleasant, Beresford",State House,16,Kevin D. Jensen,REP,89
Lincoln,"26-Brooklyn & Pleasant, Beresford",State House,16,Karla J. Lems,REP,70
Lincoln,"26-Brooklyn & Pleasant, Beresford",State House,16,Richard Vasgaard,REP,67
Lincoln,29-Harrisburg 2,State House,16,Kevin D. Jensen,REP,0
Lincoln,29-Harrisburg 2,State House,16,Karla J. Lems,REP,0
Lincoln,29-Harrisburg 2,State House,16,Richard Vasgaard,REP,0
Lincoln,30-Canton 4 & 5,State House,16,Kevin D. Jensen,REP,74
Lincoln,30-Canton 4 & 5,State House,16,Karla J. Lems,REP,89
Lincoln,30-Canton 4 & 5,State House,16,Richard Vasgaard,REP,34
Lincoln,"02-Norway & Fairview, Fairview, Inc",County Auditor,,Sheri Lund,REP,36
Lincoln,"02-Norway & Fairview, Fairview, Inc",County Auditor,,Jessica Pollema,REP,57
Lincoln,06-Highland & Canton,County Auditor,,Sheri Lund,REP,81
Lincoln,06-Highland & Canton,County Auditor,,Jessica Pollema,REP,78
Lincoln,08-Lincoln & Delaware,County Auditor,,Sheri Lund,REP,35
Lincoln,08-Lincoln & Delaware,County Auditor,,Jessica Pollema,REP,34
Lincoln,11-Grant,County Auditor,,Sheri Lund,REP,39
Lincoln,11-Grant,County Auditor,,Jessica Pollema,REP,9
Lincoln,12-Dayton,County Auditor,,Sheri Lund,REP,46
Lincoln,12-Dayton,County Auditor,,Jessica Pollema,REP,71
Lincoln,13-LaValley,County Auditor,,Sheri Lund,REP,36
Lincoln,13-LaValley,County Auditor,,Jessica Pollema,REP,44
Lincoln,14-Perry,County Auditor,,Sheri Lund,REP,74
Lincoln,14-Perry,County Auditor,,Jessica Pollema,REP,34
Lincoln,15-Springdale,County Auditor,,Sheri Lund,REP,144
Lincoln,15-Springdale,County Auditor,,Jessica Pollema,REP,117
Lincoln,16-Delapre,County Auditor,,Sheri Lund,REP,95
Lincoln,16-Delapre,County Auditor,,Jessica Pollema,REP,104
Lincoln,"20-Canton 1, 2, 3",County Auditor,,Sheri Lund,REP,155
Lincoln,"20-Canton 1, 2, 3",County Auditor,,Jessica Pollema,REP,115
Lincoln,21-Hudson & Eden,County Auditor,,Sheri Lund,REP,25
Lincoln,21-Hudson & Eden,County Auditor,,Jessica Pollema,REP,21
Lincoln,23-Worthing & Lynn,County Auditor,,Sheri Lund,REP,83
Lincoln,23-Worthing & Lynn,County Auditor,,Jessica Pollema,REP,43
Lincoln,24-Tea,County Auditor,,Sheri Lund,REP,208
Lincoln,24-Tea,County Auditor,,Jessica Pollema,REP,137
Lincoln,25-Lennox,County Auditor,,Sheri Lund,REP,178
Lincoln,25-Lennox,County Auditor,,Jessica Pollema,REP,49
Lincoln,"26-Brooklyn & Pleasant, Beresford",County Auditor,,Sheri Lund,REP,78
Lincoln,"26-Brooklyn & Pleasant, Beresford",County Auditor,,Jessica Pollema,REP,48
Lincoln,27-Harrisburg 1,County Auditor,,Sheri Lund,REP,115
Lincoln,27-Harrisburg 1,County Auditor,,Jessica Pollema,REP,88
Lincoln,29-Harrisburg 2,County Auditor,,Sheri Lund,REP,107
Lincoln,29-Harrisburg 2,County Auditor,,Jessica Pollema,REP,66
Lincoln,30-Canton 4 & 5,County Auditor,,Sheri Lund,REP,79
Lincoln,30-Canton 4 & 5,County Auditor,,Jessica Pollema,REP,36
Lincoln,Sioux Falls 1-11,County Auditor,,Sheri Lund,REP,229
Lincoln,Sioux Falls 1-11,County Auditor,,Jessica Pollema,REP,161
Lincoln,Sioux Falls 1-12,County Auditor,,Sheri Lund,REP,154
Lincoln,Sioux Falls 1-12,County Auditor,,Jessica Pollema,REP,105
Lincoln,Sioux Falls 1-13,County Auditor,,Sheri Lund,REP,44
Lincoln,Sioux Falls 1-13,County Auditor,,Jessica Pollema,REP,42
Lincoln,Sioux Falls 1-14,County Auditor,,Sheri Lund,REP,63
Lincoln,Sioux Falls 1-14,County Auditor,,Jessica Pollema,REP,45
Lincoln,Sioux Falls 1-15,County Auditor,,Sheri Lund,REP,77
Lincoln,Sioux Falls 1-15,County Auditor,,Jessica Pollema,REP,50
Lincoln,Sioux Falls 1-16,County Auditor,,Sheri Lund,REP,66
Lincoln,Sioux Falls 1-16,County Auditor,,Jessica Pollema,REP,42
Lincoln,Sioux Falls 1-18,County Auditor,,Sheri Lund,REP,141
Lincoln,Sioux Falls 1-18,County Auditor,,Jessica Pollema,REP,95
Lincoln,Sioux Falls 2-10,County Auditor,,Sheri Lund,REP,231
Lincoln,Sioux Falls 2-10,County Auditor,,Jessica Pollema,REP,184
Lincoln,Sioux Falls 2-11,County Auditor,,Sheri Lund,REP,307
Lincoln,Sioux Falls 2-11,County Auditor,,Jessica Pollema,REP,226
Lincoln,Sioux Falls 2-12,County Auditor,,Sheri Lund,REP,81
Lincoln,Sioux Falls 2-12,County Auditor,,Jessica Pollema,REP,70
Lincoln,Sioux Falls 2-13,County Auditor,,Sheri Lund,REP,198
Lincoln,Sioux Falls 2-13,County Auditor,,Jessica Pollema,REP,182
Lincoln,Sioux Falls 2-15,County Auditor,,Sheri Lund,REP,150
Lincoln,Sioux Falls 2-15,County Auditor,,Jessica Pollema,REP,113
Lincoln,Sioux Falls 2-16,County Auditor,,Sheri Lund,REP,178
Lincoln,Sioux Falls 2-16,County Auditor,,Jessica Pollema,REP,142
Lincoln,15-Springdale,County Commissioner Lincoln-1,,Joel Arends,REP,175
Lincoln,15-Springdale,County Commissioner Lincoln-1,,Wendi Hogan,REP,101
Lincoln,16-Delapre,County Commissioner Lincoln-1,,Joel Arends,REP,2
Lincoln,16-Delapre,County Commissioner Lincoln-1,,Wendi Hogan,REP,1
Lincoln,27-Harrisburg 1,County Commissioner Lincoln-1,,Joel Arends,REP,93
Lincoln,27-Harrisburg 1,County Commissioner Lincoln-1,,Wendi Hogan,REP,136
Lincoln,29-Harrisburg 2,County Commissioner Lincoln-1,,Joel Arends,REP,113
Lincoln,29-Harrisburg 2,County Commissioner Lincoln-1,,Wendi Hogan,REP,90
Lincoln,Sioux Falls 2-10,County Commissioner Lincoln-1,,Joel Arends,REP,150
Lincoln,Sioux Falls 2-10,County Commissioner Lincoln-1,,Wendi Hogan,REP,51
Lincoln,Sioux Falls 2-15,County Commissioner Lincoln-1,,Joel Arends,REP,202
Lincoln,Sioux Falls 2-15,County Commissioner Lincoln-1,,Wendi Hogan,REP,101
Lincoln,16-Delapre,County Commissioner Lincoln-3,,Alex Hixon,REP,35
Lincoln,16-Delapre,County Commissioner Lincoln-3,,Tiffani Landeen,REP,31
Lincoln,Sioux Falls 1-11,County Commissioner Lincoln-3,,Alex Hixon,REP,240
Lincoln,Sioux Falls 1-11,County Commissioner Lincoln-3,,Tiffani Landeen,REP,182
Lincoln,Sioux Falls 1-12,County Commissioner Lincoln-3,,Alex Hixon,REP,109
Lincoln,Sioux Falls 1-12,County Commissioner Lincoln-3,,Tiffani Landeen,REP,174
Lincoln,Sioux Falls 1-15,County Commissioner Lincoln-3,,Alex Hixon,REP,62
Lincoln,Sioux Falls 1-15,County Commissioner Lincoln-3,,Tiffani Landeen,REP,82
Lincoln,Sioux Falls 1-18,County Commissioner Lincoln-3,,Alex Hixon,REP,130
Lincoln,Sioux Falls 1-18,County Commissioner Lincoln-3,,Tiffani Landeen,REP,124
Lincoln,15-Springdale,County Commissioner Lincoln-5,,Jim Schmidt,REP,0
Lincoln,15-Springdale,County Commissioner Lincoln-5,,Mike Mathis,REP,0
Lincoln,Sioux Falls 2-10,County Commissioner Lincoln-5,,Jim Schmidt,REP,179
Lincoln,Sioux Falls 2-10,County Commissioner Lincoln-5,,Mike Mathis,REP,53
Lincoln,Sioux Falls 2-11,County Commissioner Lincoln-5,,Jim Schmidt,REP,375
Lincoln,Sioux Falls 2-11,County Commissioner Lincoln-5,,Mike Mathis,REP,199
Lincoln,Sioux Falls 2-12,County Commissioner Lincoln-5,,Jim Schmidt,REP,80
Lincoln,Sioux Falls 2-12,County Commissioner Lincoln-5,,Mike Mathis,REP,78
Lincoln,Sioux Falls 2-13,County Commissioner Lincoln-5,,Jim Schmidt,REP,193
Lincoln,Sioux Falls 2-13,County Commissioner Lincoln-5,,Mike Mathis,REP,194
Lincoln,Sioux Falls 2-16,County Commissioner Lincoln-5,,Jim Schmidt,REP,167
Lincoln,Sioux Falls 2-16,County Commissioner Lincoln-5,,Mike Mathis,REP,144
Lyman,01,U.S. Senate,,John R. Thune,REP,15
Lyman,01,U.S. Senate,,Bruce Whalen,REP,13
Lyman,01,U.S. Senate,,Mark Mowry,REP,1
Lyman,04,U.S. Senate,,John R. Thune,REP,84
Lyman,04,U.S. Senate,,Bruce Whalen,REP,12
Lyman,04,U.S. Senate,,Mark Mowry,REP,10
Lyman,06,U.S. Senate,,John R. Thune,REP,51
Lyman,06,U.S. Senate,,Bruce Whalen,REP,7
Lyman,06,U.S. Senate,,Mark Mowry,REP,10
Lyman,07,U.S. Senate,,John R. Thune,REP,3
Lyman,07,U.S. Senate,,Bruce Whalen,REP,6
Lyman,07,U.S. Senate,,Mark Mowry,REP,1
Lyman,09,U.S. Senate,,John R. Thune,REP,102
Lyman,09,U.S. Senate,,Bruce Whalen,REP,18
Lyman,09,U.S. Senate,,Mark Mowry,REP,29
Lyman,12,U.S. Senate,,John R. Thune,REP,132
Lyman,12,U.S. Senate,,Bruce Whalen,REP,21
Lyman,12,U.S. Senate,,Mark Mowry,REP,55
Lyman,13,U.S. Senate,,John R. Thune,REP,40
Lyman,13,U.S. Senate,,Bruce Whalen,REP,6
Lyman,13,U.S. Senate,,Mark Mowry,REP,14
Lyman,01,U.S. House,1,Dusty Johnson,REP,12
Lyman,01,U.S. House,1,Taffy Howard,REP,17
Lyman,04,U.S. House,1,Dusty Johnson,REP,74
Lyman,04,U.S. House,1,Taffy Howard,REP,33
Lyman,06,U.S. House,1,Dusty Johnson,REP,43
Lyman,06,U.S. House,1,Taffy Howard,REP,22
Lyman,07,U.S. House,1,Dusty Johnson,REP,4
Lyman,07,U.S. House,1,Taffy Howard,REP,5
Lyman,09,U.S. House,1,Dusty Johnson,REP,88
Lyman,09,U.S. House,1,Taffy Howard,REP,58
Lyman,12,U.S. House,1,Dusty Johnson,REP,127
Lyman,12,U.S. House,1,Taffy Howard,REP,78
Lyman,13,U.S. House,1,Dusty Johnson,REP,33
Lyman,13,U.S. House,1,Taffy Howard,REP,27
Lyman,01,Governor,,Steven Haugaard,REP,6
Lyman,01,Governor,,Kristi Noem,REP,23
Lyman,04,Governor,,Steven Haugaard,REP,16
Lyman,04,Governor,,Kristi Noem,REP,91
Lyman,06,Governor,,Steven Haugaard,REP,8
Lyman,06,Governor,,Kristi Noem,REP,62
Lyman,07,Governor,,Steven Haugaard,REP,3
Lyman,07,Governor,,Kristi Noem,REP,6
Lyman,09,Governor,,Steven Haugaard,REP,26
Lyman,09,Governor,,Kristi Noem,REP,123
Lyman,12,Governor,,Steven Haugaard,REP,38
Lyman,12,Governor,,Kristi Noem,REP,170
Lyman,13,Governor,,Steven Haugaard,REP,11
Lyman,13,Governor,,Kristi Noem,REP,49
Lyman,06,School Board Member Lyman School District 42-1,,Veronica Gerardi,,48
Lyman,06,School Board Member Lyman School District 42-1,,Michael Ryan,,30
Lyman,06,School Board Member Lyman School District 42-1,,Cody A Volmer,,53
Lyman,06,School Board Member Lyman School District 42-1,,Nathan Millard,,31
Lyman,06,School Board Member Lyman School District 42-1,,Deb Halverson,,33
Lyman,07,School Board Member Lyman School District 42-1,,Veronica Gerardi,,15
Lyman,07,School Board Member Lyman School District 42-1,,Michael Ryan,,96
Lyman,07,School Board Member Lyman School District 42-1,,Cody A Volmer,,25
Lyman,07,School Board Member Lyman School District 42-1,,Nathan Millard,,14
Lyman,07,School Board Member Lyman School District 42-1,,Deb Halverson,,37
Lyman,09,School Board Member Lyman School District 42-1,,Veronica Gerardi,,114
Lyman,09,School Board Member Lyman School District 42-1,,Michael Ryan,,37
Lyman,09,School Board Member Lyman School District 42-1,,Cody A Volmer,,87
Lyman,09,School Board Member Lyman School District 42-1,,Nathan Millard,,96
Lyman,09,School Board Member Lyman School District 42-1,,Deb Halverson,,90
Lyman,12,School Board Member Lyman School District 42-1,,Veronica Gerardi,,157
Lyman,12,School Board Member Lyman School District 42-1,,Michael Ryan,,71
Lyman,12,School Board Member Lyman School District 42-1,,Cody A Volmer,,166
Lyman,12,School Board Member Lyman School District 42-1,,Nathan Millard,,167
Lyman,12,School Board Member Lyman School District 42-1,,Deb Halverson,,114
Lyman,13,School Board Member Lyman School District 42-1,,Veronica Gerardi,,41
Lyman,13,School Board Member Lyman School District 42-1,,Michael Ryan,,12
Lyman,13,School Board Member Lyman School District 42-1,,Cody A Volmer,,37
Lyman,13,School Board Member Lyman School District 42-1,,Nathan Millard,,46
Lyman,13,School Board Member Lyman School District 42-1,,Deb Halverson,,32
Lyman,01,Constitutional Amendment C: A Constitutional Amendment Requiring Three-Fifths Vote for Approval of Ballot Measures Imposing Taxes or Fees or Obligating over $10 Million,,Yes,,19
Lyman,01,Constitutional Amendment C: A Constitutional Amendment Requiring Three-Fifths Vote for Approval of Ballot Measures Imposing Taxes or Fees or Obligating over $10 Million,,No,,24
Lyman,04,Constitutional Amendment C: A Constitutional Amendment Requiring Three-Fifths Vote for Approval of Ballot Measures Imposing Taxes or Fees or Obligating over $10 Million,,Yes,,33
Lyman,04,Constitutional Amendment C: A Constitutional Amendment Requiring Three-Fifths Vote for Approval of Ballot Measures Imposing Taxes or Fees or Obligating over $10 Million,,No,,128
Lyman,06,Constitutional Amendment C: A Constitutional Amendment Requiring Three-Fifths Vote for Approval of Ballot Measures Imposing Taxes or Fees or Obligating over $10 Million,,Yes,,26
Lyman,06,Constitutional Amendment C: A Constitutional Amendment Requiring Three-Fifths Vote for Approval of Ballot Measures Imposing Taxes or Fees or Obligating over $10 Million,,No,,66
Lyman,07,Constitutional Amendment C: A Constitutional Amendment Requiring Three-Fifths Vote for Approval of Ballot Measures Imposing Taxes or Fees or Obligating over $10 Million,,Yes,,29
Lyman,07,Constitutional Amendment C: A Constitutional Amendment Requiring Three-Fifths Vote for Approval of Ballot Measures Imposing Taxes or Fees or Obligating over $10 Million,,No,,81
Lyman,09,Constitutional Amendment C: A Constitutional Amendment Requiring Three-Fifths Vote for Approval of Ballot Measures Imposing Taxes or Fees or Obligating over $10 Million,,Yes,,58
Lyman,09,Constitutional Amendment C: A Constitutional Amendment Requiring Three-Fifths Vote for Approval of Ballot Measures Imposing Taxes or Fees or Obligating over $10 Million,,No,,114
Lyman,12,Constitutional Amendment C: A Constitutional Amendment Requiring Three-Fifths Vote for Approval of Ballot Measures Imposing Taxes or Fees or Obligating over $10 Million,,Yes,,63
Lyman,12,Constitutional Amendment C: A Constitutional Amendment Requiring Three-Fifths Vote for Approval of Ballot Measures Imposing Taxes or Fees or Obligating over $10 Million,,No,,206
Lyman,13,Constitutional Amendment C: A Constitutional Amendment Requiring Three-Fifths Vote for Approval of Ballot Measures Imposing Taxes or Fees or Obligating over $10 Million,,Yes,,34
Lyman,13,Constitutional Amendment C: A Constitutional Amendment Requiring Three-Fifths Vote for Approval of Ballot Measures Imposing Taxes or Fees or Obligating over $10 Million,,No,,34
Lyman,01,State House,24,Mary Duvall,REP,9
Lyman,02,State House,24,Mary Duvall,REP,16
Lyman,03,State House,24,Mary Duvall,REP,23
Lyman,04,State House,24,Mary Duvall,REP,19
Lyman,05,State House,24,Mary Duvall,REP,13
Lyman,06,State House,24,Mary Duvall,REP,14
Lyman,07,State House,24,Mary Duvall,REP,11
Lyman,08,State House,24,Mary Duvall,REP,9
Lyman,09,State House,24,Mary Duvall,REP,10
Lyman,10,State House,24,Mary Duvall,REP,4
Lyman,11,State House,24,Mary Duvall,REP,17
Lyman,12,State House,24,Mary Duvall,REP,8
Lyman,13,State House,24,Mary Duvall,REP,15
Lyman,14,State House,24,Mary Duvall,REP,9
Lyman,15,State House,24,Mary Duvall,REP,11
Lyman,16,State House,24,Mary Duvall,REP,8
Lyman,17,State House,24,Mary Duvall,REP,12
Lyman,18,State House,24,Mary Duvall,REP,13
Marshall,A1,U.S. Senate,,John R. Thune,REP,46
Marshall,A1,U.S. Senate,,Bruce Whalen,REP,9
Marshall,A1,U.S. Senate,,Mark Mowry,REP,3
Marshall,A2,U.S. Senate,,John R. Thune,REP,24
Marshall,A2,U.S. Senate,,Bruce Whalen,REP,6
Marshall,A2,U.S. Senate,,Mark Mowry,REP,4
Marshall,A3,U.S. Senate,,John R. Thune,REP,25
Marshall,A3,U.S. Senate,,Bruce Whalen,REP,7
Marshall,A3,U.S. Senate,,Mark Mowry,REP,4
Marshall,A4,U.S. Senate,,John R. Thune,REP,54
Marshall,A4,U.S. Senate,,Bruce Whalen,REP,9
Marshall,A4,U.S. Senate,,Mark Mowry,REP,2
Marshall,A5,U.S. Senate,,John R. Thune,REP,29
Marshall,A5,U.S. Senate,,Bruce Whalen,REP,11
Marshall,A5,U.S. Senate,,Mark Mowry,REP,5
Marshall,A6,U.S. Senate,,John R. Thune,REP,79
Marshall,A6,U.S. Senate,,Bruce Whalen,REP,9
Marshall,A6,U.S. Senate,,Mark Mowry,REP,3
Marshall,A7,U.S. Senate,,John R. Thune,REP,52
Marshall,A7,U.S. Senate,,Bruce Whalen,REP,6
Marshall,A7,U.S. Senate,,Mark Mowry,REP,0
Marshall,A8,U.S. Senate,,John R. Thune,REP,39
Marshall,A8,U.S. Senate,,Bruce Whalen,REP,7
Marshall,A8,U.S. Senate,,Mark Mowry,REP,4
Marshall,A9,U.S. Senate,,John R. Thune,REP,38
Marshall,A9,U.S. Senate,,Bruce Whalen,REP,6
Marshall,A9,U.S. Senate,,Mark Mowry,REP,10
McCook,01,U.S. Senate,,John R. Thune,REP,119
McCook,01,U.S. Senate,,Bruce Whalen,REP,53
McCook,01,U.S. Senate,,Mark Mowry,REP,22
McCook,02,U.S. Senate,,John R. Thune,REP,54
McCook,02,U.S. Senate,,Bruce Whalen,REP,6
McCook,02,U.S. Senate,,Mark Mowry,REP,6
McCook,03,U.S. Senate,,John R. Thune,REP,152
McCook,03,U.S. Senate,,Bruce Whalen,REP,37
McCook,03,U.S. Senate,,Mark Mowry,REP,15
McCook,04,U.S. Senate,,John R. Thune,REP,190
McCook,04,U.S. Senate,,Bruce Whalen,REP,22
McCook,04,U.S. Senate,,Mark Mowry,REP,23
McCook,05,U.S. Senate,,John R. Thune,REP,230
McCook,05,U.S. Senate,,Bruce Whalen,REP,62
McCook,05,U.S. Senate,,Mark Mowry,REP,28
McCook,06,U.S. Senate,,John R. Thune,REP,128
McCook,06,U.S. Senate,,Bruce Whalen,REP,15
McCook,06,U.S. Senate,,Mark Mowry,REP,11
McCook,01,U.S. House,1,Dusty Johnson,REP,94
McCook,01,U.S. House,1,Taffy Howard,REP,77
McCook,02,U.S. House,1,Dusty Johnson,REP,35
McCook,02,U.S. House,1,Taffy Howard,REP,19
McCook,03,U.S. House,1,Dusty Johnson,REP,123
McCook,03,U.S. House,1,Taffy Howard,REP,87
McCook,04,U.S. House,1,Dusty Johnson,REP,133
McCook,04,U.S. House,1,Taffy Howard,REP,105
McCook,05,U.S. House,1,Dusty Johnson,REP,200
McCook,05,U.S. House,1,Taffy Howard,REP,115
McCook,06,U.S. House,1,Dusty Johnson,REP,125
McCook,06,U.S. House,1,Taffy Howard,REP,60
McCook,01,Governor,,Steven Haugaard,REP,48
McCook,01,Governor,,Kristi Noem,REP,126
McCook,02,Governor,,Steven Haugaard,REP,19
McCook,02,Governor,,Kristi Noem,REP,47
McCook,03,Governor,,Steven Haugaard,REP,62
McCook,03,Governor,,Kristi Noem,REP,148
McCook,04,Governor,,Steven Haugaard,REP,59
McCook,04,Governor,,Kristi Noem,REP,203
McCook,05,Governor,,Steven Haugaard,REP,85
McCook,05,Governor,,Kristi Noem,REP,235
McCook,06,Governor,,Steven Haugaard,REP,13
McCook,06,Governor,,Kristi Noem,REP,149
McCook,03,County Commissioner McCook-3,,Bernard Stockwell,REP,58
McCook,03,County Commissioner McCook-3,,Marc Dick,REP,121
McPherson,1,U.S. Senate,,John R. Thune,REP,127
McPherson,1,U.S. Senate,,Bruce Whalen,REP,37
McPherson,1,U.S. Senate,,Mark Mowry,REP,10
McPherson,2,U.S. Senate,,John R. Thune,REP,104
McPherson,2,U.S. Senate,,Bruce Whalen,REP,38
McPherson,2,U.S. Senate,,Mark Mowry,REP,5
McPherson,3,U.S. Senate,,John R. Thune,REP,109
McPherson,3,U.S. Senate,,Bruce Whalen,REP,27
McPherson,3,U.S. Senate,,Mark Mowry,REP,7
McPherson,4,U.S. Senate,,John R. Thune,REP,133
McPherson,4,U.S. Senate,,Bruce Whalen,REP,44
McPherson,4,U.S. Senate,,Mark Mowry,REP,8
McPherson,1,U.S. House,1,Dusty Johnson,REP,111
McPherson,1,U.S. House,1,Taffy Howard,REP,61
McPherson,2,U.S. House,1,Dusty Johnson,REP,90
McPherson,2,U.S. House,1,Taffy Howard,REP,58
McPherson,3,U.S. House,1,Dusty Johnson,REP,88
McPherson,3,U.S. House,1,Taffy Howard,REP,59
McPherson,4,U.S. House,1,Dusty Johnson,REP,87
McPherson,4,U.S. House,1,Taffy Howard,REP,97
McPherson,1,Governor,,Steven Haugaard,REP,48
McPherson,1,Governor,,Kristi Noem,REP,125
McPherson,2,Governor,,Steven Haugaard,REP,33
McPherson,2,Governor,,Kristi Noem,REP,117
McPherson,3,Governor,,Steven Haugaard,REP,29
McPherson,3,Governor,,Kristi Noem,REP,117
McPherson,4,Governor,,Steven Haugaard,REP,39
McPherson,4,Governor,,Kristi Noem,REP,146
McPherson,1,State Senate,23,Bryan J. Breitling,REP,97
McPherson,1,State Senate,23,Spencer Gosch,REP,75
McPherson,2,State Senate,23,Bryan J. Breitling,REP,70
McPherson,2,State Senate,23,Spencer Gosch,REP,74
McPherson,3,State Senate,23,Bryan J. Breitling,REP,59
McPherson,3,State Senate,23,Spencer Gosch,REP,86
McPherson,4,State Senate,23,Bryan J. Breitling,REP,81
McPherson,4,State Senate,23,Spencer Gosch,REP,99
McPherson,1,State House,23,Scott Moore,REP,145
McPherson,1,State House,23,Brandon Black,REP,12
McPherson,1,State House,23,Gregory Brooks,REP,49
McPherson,1,State House,23,James D. Wangsness,REP,99
McPherson,2,State House,23,Scott Moore,REP,125
McPherson,2,State House,23,Brandon Black,REP,8
McPherson,2,State House,23,Gregory Brooks,REP,45
McPherson,2,State House,23,James D. Wangsness,REP,71
McPherson,3,State House,23,Scott Moore,REP,100
McPherson,3,State House,23,Brandon Black,REP,12
McPherson,3,State House,23,Gregory Brooks,REP,29
McPherson,3,State House,23,James D. Wangsness,REP,66
McPherson,4,State House,23,Scott Moore,REP,128
McPherson,4,State House,23,Brandon Black,REP,15
McPherson,4,State House,23,Gregory Brooks,REP,42
McPherson,4,State House,23,James D. Wangsness,REP,92
McPherson,1,Constitutional Amendment C: A Constitutional Amendment Requiring Three-Fifths Vote for Approval of Ballot Measures Imposing Taxes or Fees or Obligating over $10 Million,,Yes,,105
McPherson,1,Constitutional Amendment C: A Constitutional Amendment Requiring Three-Fifths Vote for Approval of Ballot Measures Imposing Taxes or Fees or Obligating over $10 Million,,No,,90
McPherson,2,Constitutional Amendment C: A Constitutional Amendment Requiring Three-Fifths Vote for Approval of Ballot Measures Imposing Taxes or Fees or Obligating over $10 Million,,Yes,,94
McPherson,2,Constitutional Amendment C: A Constitutional Amendment Requiring Three-Fifths Vote for Approval of Ballot Measures Imposing Taxes or Fees or Obligating over $10 Million,,No,,66
McPherson,3,Constitutional Amendment C: A Constitutional Amendment Requiring Three-Fifths Vote for Approval of Ballot Measures Imposing Taxes or Fees or Obligating over $10 Million,,Yes,,73
McPherson,3,Constitutional Amendment C: A Constitutional Amendment Requiring Three-Fifths Vote for Approval of Ballot Measures Imposing Taxes or Fees or Obligating over $10 Million,,No,,92
McPherson,4,Constitutional Amendment C: A Constitutional Amendment Requiring Three-Fifths Vote for Approval of Ballot Measures Imposing Taxes or Fees or Obligating over $10 Million,,Yes,,93
McPherson,4,Constitutional Amendment C: A Constitutional Amendment Requiring Three-Fifths Vote for Approval of Ballot Measures Imposing Taxes or Fees or Obligating over $10 Million,,No,,120
Meade,ALKALI #6A,U.S. Senate,,John R. Thune,REP,60
Meade,ALKALI #6A,U.S. Senate,,Bruce Whalen,REP,22
Meade,ALKALI #6A,U.S. Senate,,Mark Mowry,REP,11
Meade,BASE #23,U.S. Senate,,John R. Thune,REP,29
Meade,BASE #23,U.S. Senate,,Bruce Whalen,REP,16
Meade,BASE #23,U.S. Senate,,Mark Mowry,REP,6
Meade,BEAR BUTTE #9,U.S. Senate,,John R. Thune,REP,54
Meade,BEAR BUTTE #9,U.S. Senate,,Bruce Whalen,REP,25
Meade,BEAR BUTTE #9,U.S. Senate,,Mark Mowry,REP,3
Meade,BLACK HAWK #14,U.S. Senate,,John R. Thune,REP,79
Meade,BLACK HAWK #14,U.S. Senate,,Bruce Whalen,REP,19
Meade,BLACK HAWK #14,U.S. Senate,,Mark Mowry,REP,14
Meade,CENTRAL BLACK HAWK #19,U.S. Senate,,John R. Thune,REP,231
Meade,CENTRAL BLACK HAWK #19,U.S. Senate,,Bruce Whalen,REP,49
Meade,CENTRAL BLACK HAWK #19,U.S. Senate,,Mark Mowry,REP,19
Meade,CENTRAL STURGIS #3,U.S. Senate,,John R. Thune,REP,86
Meade,CENTRAL STURGIS #3,U.S. Senate,,Bruce Whalen,REP,15
Meade,CENTRAL STURGIS #3,U.S. Senate,,Mark Mowry,REP,10
Meade,CHALK BUTTE #27,U.S. Senate,,John R. Thune,REP,48
Meade,CHALK BUTTE #27,U.S. Senate,,Bruce Whalen,REP,11
Meade,CHALK BUTTE #27,U.S. Senate,,Mark Mowry,REP,12
Meade,EAST ELK VALE #21A,U.S. Senate,,John R. Thune,REP,97
Meade,EAST ELK VALE #21A,U.S. Senate,,Bruce Whalen,REP,33
Meade,EAST ELK VALE #21A,U.S. Senate,,Mark Mowry,REP,13
Meade,EAST PIEDMONT #12A,U.S. Senate,,John R. Thune,REP,82
Meade,EAST PIEDMONT #12A,U.S. Senate,,Bruce Whalen,REP,28
Meade,EAST PIEDMONT #12A,U.S. Senate,,Mark Mowry,REP,17
Meade,EAST STURGIS #1,U.S. Senate,,John R. Thune,REP,72
Meade,EAST STURGIS #1,U.S. Senate,,Bruce Whalen,REP,29
Meade,EAST STURGIS #1,U.S. Senate,,Mark Mowry,REP,5
Meade,ELK VALE #21,U.S. Senate,,John R. Thune,REP,21
Meade,ELK VALE #21,U.S. Senate,,Bruce Whalen,REP,15
Meade,ELK VALE #21,U.S. Senate,,Mark Mowry,REP,0
Meade,ELM SPRINGS #18,U.S. Senate,,John R. Thune,REP,31
Meade,ELM SPRINGS #18,U.S. Senate,,Bruce Whalen,REP,25
Meade,ELM SPRINGS #18,U.S. Senate,,Mark Mowry,REP,4
Meade,FAIRPOINT #29,U.S. Senate,,John R. Thune,REP,11
Meade,FAIRPOINT #29,U.S. Senate,,Bruce Whalen,REP,4
Meade,FAIRPOINT #29,U.S. Senate,,Mark Mowry,REP,4
Meade,FAITH #31,U.S. Senate,,John R. Thune,REP,76
Meade,FAITH #31,U.S. Senate,,Bruce Whalen,REP,31
Meade,FAITH #31,U.S. Senate,,Mark Mowry,REP,19
Meade,FORT MEADE #1A,U.S. Senate,,John R. Thune,REP,6
Meade,FORT MEADE #1A,U.S. Senate,,Bruce Whalen,REP,2
Meade,FORT MEADE #1A,U.S. Senate,,Mark Mowry,REP,2
Meade,HARMONY #8,U.S. Senate,,John R. Thune,REP,118
Meade,HARMONY #8,U.S. Senate,,Bruce Whalen,REP,43
Meade,HARMONY #8,U.S. Senate,,Mark Mowry,REP,12
Meade,HEREFORD #20,U.S. Senate,,John R. Thune,REP,16
Meade,HEREFORD #20,U.S. Senate,,Bruce Whalen,REP,7
Meade,HEREFORD #20,U.S. Senate,,Mark Mowry,REP,3
Meade,MARCUS #41,U.S. Senate,,John R. Thune,REP,15
Meade,MARCUS #41,U.S. Senate,,Bruce Whalen,REP,10
Meade,MARCUS #41,U.S. Senate,,Mark Mowry,REP,3
Meade,NORTHEAST PIEDMONT #12,U.S. Senate,,John R. Thune,REP,223
Meade,NORTHEAST PIEDMONT #12,U.S. Senate,,Bruce Whalen,REP,59
Meade,NORTHEAST PIEDMONT #12,U.S. Senate,,Mark Mowry,REP,21
Meade,NORTHEAST STURGIS #1-A,U.S. Senate,,John R. Thune,REP,37
Meade,NORTHEAST STURGIS #1-A,U.S. Senate,,Bruce Whalen,REP,5
Meade,NORTHEAST STURGIS #1-A,U.S. Senate,,Mark Mowry,REP,3
Meade,NORTHWEST STURGIS #5,U.S. Senate,,John R. Thune,REP,101
Meade,NORTHWEST STURGIS #5,U.S. Senate,,Bruce Whalen,REP,35
Meade,NORTHWEST STURGIS #5,U.S. Senate,,Mark Mowry,REP,15
Meade,PIEDMONT CENTRAL #11A,U.S. Senate,,John R. Thune,REP,173
Meade,PIEDMONT CENTRAL #11A,U.S. Senate,,Bruce Whalen,REP,49
Meade,PIEDMONT CENTRAL #11A,U.S. Senate,,Mark Mowry,REP,28
Meade,PIEDMONT WEST #11,U.S. Senate,,John R. Thune,REP,158
Meade,PIEDMONT WEST #11,U.S. Senate,,Bruce Whalen,REP,64
Meade,PIEDMONT WEST #11,U.S. Senate,,Mark Mowry,REP,24
Meade,PINE #33,U.S. Senate,,John R. Thune,REP,27
Meade,PINE #33,U.S. Senate,,Bruce Whalen,REP,23
Meade,PINE #33,U.S. Senate,,Mark Mowry,REP,3
Meade,RED OWL #30,U.S. Senate,,John R. Thune,REP,22
Meade,RED OWL #30,U.S. Senate,,Bruce Whalen,REP,16
Meade,RED OWL #30,U.S. Senate,,Mark Mowry,REP,17
Meade,RURAL BLACK HAWK #15,U.S. Senate,,John R. Thune,REP,135
Meade,RURAL BLACK HAWK #15,U.S. Senate,,Bruce Whalen,REP,35
Meade,RURAL BLACK HAWK #15,U.S. Senate,,Mark Mowry,REP,9
Meade,RURAL STURGIS #7,U.S. Senate,,John R. Thune,REP,160
Meade,RURAL STURGIS #7,U.S. Senate,,Bruce Whalen,REP,29
Meade,RURAL STURGIS #7,U.S. Senate,,Mark Mowry,REP,13
Meade,SOUTH STURGIS #2A,U.S. Senate,,John R. Thune,REP,134
Meade,SOUTH STURGIS #2A,U.S. Senate,,Bruce Whalen,REP,15
Meade,SOUTH STURGIS #2A,U.S. Senate,,Mark Mowry,REP,11
Meade,SOUTHEAST PIEDMONT #13,U.S. Senate,,John R. Thune,REP,248
Meade,SOUTHEAST PIEDMONT #13,U.S. Senate,,Bruce Whalen,REP,66
Meade,SOUTHEAST PIEDMONT #13,U.S. Senate,,Mark Mowry,REP,30
Meade,SOUTHEAST STURGIS #2,U.S. Senate,,John R. Thune,REP,184
Meade,SOUTHEAST STURGIS #2,U.S. Senate,,Bruce Whalen,REP,37
Meade,SOUTHEAST STURGIS #2,U.S. Senate,,Mark Mowry,REP,12
Meade,SOUTHWEST STURGIS #4A,U.S. Senate,,John R. Thune,REP,80
Meade,SOUTHWEST STURGIS #4A,U.S. Senate,,Bruce Whalen,REP,17
Meade,SOUTHWEST STURGIS #4A,U.S. Senate,,Mark Mowry,REP,12
Meade,STURGIS #5A,U.S. Senate,,John R. Thune,REP,76
Meade,STURGIS #5A,U.S. Senate,,Bruce Whalen,REP,13
Meade,STURGIS #5A,U.S. Senate,,Mark Mowry,REP,3
Meade,SULPHUR #35,U.S. Senate,,John R. Thune,REP,15
Meade,SULPHUR #35,U.S. Senate,,Bruce Whalen,REP,21
Meade,SULPHUR #35,U.S. Senate,,Mark Mowry,REP,1
Meade,SUMMERSET #10,U.S. Senate,,John R. Thune,REP,311
Meade,SUMMERSET #10,U.S. Senate,,Bruce Whalen,REP,50
Meade,SUMMERSET #10,U.S. Senate,,Mark Mowry,REP,29
Meade,TILFORD #6,U.S. Senate,,John R. Thune,REP,253
Meade,TILFORD #6,U.S. Senate,,Bruce Whalen,REP,67
Meade,TILFORD #6,U.S. Senate,,Mark Mowry,REP,26
Meade,UNION #40,U.S. Senate,,John R. Thune,REP,19
Meade,UNION #40,U.S. Senate,,Bruce Whalen,REP,7
Meade,UNION #40,U.S. Senate,,Mark Mowry,REP,2
Meade,VIEWFIELD #17,U.S. Senate,,John R. Thune,REP,36
Meade,VIEWFIELD #17,U.S. Senate,,Bruce Whalen,REP,22
Meade,VIEWFIELD #17,U.S. Senate,,Mark Mowry,REP,8
Meade,WEST BLACK HAWK #16,U.S. Senate,,John R. Thune,REP,88
Meade,WEST BLACK HAWK #16,U.S. Senate,,Bruce Whalen,REP,33
Meade,WEST BLACK HAWK #16,U.S. Senate,,Mark Mowry,REP,13
Meade,WEST ELK VALE #24,U.S. Senate,,John R. Thune,REP,33
Meade,WEST ELK VALE #24,U.S. Senate,,Bruce Whalen,REP,29
Meade,WEST ELK VALE #24,U.S. Senate,,Mark Mowry,REP,5
Meade,WEST STURGIS #4,U.S. Senate,,John R. Thune,REP,64
Meade,WEST STURGIS #4,U.S. Senate,,Bruce Whalen,REP,7
Meade,WEST STURGIS #4,U.S. Senate,,Mark Mowry,REP,7
Meade,WHITE OWL #25,U.S. Senate,,John R. Thune,REP,23
Meade,WHITE OWL #25,U.S. Senate,,Bruce Whalen,REP,4
Meade,WHITE OWL #25,U.S. Senate,,Mark Mowry,REP,4
Meade,ALKALI #6A,U.S. House,1,Dusty Johnson,REP,55
Meade,ALKALI #6A,U.S. House,1,Taffy Howard,REP,36
Meade,BASE #23,U.S. House,1,Dusty Johnson,REP,19
Meade,BASE #23,U.S. House,1,Taffy Howard,REP,29
Meade,BEAR BUTTE #9,U.S. House,1,Dusty Johnson,REP,42
Meade,BEAR BUTTE #9,U.S. House,1,Taffy Howard,REP,40
Meade,BLACK HAWK #14,U.S. House,1,Dusty Johnson,REP,56
Meade,BLACK HAWK #14,U.S. House,1,Taffy Howard,REP,57
Meade,CENTRAL BLACK HAWK #19,U.S. House,1,Dusty Johnson,REP,165
Meade,CENTRAL BLACK HAWK #19,U.S. House,1,Taffy Howard,REP,132
Meade,CENTRAL STURGIS #3,U.S. House,1,Dusty Johnson,REP,71
Meade,CENTRAL STURGIS #3,U.S. House,1,Taffy Howard,REP,40
Meade,CHALK BUTTE #27,U.S. House,1,Dusty Johnson,REP,40
Meade,CHALK BUTTE #27,U.S. House,1,Taffy Howard,REP,30
Meade,EAST ELK VALE #21A,U.S. House,1,Dusty Johnson,REP,63
Meade,EAST ELK VALE #21A,U.S. House,1,Taffy Howard,REP,80
Meade,EAST PIEDMONT #12A,U.S. House,1,Dusty Johnson,REP,69
Meade,EAST PIEDMONT #12A,U.S. House,1,Taffy Howard,REP,59
Meade,EAST STURGIS #1,U.S. House,1,Dusty Johnson,REP,64
Meade,EAST STURGIS #1,U.S. House,1,Taffy Howard,REP,41
Meade,ELK VALE #21,U.S. House,1,Dusty Johnson,REP,16
Meade,ELK VALE #21,U.S. House,1,Taffy Howard,REP,20
Meade,ELM SPRINGS #18,U.S. House,1,Dusty Johnson,REP,26
Meade,ELM SPRINGS #18,U.S. House,1,Taffy Howard,REP,36
Meade,FAIRPOINT #29,U.S. House,1,Dusty Johnson,REP,10
Meade,FAIRPOINT #29,U.S. House,1,Taffy Howard,REP,8
Meade,FAITH #31,U.S. House,1,Dusty Johnson,REP,50
Meade,FAITH #31,U.S. House,1,Taffy Howard,REP,78
Meade,FORT MEADE #1A,U.S. House,1,Dusty Johnson,REP,5
Meade,FORT MEADE #1A,U.S. House,1,Taffy Howard,REP,6
Meade,HARMONY #8,U.S. House,1,Dusty Johnson,REP,86
Meade,HARMONY #8,U.S. House,1,Taffy Howard,REP,86
Meade,HEREFORD #20,U.S. House,1,Dusty Johnson,REP,15
Meade,HEREFORD #20,U.S. House,1,Taffy Howard,REP,12
Meade,MARCUS #41,U.S. House,1,Dusty Johnson,REP,17
Meade,MARCUS #41,U.S. House,1,Taffy Howard,REP,12
Meade,NORTHEAST PIEDMONT #12,U.S. House,1,Dusty Johnson,REP,148
Meade,NORTHEAST PIEDMONT #12,U.S. House,1,Taffy Howard,REP,154
Meade,NORTHEAST STURGIS #1-A,U.S. House,1,Dusty Johnson,REP,26
Meade,NORTHEAST STURGIS #1-A,U.S. House,1,Taffy Howard,REP,18
Meade,NORTHWEST STURGIS #5,U.S. House,1,Dusty Johnson,REP,84
Meade,NORTHWEST STURGIS #5,U.S. House,1,Taffy Howard,REP,61
Meade,PIEDMONT CENTRAL #11A,U.S. House,1,Dusty Johnson,REP,138
Meade,PIEDMONT CENTRAL #11A,U.S. House,1,Taffy Howard,REP,121
Meade,PIEDMONT WEST #11,U.S. House,1,Dusty Johnson,REP,122
Meade,PIEDMONT WEST #11,U.S. House,1,Taffy Howard,REP,126
Meade,PINE #33,U.S. House,1,Dusty Johnson,REP,19
Meade,PINE #33,U.S. House,1,Taffy Howard,REP,35
Meade,RED OWL #30,U.S. House,1,Dusty Johnson,REP,26
Meade,RED OWL #30,U.S. House,1,Taffy Howard,REP,32
Meade,RURAL BLACK HAWK #15,U.S. House,1,Dusty Johnson,REP,75
Meade,RURAL BLACK HAWK #15,U.S. House,1,Taffy Howard,REP,97
Meade,RURAL STURGIS #7,U.S. House,1,Dusty Johnson,REP,129
Meade,RURAL STURGIS #7,U.S. House,1,Taffy Howard,REP,73
Meade,SOUTH STURGIS #2A,U.S. House,1,Dusty Johnson,REP,97
Meade,SOUTH STURGIS #2A,U.S. House,1,Taffy Howard,REP,59
Meade,SOUTHEAST PIEDMONT #13,U.S. House,1,Dusty Johnson,REP,192
Meade,SOUTHEAST PIEDMONT #13,U.S. House,1,Taffy Howard,REP,154
Meade,SOUTHEAST STURGIS #2,U.S. House,1,Dusty Johnson,REP,152
Meade,SOUTHEAST STURGIS #2,U.S. House,1,Taffy Howard,REP,73
Meade,SOUTHWEST STURGIS #4A,U.S. House,1,Dusty Johnson,REP,67
Meade,SOUTHWEST STURGIS #4A,U.S. House,1,Taffy Howard,REP,44
Meade,STURGIS #5A,U.S. House,1,Dusty Johnson,REP,66
Meade,STURGIS #5A,U.S. House,1,Taffy Howard,REP,29
Meade,SULPHUR #35,U.S. House,1,Dusty Johnson,REP,12
Meade,SULPHUR #35,U.S. House,1,Taffy Howard,REP,26
Meade,SUMMERSET #10,U.S. House,1,Dusty Johnson,REP,234
Meade,SUMMERSET #10,U.S. House,1,Taffy Howard,REP,164
Meade,TILFORD #6,U.S. House,1,Dusty Johnson,REP,198
Meade,TILFORD #6,U.S. House,1,Taffy Howard,REP,148
Meade,UNION #40,U.S. House,1,Dusty Johnson,REP,15
Meade,UNION #40,U.S. House,1,Taffy Howard,REP,13
Meade,VIEWFIELD #17,U.S. House,1,Dusty Johnson,REP,24
Meade,VIEWFIELD #17,U.S. House,1,Taffy Howard,REP,45
Meade,WEST BLACK HAWK #16,U.S. House,1,Dusty Johnson,REP,59
Meade,WEST BLACK HAWK #16,U.S. House,1,Taffy Howard,REP,77
Meade,WEST ELK VALE #24,U.S. House,1,Dusty Johnson,REP,21
Meade,WEST ELK VALE #24,U.S. House,1,Taffy Howard,REP,45
Meade,WEST STURGIS #4,U.S. House,1,Dusty Johnson,REP,52
Meade,WEST STURGIS #4,U.S. House,1,Taffy Howard,REP,23
Meade,WHITE OWL #25,U.S. House,1,Dusty Johnson,REP,20
Meade,WHITE OWL #25,U.S. House,1,Taffy Howard,REP,12
Meade,ALKALI #6A,Governor,,Steven Haugaard,REP,15
Meade,ALKALI #6A,Governor,,Kristi Noem,REP,77
Meade,BASE #23,Governor,,Steven Haugaard,REP,16
Meade,BASE #23,Governor,,Kristi Noem,REP,36
Meade,BEAR BUTTE #9,Governor,,Steven Haugaard,REP,20
Meade,BEAR BUTTE #9,Governor,,Kristi Noem,REP,63
Meade,BLACK HAWK #14,Governor,,Steven Haugaard,REP,27
Meade,BLACK HAWK #14,Governor,,Kristi Noem,REP,85
Meade,CENTRAL BLACK HAWK #19,Governor,,Steven Haugaard,REP,60
Meade,CENTRAL BLACK HAWK #19,Governor,,Kristi Noem,REP,236
Meade,CENTRAL STURGIS #3,Governor,,Steven Haugaard,REP,29
Meade,CENTRAL STURGIS #3,Governor,,Kristi Noem,REP,86
Meade,CHALK BUTTE #27,Governor,,Steven Haugaard,REP,8
Meade,CHALK BUTTE #27,Governor,,Kristi Noem,REP,69
Meade,EAST ELK VALE #21A,Governor,,Steven Haugaard,REP,30
Meade,EAST ELK VALE #21A,Governor,,Kristi Noem,REP,115
Meade,EAST PIEDMONT #12A,Governor,,Steven Haugaard,REP,18
Meade,EAST PIEDMONT #12A,Governor,,Kristi Noem,REP,112
Meade,EAST STURGIS #1,Governor,,Steven Haugaard,REP,24
Meade,EAST STURGIS #1,Governor,,Kristi Noem,REP,88
Meade,ELK VALE #21,Governor,,Steven Haugaard,REP,8
Meade,ELK VALE #21,Governor,,Kristi Noem,REP,29
Meade,ELM SPRINGS #18,Governor,,Steven Haugaard,REP,33
Meade,ELM SPRINGS #18,Governor,,Kristi Noem,REP,33
Meade,FAIRPOINT #29,Governor,,Steven Haugaard,REP,3
Meade,FAIRPOINT #29,Governor,,Kristi Noem,REP,15
Meade,FAITH #31,Governor,,Steven Haugaard,REP,10
Meade,FAITH #31,Governor,,Kristi Noem,REP,121
Meade,FORT MEADE #1A,Governor,,Steven Haugaard,REP,0
Meade,FORT MEADE #1A,Governor,,Kristi Noem,REP,11
Meade,HARMONY #8,Governor,,Steven Haugaard,REP,33
Meade,HARMONY #8,Governor,,Kristi Noem,REP,144
Meade,HEREFORD #20,Governor,,Steven Haugaard,REP,10
Meade,HEREFORD #20,Governor,,Kristi Noem,REP,17
Meade,MARCUS #41,Governor,,Steven Haugaard,REP,6
Meade,MARCUS #41,Governor,,Kristi Noem,REP,25
Meade,NORTHEAST PIEDMONT #12,Governor,,Steven Haugaard,REP,61
Meade,NORTHEAST PIEDMONT #12,Governor,,Kristi Noem,REP,252
Meade,NORTHEAST STURGIS #1-A,Governor,,Steven Haugaard,REP,12
Meade,NORTHEAST STURGIS #1-A,Governor,,Kristi Noem,REP,34
Meade,NORTHWEST STURGIS #5,Governor,,Steven Haugaard,REP,37
Meade,NORTHWEST STURGIS #5,Governor,,Kristi Noem,REP,116
Meade,PIEDMONT CENTRAL #11A,Governor,,Steven Haugaard,REP,61
Meade,PIEDMONT CENTRAL #11A,Governor,,Kristi Noem,REP,197
Meade,PIEDMONT WEST #11,Governor,,Steven Haugaard,REP,45
Meade,PIEDMONT WEST #11,Governor,,Kristi Noem,REP,202
Meade,PINE #33,Governor,,Steven Haugaard,REP,21
Meade,PINE #33,Governor,,Kristi Noem,REP,33
Meade,RED OWL #30,Governor,,Steven Haugaard,REP,8
Meade,RED OWL #30,Governor,,Kristi Noem,REP,53
Meade,RURAL BLACK HAWK #15,Governor,,Steven Haugaard,REP,44
Meade,RURAL BLACK HAWK #15,Governor,,Kristi Noem,REP,133
Meade,RURAL STURGIS #7,Governor,,Steven Haugaard,REP,39
Meade,RURAL STURGIS #7,Governor,,Kristi Noem,REP,165
Meade,SOUTH STURGIS #2A,Governor,,Steven Haugaard,REP,37
Meade,SOUTH STURGIS #2A,Governor,,Kristi Noem,REP,125
Meade,SOUTHEAST PIEDMONT #13,Governor,,Steven Haugaard,REP,87
Meade,SOUTHEAST PIEDMONT #13,Governor,,Kristi Noem,REP,259
Meade,SOUTHEAST STURGIS #2,Governor,,Steven Haugaard,REP,50
Meade,SOUTHEAST STURGIS #2,Governor,,Kristi Noem,REP,180
Meade,SOUTHWEST STURGIS #4A,Governor,,Steven Haugaard,REP,23
Meade,SOUTHWEST STURGIS #4A,Governor,,Kristi Noem,REP,87
Meade,STURGIS #5A,Governor,,Steven Haugaard,REP,23
Meade,STURGIS #5A,Governor,,Kristi Noem,REP,70
Meade,SULPHUR #35,Governor,,Steven Haugaard,REP,11
Meade,SULPHUR #35,Governor,,Kristi Noem,REP,29
Meade,SUMMERSET #10,Governor,,Steven Haugaard,REP,72
Meade,SUMMERSET #10,Governor,,Kristi Noem,REP,322
Meade,TILFORD #6,Governor,,Steven Haugaard,REP,87
Meade,TILFORD #6,Governor,,Kristi Noem,REP,262
Meade,UNION #40,Governor,,Steven Haugaard,REP,1
Meade,UNION #40,Governor,,Kristi Noem,REP,26
Meade,VIEWFIELD #17,Governor,,Steven Haugaard,REP,24
Meade,VIEWFIELD #17,Governor,,Kristi Noem,REP,44
Meade,WEST BLACK HAWK #16,Governor,,Steven Haugaard,REP,38
Meade,WEST BLACK HAWK #16,Governor,,Kristi Noem,REP,99
Meade,WEST ELK VALE #24,Governor,,Steven Haugaard,REP,18
Meade,WEST ELK VALE #24,Governor,,Kristi Noem,REP,52
Meade,WEST STURGIS #4,Governor,,Steven Haugaard,REP,16
Meade,WEST STURGIS #4,Governor,,Kristi Noem,REP,60
Meade,WHITE OWL #25,Governor,,Steven Haugaard,REP,3
Meade,WHITE OWL #25,Governor,,Kristi Noem,REP,29
Meade,BLACK HAWK #14,State Senate,33,David Johnson,REP,1
Meade,BLACK HAWK #14,State Senate,33,Janet Jensen,REP,0
Meade,CENTRAL BLACK HAWK #19,State Senate,33,David Johnson,REP,153
Meade,CENTRAL BLACK HAWK #19,State Senate,33,Janet Jensen,REP,134
Meade,SUMMERSET #10,State Senate,33,David Johnson,REP,223
Meade,SUMMERSET #10,State Senate,33,Janet Jensen,REP,150
Meade,WEST BLACK HAWK #16,State Senate,33,David Johnson,REP,72
Meade,WEST BLACK HAWK #16,State Senate,33,Janet Jensen,REP,55
Meade,ALKALI #6A,State House,29,Kirk Chaffee,REP,55
Meade,ALKALI #6A,State House,29,Kathy Rice,REP,44
Meade,ALKALI #6A,State House,29,Gary L. Cammack,REP,47
Meade,BASE #23,State House,29,Kirk Chaffee,REP,21
Meade,BASE #23,State House,29,Kathy Rice,REP,24
Meade,BASE #23,State House,29,Gary L. Cammack,REP,20
Meade,BEAR BUTTE #9,State House,29,Kirk Chaffee,REP,42
Meade,BEAR BUTTE #9,State House,29,Kathy Rice,REP,45
Meade,BEAR BUTTE #9,State House,29,Gary L. Cammack,REP,43
Meade,BLACK HAWK #14,State House,29,Kirk Chaffee,REP,40
Meade,BLACK HAWK #14,State House,29,Kathy Rice,REP,50
Meade,BLACK HAWK #14,State House,29,Gary L. Cammack,REP,36
Meade,CENTRAL STURGIS #3,State House,29,Kirk Chaffee,REP,76
Meade,CENTRAL STURGIS #3,State House,29,Kathy Rice,REP,46
Meade,CENTRAL STURGIS #3,State House,29,Gary L. Cammack,REP,58
Meade,CHALK BUTTE #27,State House,29,Kirk Chaffee,REP,52
Meade,CHALK BUTTE #27,State House,29,Kathy Rice,REP,25
Meade,CHALK BUTTE #27,State House,29,Gary L. Cammack,REP,35
Meade,EAST ELK VALE #21A,State House,29,Kirk Chaffee,REP,55
Meade,EAST ELK VALE #21A,State House,29,Kathy Rice,REP,81
Meade,EAST ELK VALE #21A,State House,29,Gary L. Cammack,REP,58
Meade,EAST PIEDMONT #12A,State House,29,Kirk Chaffee,REP,65
Meade,EAST PIEDMONT #12A,State House,29,Kathy Rice,REP,64
Meade,EAST PIEDMONT #12A,State House,29,Gary L. Cammack,REP,56
Meade,EAST STURGIS #1,State House,29,Kirk Chaffee,REP,67
Meade,EAST STURGIS #1,State House,29,Kathy Rice,REP,44
Meade,EAST STURGIS #1,State House,29,Gary L. Cammack,REP,54
Meade,ELK VALE #21,State House,29,Kirk Chaffee,REP,20
Meade,ELK VALE #21,State House,29,Kathy Rice,REP,14
Meade,ELK VALE #21,State House,29,Gary L. Cammack,REP,13
Meade,ELM SPRINGS #18,State House,29,Kirk Chaffee,REP,30
Meade,ELM SPRINGS #18,State House,29,Kathy Rice,REP,34
Meade,ELM SPRINGS #18,State House,29,Gary L. Cammack,REP,27
Meade,FAIRPOINT #29,State House,29,Kirk Chaffee,REP,14
Meade,FAIRPOINT #29,State House,29,Kathy Rice,REP,8
Meade,FAIRPOINT #29,State House,29,Gary L. Cammack,REP,11
Meade,FAITH #31,State House,29,Kirk Chaffee,REP,73
Meade,FAITH #31,State House,29,Kathy Rice,REP,56
Meade,FAITH #31,State House,29,Gary L. Cammack,REP,60
Meade,FORT MEADE #1A,State House,29,Kirk Chaffee,REP,4
Meade,FORT MEADE #1A,State House,29,Kathy Rice,REP,3
Meade,FORT MEADE #1A,State House,29,Gary L. Cammack,REP,7
Meade,HARMONY #8,State House,29,Kirk Chaffee,REP,103
Meade,HARMONY #8,State House,29,Kathy Rice,REP,78
Meade,HARMONY #8,State House,29,Gary L. Cammack,REP,99
Meade,HEREFORD #20,State House,29,Kirk Chaffee,REP,18
Meade,HEREFORD #20,State House,29,Kathy Rice,REP,12
Meade,HEREFORD #20,State House,29,Gary L. Cammack,REP,12
Meade,MARCUS #41,State House,29,Kirk Chaffee,REP,13
Meade,MARCUS #41,State House,29,Kathy Rice,REP,20
Meade,MARCUS #41,State House,29,Gary L. Cammack,REP,13
Meade,NORTHEAST PIEDMONT #12,State House,29,Kirk Chaffee,REP,129
Meade,NORTHEAST PIEDMONT #12,State House,29,Kathy Rice,REP,165
Meade,NORTHEAST PIEDMONT #12,State House,29,Gary L. Cammack,REP,118
Meade,NORTHEAST STURGIS #1-A,State House,29,Kirk Chaffee,REP,25
Meade,NORTHEAST STURGIS #1-A,State House,29,Kathy Rice,REP,16
Meade,NORTHEAST STURGIS #1-A,State House,29,Gary L. Cammack,REP,26
Meade,NORTHWEST STURGIS #5,State House,29,Kirk Chaffee,REP,79
Meade,NORTHWEST STURGIS #5,State House,29,Kathy Rice,REP,61
Meade,NORTHWEST STURGIS #5,State House,29,Gary L. Cammack,REP,84
Meade,PIEDMONT CENTRAL #11A,State House,29,Kirk Chaffee,REP,110
Meade,PIEDMONT CENTRAL #11A,State House,29,Kathy Rice,REP,131
Meade,PIEDMONT CENTRAL #11A,State House,29,Gary L. Cammack,REP,119
Meade,PIEDMONT WEST #11,State House,29,Kirk Chaffee,REP,123
Meade,PIEDMONT WEST #11,State House,29,Kathy Rice,REP,131
Meade,PIEDMONT WEST #11,State House,29,Gary L. Cammack,REP,90
Meade,PINE #33,State House,29,Kirk Chaffee,REP,26
Meade,PINE #33,State House,29,Kathy Rice,REP,37
Meade,PINE #33,State House,29,Gary L. Cammack,REP,16
Meade,RED OWL #30,State House,29,Kirk Chaffee,REP,27
Meade,RED OWL #30,State House,29,Kathy Rice,REP,32
Meade,RED OWL #30,State House,29,Gary L. Cammack,REP,24
Meade,RURAL BLACK HAWK #15,State House,29,Kirk Chaffee,REP,72
Meade,RURAL BLACK HAWK #15,State House,29,Kathy Rice,REP,106
Meade,RURAL BLACK HAWK #15,State House,29,Gary L. Cammack,REP,53
Meade,RURAL STURGIS #7,State House,29,Kirk Chaffee,REP,131
Meade,RURAL STURGIS #7,State House,29,Kathy Rice,REP,65
Meade,RURAL STURGIS #7,State House,29,Gary L. Cammack,REP,104
Meade,SOUTH STURGIS #2A,State House,29,Kirk Chaffee,REP,98
Meade,SOUTH STURGIS #2A,State House,29,Kathy Rice,REP,59
Meade,SOUTH STURGIS #2A,State House,29,Gary L. Cammack,REP,87
Meade,SOUTHEAST PIEDMONT #13,State House,29,Kirk Chaffee,REP,126
Meade,SOUTHEAST PIEDMONT #13,State House,29,Kathy Rice,REP,192
Meade,SOUTHEAST PIEDMONT #13,State House,29,Gary L. Cammack,REP,159
Meade,SOUTHEAST STURGIS #2,State House,29,Kirk Chaffee,REP,151
Meade,SOUTHEAST STURGIS #2,State House,29,Kathy Rice,REP,79
Meade,SOUTHEAST STURGIS #2,State House,29,Gary L. Cammack,REP,131
Meade,SOUTHWEST STURGIS #4A,State House,29,Kirk Chaffee,REP,68
Meade,SOUTHWEST STURGIS #4A,State House,29,Kathy Rice,REP,39
Meade,SOUTHWEST STURGIS #4A,State House,29,Gary L. Cammack,REP,66
Meade,STURGIS #5A,State House,29,Kirk Chaffee,REP,66
Meade,STURGIS #5A,State House,29,Kathy Rice,REP,31
Meade,STURGIS #5A,State House,29,Gary L. Cammack,REP,55
Meade,SULPHUR #35,State House,29,Kirk Chaffee,REP,16
Meade,SULPHUR #35,State House,29,Kathy Rice,REP,21
Meade,SULPHUR #35,State House,29,Gary L. Cammack,REP,14
Meade,TILFORD #6,State House,29,Kirk Chaffee,REP,212
Meade,TILFORD #6,State House,29,Kathy Rice,REP,146
Meade,TILFORD #6,State House,29,Gary L. Cammack,REP,176
Meade,UNION #30,State House,29,Kirk Chaffee,REP,16
Meade,UNION #30,State House,29,Kathy Rice,REP,12
Meade,UNION #30,State House,29,Gary L. Cammack,REP,13
Meade,VIEWFIELD #17,State House,29,Kirk Chaffee,REP,33
Meade,VIEWFIELD #17,State House,29,Kathy Rice,REP,35
Meade,VIEWFIELD #17,State House,29,Gary L. Cammack,REP,35
Meade,WEST ELK VALE #24,State House,29,Kirk Chaffee,REP,22
Meade,WEST ELK VALE #24,State House,29,Kathy Rice,REP,29
Meade,WEST ELK VALE #24,State House,29,Gary L. Cammack,REP,32
Meade,WEST STURGIS #4,State House,29,Kirk Chaffee,REP,54
Meade,WEST STURGIS #4,State House,29,Kathy Rice,REP,27
Meade,WEST STURGIS #4,State House,29,Gary L. Cammack,REP,35
Meade,WHITE OWL #25,State House,29,Kirk Chaffee,REP,22
Meade,WHITE OWL #25,State House,29,Kathy Rice,REP,13
Meade,WHITE OWL #25,State House,29,Gary L. Cammack,REP,18
Meade,BLACK HAWK #14,State House,33,Curt Massie,REP,0
Meade,BLACK HAWK #14,State House,33,Phil Jensen,REP,0
Meade,BLACK HAWK #14,State House,33,Janette McIntyre,REP,1
Meade,BLACK HAWK #14,State House,33,Dean Aurand,REP,0
Meade,CENTRAL BLACK HAWK #19,State House,33,Curt Massie,REP,119
Meade,CENTRAL BLACK HAWK #19,State House,33,Phil Jensen,REP,170
Meade,CENTRAL BLACK HAWK #19,State House,33,Janette McIntyre,REP,86
Meade,CENTRAL BLACK HAWK #19,State House,33,Dean Aurand,REP,93
Meade,SUMMERSET #10,State House,33,Curt Massie,REP,154
Meade,SUMMERSET #10,State House,33,Phil Jensen,REP,177
Meade,SUMMERSET #10,State House,33,Janette McIntyre,REP,112
Meade,SUMMERSET #10,State House,33,Dean Aurand,REP,117
Meade,WEST BLACK HAWK #16,State House,33,Curt Massie,REP,39
Meade,WEST BLACK HAWK #16,State House,33,Phil Jensen,REP,69
Meade,WEST BLACK HAWK #16,State House,33,Janette McIntyre,REP,44
Meade,WEST BLACK HAWK #16,State House,33,Dean Aurand,REP,63
Meade,ALKALI #6A,Constitutional Amendment C: A Constitutional Amendment Requiring Three-Fifths Vote for Approval of Ballot Measures Imposing Taxes or Fees or Obligating over $10 Million,,Yes,,47
Meade,ALKALI #6A,Constitutional Amendment C: A Constitutional Amendment Requiring Three-Fifths Vote for Approval of Ballot Measures Imposing Taxes or Fees or Obligating over $10 Million,,No,,70
Meade,BASE #23,Constitutional Amendment C: A Constitutional Amendment Requiring Three-Fifths Vote for Approval of Ballot Measures Imposing Taxes or Fees or Obligating over $10 Million,,Yes,,25
Meade,BASE #23,Constitutional Amendment C: A Constitutional Amendment Requiring Three-Fifths Vote for Approval of Ballot Measures Imposing Taxes or Fees or Obligating over $10 Million,,No,,44
Meade,BEAR BUTTE #9,Constitutional Amendment C: A Constitutional Amendment Requiring Three-Fifths Vote for Approval of Ballot Measures Imposing Taxes or Fees or Obligating over $10 Million,,Yes,,24
Meade,BEAR BUTTE #9,Constitutional Amendment C: A Constitutional Amendment Requiring Three-Fifths Vote for Approval of Ballot Measures Imposing Taxes or Fees or Obligating over $10 Million,,No,,74
Meade,BLACK HAWK #14,Constitutional Amendment C: A Constitutional Amendment Requiring Three-Fifths Vote for Approval of Ballot Measures Imposing Taxes or Fees or Obligating over $10 Million,,Yes,,52
Meade,BLACK HAWK #14,Constitutional Amendment C: A Constitutional Amendment Requiring Three-Fifths Vote for Approval of Ballot Measures Imposing Taxes or Fees or Obligating over $10 Million,,No,,118
Meade,CENTRAL BLACK HAWK #19,Constitutional Amendment C: A Constitutional Amendment Requiring Three-Fifths Vote for Approval of Ballot Measures Imposing Taxes or Fees or Obligating over $10 Million,,Yes,,135
Meade,CENTRAL BLACK HAWK #19,Constitutional Amendment C: A Constitutional Amendment Requiring Three-Fifths Vote for Approval of Ballot Measures Imposing Taxes or Fees or Obligating over $10 Million,,No,,310
Meade,CENTRAL STURGIS #3,Constitutional Amendment C: A Constitutional Amendment Requiring Three-Fifths Vote for Approval of Ballot Measures Imposing Taxes or Fees or Obligating over $10 Million,,Yes,,49
Meade,CENTRAL STURGIS #3,Constitutional Amendment C: A Constitutional Amendment Requiring Three-Fifths Vote for Approval of Ballot Measures Imposing Taxes or Fees or Obligating over $10 Million,,No,,99
Meade,CHALK BUTTE #27,Constitutional Amendment C: A Constitutional Amendment Requiring Three-Fifths Vote for Approval of Ballot Measures Imposing Taxes or Fees or Obligating over $10 Million,,Yes,,32
Meade,CHALK BUTTE #27,Constitutional Amendment C: A Constitutional Amendment Requiring Three-Fifths Vote for Approval of Ballot Measures Imposing Taxes or Fees or Obligating over $10 Million,,No,,47
Meade,EAST ELK VALE #21A,Constitutional Amendment C: A Constitutional Amendment Requiring Three-Fifths Vote for Approval of Ballot Measures Imposing Taxes or Fees or Obligating over $10 Million,,Yes,,86
Meade,EAST ELK VALE #21A,Constitutional Amendment C: A Constitutional Amendment Requiring Three-Fifths Vote for Approval of Ballot Measures Imposing Taxes or Fees or Obligating over $10 Million,,No,,87
Meade,EAST PIEDMONT #12A,Constitutional Amendment C: A Constitutional Amendment Requiring Three-Fifths Vote for Approval of Ballot Measures Imposing Taxes or Fees or Obligating over $10 Million,,Yes,,53
Meade,EAST PIEDMONT #12A,Constitutional Amendment C: A Constitutional Amendment Requiring Three-Fifths Vote for Approval of Ballot Measures Imposing Taxes or Fees or Obligating over $10 Million,,No,,99
Meade,EAST STURGIS #1,Constitutional Amendment C: A Constitutional Amendment Requiring Three-Fifths Vote for Approval of Ballot Measures Imposing Taxes or Fees or Obligating over $10 Million,,Yes,,54
Meade,EAST STURGIS #1,Constitutional Amendment C: A Constitutional Amendment Requiring Three-Fifths Vote for Approval of Ballot Measures Imposing Taxes or Fees or Obligating over $10 Million,,No,,93
Meade,ELK VALE #21,Constitutional Amendment C: A Constitutional Amendment Requiring Three-Fifths Vote for Approval of Ballot Measures Imposing Taxes or Fees or Obligating over $10 Million,,Yes,,17
Meade,ELK VALE #21,Constitutional Amendment C: A Constitutional Amendment Requiring Three-Fifths Vote for Approval of Ballot Measures Imposing Taxes or Fees or Obligating over $10 Million,,No,,23
Meade,ELM SPRINGS #18,Constitutional Amendment C: A Constitutional Amendment Requiring Three-Fifths Vote for Approval of Ballot Measures Imposing Taxes or Fees or Obligating over $10 Million,,Yes,,33
Meade,ELM SPRINGS #18,Constitutional Amendment C: A Constitutional Amendment Requiring Three-Fifths Vote for Approval of Ballot Measures Imposing Taxes or Fees or Obligating over $10 Million,,No,,41
Meade,FAIRPOINT #29,Constitutional Amendment C: A Constitutional Amendment Requiring Three-Fifths Vote for Approval of Ballot Measures Imposing Taxes or Fees or Obligating over $10 Million,,Yes,,11
Meade,FAIRPOINT #29,Constitutional Amendment C: A Constitutional Amendment Requiring Three-Fifths Vote for Approval of Ballot Measures Imposing Taxes or Fees or Obligating over $10 Million,,No,,12
Meade,FAITH #31,Constitutional Amendment C: A Constitutional Amendment Requiring Three-Fifths Vote for Approval of Ballot Measures Imposing Taxes or Fees or Obligating over $10 Million,,Yes,,84
Meade,FAITH #31,Constitutional Amendment C: A Constitutional Amendment Requiring Three-Fifths Vote for Approval of Ballot Measures Imposing Taxes or Fees or Obligating over $10 Million,,No,,77
Meade,FORT MEADE #1A,Constitutional Amendment C: A Constitutional Amendment Requiring Three-Fifths Vote for Approval of Ballot Measures Imposing Taxes or Fees or Obligating over $10 Million,,Yes,,8
Meade,FORT MEADE #1A,Constitutional Amendment C: A Constitutional Amendment Requiring Three-Fifths Vote for Approval of Ballot Measures Imposing Taxes or Fees or Obligating over $10 Million,,No,,8
Meade,HARMONY #8,Constitutional Amendment C: A Constitutional Amendment Requiring Three-Fifths Vote for Approval of Ballot Measures Imposing Taxes or Fees or Obligating over $10 Million,,Yes,,59
Meade,HARMONY #8,Constitutional Amendment C: A Constitutional Amendment Requiring Three-Fifths Vote for Approval of Ballot Measures Imposing Taxes or Fees or Obligating over $10 Million,,No,,164
Meade,HEREFORD #20,Constitutional Amendment C: A Constitutional Amendment Requiring Three-Fifths Vote for Approval of Ballot Measures Imposing Taxes or Fees or Obligating over $10 Million,,Yes,,17
Meade,HEREFORD #20,Constitutional Amendment C: A Constitutional Amendment Requiring Three-Fifths Vote for Approval of Ballot Measures Imposing Taxes or Fees or Obligating over $10 Million,,No,,16
Meade,MARCUS #41,Constitutional Amendment C: A Constitutional Amendment Requiring Three-Fifths Vote for Approval of Ballot Measures Imposing Taxes or Fees or Obligating over $10 Million,,Yes,,10
Meade,MARCUS #41,Constitutional Amendment C: A Constitutional Amendment Requiring Three-Fifths Vote for Approval of Ballot Measures Imposing Taxes or Fees or Obligating over $10 Million,,No,,22
Meade,NORTHEAST PIEDMONT #12,Constitutional Amendment C: A Constitutional Amendment Requiring Three-Fifths Vote for Approval of Ballot Measures Imposing Taxes or Fees or Obligating over $10 Million,,Yes,,146
Meade,NORTHEAST PIEDMONT #12,Constitutional Amendment C: A Constitutional Amendment Requiring Three-Fifths Vote for Approval of Ballot Measures Imposing Taxes or Fees or Obligating over $10 Million,,No,,256
Meade,NORTHEAST STURGIS #1-A,Constitutional Amendment C: A Constitutional Amendment Requiring Three-Fifths Vote for Approval of Ballot Measures Imposing Taxes or Fees or Obligating over $10 Million,,Yes,,17
Meade,NORTHEAST STURGIS #1-A,Constitutional Amendment C: A Constitutional Amendment Requiring Three-Fifths Vote for Approval of Ballot Measures Imposing Taxes or Fees or Obligating over $10 Million,,No,,54
Meade,NORTHWEST STURGIS #5,Constitutional Amendment C: A Constitutional Amendment Requiring Three-Fifths Vote for Approval of Ballot Measures Imposing Taxes or Fees or Obligating over $10 Million,,Yes,,67
Meade,NORTHWEST STURGIS #5,Constitutional Amendment C: A Constitutional Amendment Requiring Three-Fifths Vote for Approval of Ballot Measures Imposing Taxes or Fees or Obligating over $10 Million,,No,,154
Meade,PIEDMONT CENTRAL #11A,Constitutional Amendment C: A Constitutional Amendment Requiring Three-Fifths Vote for Approval of Ballot Measures Imposing Taxes or Fees or Obligating over $10 Million,,Yes,,134
Meade,PIEDMONT CENTRAL #11A,Constitutional Amendment C: A Constitutional Amendment Requiring Three-Fifths Vote for Approval of Ballot Measures Imposing Taxes or Fees or Obligating over $10 Million,,No,,200
Meade,PIEDMONT WEST #11,Constitutional Amendment C: A Constitutional Amendment Requiring Three-Fifths Vote for Approval of Ballot Measures Imposing Taxes or Fees or Obligating over $10 Million,,Yes,,117
Meade,PIEDMONT WEST #11,Constitutional Amendment C: A Constitutional Amendment Requiring Three-Fifths Vote for Approval of Ballot Measures Imposing Taxes or Fees or Obligating over $10 Million,,No,,192
Meade,PINE #33,Constitutional Amendment C: A Constitutional Amendment Requiring Three-Fifths Vote for Approval of Ballot Measures Imposing Taxes or Fees or Obligating over $10 Million,,Yes,,28
Meade,PINE #33,Constitutional Amendment C: A Constitutional Amendment Requiring Three-Fifths Vote for Approval of Ballot Measures Imposing Taxes or Fees or Obligating over $10 Million,,No,,33
Meade,RED OWL #30,Constitutional Amendment C: A Constitutional Amendment Requiring Three-Fifths Vote for Approval of Ballot Measures Imposing Taxes or Fees or Obligating over $10 Million,,Yes,,37
Meade,RED OWL #30,Constitutional Amendment C: A Constitutional Amendment Requiring Three-Fifths Vote for Approval of Ballot Measures Imposing Taxes or Fees or Obligating over $10 Million,,No,,32
Meade,RURAL BLACK HAWK #15,Constitutional Amendment C: A Constitutional Amendment Requiring Three-Fifths Vote for Approval of Ballot Measures Imposing Taxes or Fees or Obligating over $10 Million,,Yes,,86
Meade,RURAL BLACK HAWK #15,Constitutional Amendment C: A Constitutional Amendment Requiring Three-Fifths Vote for Approval of Ballot Measures Imposing Taxes or Fees or Obligating over $10 Million,,No,,144
Meade,RURAL STURGIS #7,Constitutional Amendment C: A Constitutional Amendment Requiring Three-Fifths Vote for Approval of Ballot Measures Imposing Taxes or Fees or Obligating over $10 Million,,Yes,,82
Meade,RURAL STURGIS #7,Constitutional Amendment C: A Constitutional Amendment Requiring Three-Fifths Vote for Approval of Ballot Measures Imposing Taxes or Fees or Obligating over $10 Million,,No,,182
Meade,SOUTH STURGIS #2A,Constitutional Amendment C: A Constitutional Amendment Requiring Three-Fifths Vote for Approval of Ballot Measures Imposing Taxes or Fees or Obligating over $10 Million,,Yes,,59
Meade,SOUTH STURGIS #2A,Constitutional Amendment C: A Constitutional Amendment Requiring Three-Fifths Vote for Approval of Ballot Measures Imposing Taxes or Fees or Obligating over $10 Million,,No,,170
Meade,SOUTHEAST PIEDMONT #13,Constitutional Amendment C: A Constitutional Amendment Requiring Three-Fifths Vote for Approval of Ballot Measures Imposing Taxes or Fees or Obligating over $10 Million,,Yes,,171
Meade,SOUTHEAST PIEDMONT #13,Constitutional Amendment C: A Constitutional Amendment Requiring Three-Fifths Vote for Approval of Ballot Measures Imposing Taxes or Fees or Obligating over $10 Million,,No,,305
Meade,SOUTHEAST STURGIS #2,Constitutional Amendment C: A Constitutional Amendment Requiring Three-Fifths Vote for Approval of Ballot Measures Imposing Taxes or Fees or Obligating over $10 Million,,Yes,,84
Meade,SOUTHEAST STURGIS #2,Constitutional Amendment C: A Constitutional Amendment Requiring Three-Fifths Vote for Approval of Ballot Measures Imposing Taxes or Fees or Obligating over $10 Million,,No,,218
Meade,SOUTHWEST STURGIS #4A,Constitutional Amendment C: A Constitutional Amendment Requiring Three-Fifths Vote for Approval of Ballot Measures Imposing Taxes or Fees or Obligating over $10 Million,,Yes,,44
Meade,SOUTHWEST STURGIS #4A,Constitutional Amendment C: A Constitutional Amendment Requiring Three-Fifths Vote for Approval of Ballot Measures Imposing Taxes or Fees or Obligating over $10 Million,,No,,120
Meade,STURGIS #5A,Constitutional Amendment C: A Constitutional Amendment Requiring Three-Fifths Vote for Approval of Ballot Measures Imposing Taxes or Fees or Obligating over $10 Million,,Yes,,33
Meade,STURGIS #5A,Constitutional Amendment C: A Constitutional Amendment Requiring Three-Fifths Vote for Approval of Ballot Measures Imposing Taxes or Fees or Obligating over $10 Million,,No,,101
Meade,SULPHUR #35,Constitutional Amendment C: A Constitutional Amendment Requiring Three-Fifths Vote for Approval of Ballot Measures Imposing Taxes or Fees or Obligating over $10 Million,,Yes,,29
Meade,SULPHUR #35,Constitutional Amendment C: A Constitutional Amendment Requiring Three-Fifths Vote for Approval of Ballot Measures Imposing Taxes or Fees or Obligating over $10 Million,,No,,15
Meade,SUMMERSET #10,Constitutional Amendment C: A Constitutional Amendment Requiring Three-Fifths Vote for Approval of Ballot Measures Imposing Taxes or Fees or Obligating over $10 Million,,Yes,,199
Meade,SUMMERSET #10,Constitutional Amendment C: A Constitutional Amendment Requiring Three-Fifths Vote for Approval of Ballot Measures Imposing Taxes or Fees or Obligating over $10 Million,,No,,373
Meade,TILFORD #6,Constitutional Amendment C: A Constitutional Amendment Requiring Three-Fifths Vote for Approval of Ballot Measures Imposing Taxes or Fees or Obligating over $10 Million,,Yes,,149
Meade,TILFORD #6,Constitutional Amendment C: A Constitutional Amendment Requiring Three-Fifths Vote for Approval of Ballot Measures Imposing Taxes or Fees or Obligating over $10 Million,,No,,272
Meade,UNION #40,Constitutional Amendment C: A Constitutional Amendment Requiring Three-Fifths Vote for Approval of Ballot Measures Imposing Taxes or Fees or Obligating over $10 Million,,Yes,,10
Meade,UNION #40,Constitutional Amendment C: A Constitutional Amendment Requiring Three-Fifths Vote for Approval of Ballot Measures Imposing Taxes or Fees or Obligating over $10 Million,,No,,22
Meade,VIEWFIELD #17,Constitutional Amendment C: A Constitutional Amendment Requiring Three-Fifths Vote for Approval of Ballot Measures Imposing Taxes or Fees or Obligating over $10 Million,,Yes,,44
Meade,VIEWFIELD #17,Constitutional Amendment C: A Constitutional Amendment Requiring Three-Fifths Vote for Approval of Ballot Measures Imposing Taxes or Fees or Obligating over $10 Million,,No,,31
Meade,WEST BLACK HAWK #16,Constitutional Amendment C: A Constitutional Amendment Requiring Three-Fifths Vote for Approval of Ballot Measures Imposing Taxes or Fees or Obligating over $10 Million,,Yes,,75
Meade,WEST BLACK HAWK #16,Constitutional Amendment C: A Constitutional Amendment Requiring Three-Fifths Vote for Approval of Ballot Measures Imposing Taxes or Fees or Obligating over $10 Million,,No,,146
Meade,WEST ELK VALE #24,Constitutional Amendment C: A Constitutional Amendment Requiring Three-Fifths Vote for Approval of Ballot Measures Imposing Taxes or Fees or Obligating over $10 Million,,Yes,,36
Meade,WEST ELK VALE #24,Constitutional Amendment C: A Constitutional Amendment Requiring Three-Fifths Vote for Approval of Ballot Measures Imposing Taxes or Fees or Obligating over $10 Million,,No,,46
Meade,WEST STURGIS #4,Constitutional Amendment C: A Constitutional Amendment Requiring Three-Fifths Vote for Approval of Ballot Measures Imposing Taxes or Fees or Obligating over $10 Million,,Yes,,25
Meade,WEST STURGIS #4,Constitutional Amendment C: A Constitutional Amendment Requiring Three-Fifths Vote for Approval of Ballot Measures Imposing Taxes or Fees or Obligating over $10 Million,,No,,80
Meade,WHITE OWL #25,Constitutional Amendment C: A Constitutional Amendment Requiring Three-Fifths Vote for Approval of Ballot Measures Imposing Taxes or Fees or Obligating over $10 Million,,Yes,,12
Meade,WHITE OWL #25,Constitutional Amendment C: A Constitutional Amendment Requiring Three-Fifths Vote for Approval of Ballot Measures Imposing Taxes or Fees or Obligating over $10 Million,,No,,25
Meade,1-1,State House,28,Mike Derby,REP,592
Meade,1-1,State House,28,Jess Olson,REP,475
Meade,1-1,State House,28,Jodie Frye,REP,331
Meade,1-2,State House,28,Mike Derby,REP,584
Meade,1-2,State House,28,Jess Olson,REP,465
Meade,1-2,State House,28,Jodie Frye,REP,339
Meade,1-3,State House,28,Mike Derby,REP,530
Meade,1-3,State House,28,Jess Olson,REP,418
Meade,1-3,State House,28,Jodie Frye,REP,303
Meade,2-1,State House,28,Mike Derby,REP,86
Meade,2-1,State House,28,Jess Olson,REP,76
Meade,2-1,State House,28,Jodie Frye,REP,55
Meade,2-2,State House,28,Mike Derby,REP,164
Meade,2-2,State House,28,Jess Olson,REP,128
Meade,2-2,State House,28,Jodie Frye,REP,119
Meade,2-3,State House,28,Mike Derby,REP,249
Meade,2-3,State House,28,Jess Olson,REP,216
Meade,2-3,State House,28,Jodie Frye,REP,171
Meade,3-1,State House,28,Mike Derby,REP,480
Meade,3-1,State House,28,Jess Olson,REP,390
Meade,3-1,State House,28,Jodie Frye,REP,346
Meade,4-1,State House,28,Mike Derby,REP,148
Meade,4-1,State House,28,Jess Olson,REP,130
Meade,4-1,State House,28,Jodie Frye,REP,124
Meade,1-1,State House,35,Tony Randolph,REP,167
Meade,1-1,State House,35,Elizabeth Regalado,REP,90
Meade,1-1,State House,35,Larry G. Larson,REP,111
Meade,1-1,State House,35,Tina L Mulally,REP,147
Meade,1-2,State House,35,Tony Randolph,REP,174
Meade,1-2,State House,35,Elizabeth Regalado,REP,109
Meade,1-2,State House,35,Larry G. Larson,REP,109
Meade,1-2,State House,35,Tina L Mulally,REP,139
Meade,1-3,State House,35,Tony Randolph,REP,85
Meade,1-3,State House,35,Elizabeth Regalado,REP,63
Meade,1-3,State House,35,Larry G. Larson,REP,64
Meade,1-3,State House,35,Tina L Mulally,REP,90
Meade,2-1,State House,35,Tony Randolph,REP,74
Meade,2-1,State House,35,Elizabeth Regalado,REP,44
Meade,2-1,State House,35,Larry G. Larson,REP,43
Meade,2-1,State House,35,Tina L Mulally,REP,58
Meade,3-1,State House,35,Tony Randolph,REP,176
Meade,3-1,State House,35,Elizabeth Regalado,REP,65
Meade,3-1,State House,35,Larry G. Larson,REP,74
Meade,3-1,State House,35,Tina L Mulally,REP,193
Meade,3-2,State House,35,Tony Randolph,REP,218
Meade,3-2,State House,35,Elizabeth Regalado,REP,182
Meade,3-2,State House,35,Larry G. Larson,REP,224
Meade,3-2,State House,35,Tina L Mulally,REP,245
Meade,4-1,State House,35,Tony Randolph,REP,21
Meade,4-1,State House,35,Elizabeth Regalado,REP,17
Meade,4-1,State House,35,Larry G. Larson,REP,17
Meade,4-1,State House,35,Tina L Mulally,REP,26
Meade,4-2,State House,35,Tony Randolph,REP,197
Meade,4-2,State House,35,Elizabeth Regalado,REP,121
Meade,4-2,State House,35,Larry G. Larson,REP,106
Meade,4-2,State House,35,Tina L Mulally,REP,181
Meade,4-3,State House,35,Tony Randolph,REP,208
Meade,4-3,State House,35,Elizabeth Regalado,REP,94
Meade,4-3,State House,35,Larry G. Larson,REP,111
Meade,4-3,State House,35,Tina L Mulally,REP,202
Mellette,2,U.S. Senate,,John R. Thune,REP,42
Mellette,2,U.S. Senate,,Bruce Whalen,REP,16
Mellette,2,U.S. Senate,,Mark Mowry,REP,9
Mellette,3,U.S. Senate,,John R. Thune,REP,37
Mellette,3,U.S. Senate,,Bruce Whalen,REP,13
Mellette,3,U.S. Senate,,Mark Mowry,REP,16
Mellette,5,U.S. Senate,,John R. Thune,REP,30
Mellette,5,U.S. Senate,,Bruce Whalen,REP,9
Mellette,5,U.S. Senate,,Mark Mowry,REP,9
Mellette,6,U.S. Senate,,John R. Thune,REP,36
Mellette,6,U.S. Senate,,Bruce Whalen,REP,19
Mellette,6,U.S. Senate,,Mark Mowry,REP,8
Mellette,2,U.S. House,1,Dusty Johnson,REP,36
Mellette,2,U.S. House,1,Taffy Howard,REP,29
Mellette,3,U.S. House,1,Dusty Johnson,REP,26
Mellette,3,U.S. House,1,Taffy Howard,REP,40
Mellette,5,U.S. House,1,Dusty Johnson,REP,32
Mellette,5,U.S. House,1,Taffy Howard,REP,16
Mellette,6,U.S. House,1,Dusty Johnson,REP,20
Mellette,6,U.S. House,1,Taffy Howard,REP,43
Mellette,2,Governor,,Steven Haugaard,REP,13
Mellette,2,Governor,,Kristi Noem,REP,54
Mellette,3,Governor,,Steven Haugaard,REP,9
Mellette,3,Governor,,Kristi Noem,REP,57
Mellette,5,Governor,,Steven Haugaard,REP,14
Mellette,5,Governor,,Kristi Noem,REP,36
Mellette,6,Governor,,Steven Haugaard,REP,12
Mellette,6,Governor,,Kristi Noem,REP,52
Mellette,2,State House,26A,Alexandra Frederick,DEM,9
Mellette,2,State House,26A,Eric Emery,DEM,9
Mellette,3,State House,26A,Alexandra Frederick,DEM,10
Mellette,3,State House,26A,Eric Emery,DEM,4
Mellette,5,State House,26A,Alexandra Frederick,DEM,14
Mellette,5,State House,26A,Eric Emery,DEM,17
Mellette,6,State House,26A,Alexandra Frederick,DEM,14
Mellette,6,State House,26A,Eric Emery,DEM,10
Mellette,2,State House,26A,Ron Frederick,REP,26
Mellette,2,State House,26A,Joyce Glynn,REP,39
Mellette,3,State House,26A,Ron Frederick,REP,14
Mellette,3,State House,26A,Joyce Glynn,REP,48
Mellette,5,State House,26A,Ron Frederick,REP,15
Mellette,5,State House,26A,Joyce Glynn,REP,33
Mellette,6,State House,26A,Ron Frederick,REP,33
Mellette,6,State House,26A,Joyce Glynn,REP,30
Mellette,2,Constitutional Amendment C: A Constitutional Amendment Requiring Three-Fifths Vote for Approval of Ballot Measures Imposing Taxes or Fees or Obligating over $10 Million,,Yes,,38
Mellette,2,Constitutional Amendment C: A Constitutional Amendment Requiring Three-Fifths Vote for Approval of Ballot Measures Imposing Taxes or Fees or Obligating over $10 Million,,No,,58
Mellette,3,Constitutional Amendment C: A Constitutional Amendment Requiring Three-Fifths Vote for Approval of Ballot Measures Imposing Taxes or Fees or Obligating over $10 Million,,Yes,,34
Mellette,3,Constitutional Amendment C: A Constitutional Amendment Requiring Three-Fifths Vote for Approval of Ballot Measures Imposing Taxes or Fees or Obligating over $10 Million,,No,,52
Mellette,5,Constitutional Amendment C: A Constitutional Amendment Requiring Three-Fifths Vote for Approval of Ballot Measures Imposing Taxes or Fees or Obligating over $10 Million,,Yes,,20
Mellette,5,Constitutional Amendment C: A Constitutional Amendment Requiring Three-Fifths Vote for Approval of Ballot Measures Imposing Taxes or Fees or Obligating over $10 Million,,No,,61
Mellette,6,Constitutional Amendment C: A Constitutional Amendment Requiring Three-Fifths Vote for Approval of Ballot Measures Imposing Taxes or Fees or Obligating over $10 Million,,Yes,,31
Mellette,6,Constitutional Amendment C: A Constitutional Amendment Requiring Three-Fifths Vote for Approval of Ballot Measures Imposing Taxes or Fees or Obligating over $10 Million,,No,,59
Miner,1,Constitutional Amendment C: A Constitutional Amendment Requiring Three-Fifths Vote for Approval of Ballot Measures Imposing Taxes or Fees or Obligating over $10 Million,,Yes,,17
Miner,1,Constitutional Amendment C: A Constitutional Amendment Requiring Three-Fifths Vote for Approval of Ballot Measures Imposing Taxes or Fees or Obligating over $10 Million,,No,,53
Miner,2,Constitutional Amendment C: A Constitutional Amendment Requiring Three-Fifths Vote for Approval of Ballot Measures Imposing Taxes or Fees or Obligating over $10 Million,,Yes,,9
Miner,2,Constitutional Amendment C: A Constitutional Amendment Requiring Three-Fifths Vote for Approval of Ballot Measures Imposing Taxes or Fees or Obligating over $10 Million,,No,,44
Miner,3,Constitutional Amendment C: A Constitutional Amendment Requiring Three-Fifths Vote for Approval of Ballot Measures Imposing Taxes or Fees or Obligating over $10 Million,,Yes,,11
Miner,3,Constitutional Amendment C: A Constitutional Amendment Requiring Three-Fifths Vote for Approval of Ballot Measures Imposing Taxes or Fees or Obligating over $10 Million,,No,,46
Miner,4,Constitutional Amendment C: A Constitutional Amendment Requiring Three-Fifths Vote for Approval of Ballot Measures Imposing Taxes or Fees or Obligating over $10 Million,,Yes,,16
Miner,4,Constitutional Amendment C: A Constitutional Amendment Requiring Three-Fifths Vote for Approval of Ballot Measures Imposing Taxes or Fees or Obligating over $10 Million,,No,,37
Miner,5,Constitutional Amendment C: A Constitutional Amendment Requiring Three-Fifths Vote for Approval of Ballot Measures Imposing Taxes or Fees or Obligating over $10 Million,,Yes,,7
Miner,5,Constitutional Amendment C: A Constitutional Amendment Requiring Three-Fifths Vote for Approval of Ballot Measures Imposing Taxes or Fees or Obligating over $10 Million,,No,,34
Miner,6,Constitutional Amendment C: A Constitutional Amendment Requiring Three-Fifths Vote for Approval of Ballot Measures Imposing Taxes or Fees or Obligating over $10 Million,,Yes,,36
Miner,6,Constitutional Amendment C: A Constitutional Amendment Requiring Three-Fifths Vote for Approval of Ballot Measures Imposing Taxes or Fees or Obligating over $10 Million,,No,,65
Miner,7,Constitutional Amendment C: A Constitutional Amendment Requiring Three-Fifths Vote for Approval of Ballot Measures Imposing Taxes or Fees or Obligating over $10 Million,,Yes,,19
Miner,7,Constitutional Amendment C: A Constitutional Amendment Requiring Three-Fifths Vote for Approval of Ballot Measures Imposing Taxes or Fees or Obligating over $10 Million,,No,,68
Miner,8,Constitutional Amendment C: A Constitutional Amendment Requiring Three-Fifths Vote for Approval of Ballot Measures Imposing Taxes or Fees or Obligating over $10 Million,,Yes,,16
Miner,8,Constitutional Amendment C: A Constitutional Amendment Requiring Three-Fifths Vote for Approval of Ballot Measures Imposing Taxes or Fees or Obligating over $10 Million,,No,,41
Miner,1,State House,8,Lecia Summerer,REP,5
Miner,1,State House,8,John Mills,REP,8
Miner,1,State House,8,Tim Reisch,REP,38
Miner,2,State House,8,Lecia Summerer,REP,1
Miner,2,State House,8,John Mills,REP,8
Miner,2,State House,8,Tim Reisch,REP,29
Miner,3,State House,8,Lecia Summerer,REP,1
Miner,3,State House,8,John Mills,REP,5
Miner,3,State House,8,Tim Reisch,REP,30
Miner,4,State House,8,Lecia Summerer,REP,6
Miner,4,State House,8,John Mills,REP,11
Miner,4,State House,8,Tim Reisch,REP,33
Miner,6,State House,8,Lecia Summerer,REP,10
Miner,6,State House,8,John Mills,REP,17
Miner,6,State House,8,Tim Reisch,REP,64
Miner,7,State House,8,Lecia Summerer,REP,8
Miner,7,State House,8,John Mills,REP,13
Miner,7,State House,8,Tim Reisch,REP,43
Miner,8,State House,8,Lecia Summerer,REP,2
Miner,8,State House,8,John Mills,REP,12
Miner,8,State House,8,Tim Reisch,REP,37
Miner,5,State House,20,Ben Krohmer,REP,14
Miner,5,State House,20,Jeff Bathke,REP,10
Miner,5,State House,20,Lance Koth,REP,6
Miner,1,State Senate,8,Heather DeVries,REP,5
Miner,1,State Senate,8,Casey Crabtree,REP,32
Miner,2,State Senate,8,Heather DeVries,REP,2
Miner,2,State Senate,8,Casey Crabtree,REP,27
Miner,3,State Senate,8,Heather DeVries,REP,0
Miner,3,State Senate,8,Casey Crabtree,REP,29
Miner,4,State Senate,8,Heather DeVries,REP,5
Miner,4,State Senate,8,Casey Crabtree,REP,26
Miner,6,State Senate,8,Heather DeVries,REP,8
Miner,6,State Senate,8,Casey Crabtree,REP,58
Miner,7,State Senate,8,Heather DeVries,REP,5
Miner,7,State Senate,8,Casey Crabtree,REP,35
Miner,8,State Senate,8,Heather DeVries,REP,8
Miner,8,State Senate,8,Casey Crabtree,REP,28
Miner,1,Governor,,Steven Haugaard,REP,9
Miner,1,Governor,,Kristi Noem,REP,31
Miner,2,Governor,,Steven Haugaard,REP,4
Miner,2,Governor,,Kristi Noem,REP,25
Miner,3,Governor,,Steven Haugaard,REP,5
Miner,3,Governor,,Kristi Noem,REP,25
Miner,4,Governor,,Steven Haugaard,REP,5
Miner,4,Governor,,Kristi Noem,REP,30
Miner,5,Governor,,Steven Haugaard,REP,5
Miner,5,Governor,,Kristi Noem,REP,21
Miner,6,Governor,,Steven Haugaard,REP,10
Miner,6,Governor,,Kristi Noem,REP,60
Miner,7,Governor,,Steven Haugaard,REP,12
Miner,7,Governor,,Kristi Noem,REP,33
Miner,8,Governor,,Steven Haugaard,REP,5
Miner,8,Governor,,Kristi Noem,REP,35
Miner,1,U.S. House,1,Dusty Johnson,REP,23
Miner,1,U.S. House,1,Taffy Howard,REP,14
Miner,2,U.S. House,1,Dusty Johnson,REP,20
Miner,2,U.S. House,1,Taffy Howard,REP,9
Miner,3,U.S. House,1,Dusty Johnson,REP,25
Miner,3,U.S. House,1,Taffy Howard,REP,5
Miner,4,U.S. House,1,Dusty Johnson,REP,24
Miner,4,U.S. House,1,Taffy Howard,REP,10
Miner,5,U.S. House,1,Dusty Johnson,REP,16
Miner,5,U.S. House,1,Taffy Howard,REP,10
Miner,6,U.S. House,1,Dusty Johnson,REP,44
Miner,6,U.S. House,1,Taffy Howard,REP,22
Miner,7,U.S. House,1,Dusty Johnson,REP,29
Miner,7,U.S. House,1,Taffy Howard,REP,17
Miner,8,U.S. House,1,Dusty Johnson,REP,22
Miner,8,U.S. House,1,Taffy Howard,REP,16
Miner,1,U.S. Senate,,John R. Thune,REP,34
Miner,1,U.S. Senate,,Bruce Whalen,REP,3
Miner,1,U.S. Senate,,Mark Mowry,REP,4
Miner,2,U.S. Senate,,John R. Thune,REP,24
Miner,2,U.S. Senate,,Bruce Whalen,REP,3
Miner,2,U.S. Senate,,Mark Mowry,REP,1
Miner,3,U.S. Senate,,John R. Thune,REP,28
Miner,3,U.S. Senate,,Bruce Whalen,REP,2
Miner,3,U.S. Senate,,Mark Mowry,REP,0
Miner,4,U.S. Senate,,John R. Thune,REP,30
Miner,4,U.S. Senate,,Bruce Whalen,REP,5
Miner,4,U.S. Senate,,Mark Mowry,REP,0
Miner,5,U.S. Senate,,John R. Thune,REP,18
Miner,5,U.S. Senate,,Bruce Whalen,REP,5
Miner,5,U.S. Senate,,Mark Mowry,REP,2
Miner,6,U.S. Senate,,John R. Thune,REP,54
Miner,6,U.S. Senate,,Bruce Whalen,REP,13
Miner,6,U.S. Senate,,Mark Mowry,REP,0
Miner,7,U.S. Senate,,John R. Thune,REP,31
Miner,7,U.S. Senate,,Bruce Whalen,REP,6
Miner,7,U.S. Senate,,Mark Mowry,REP,5
Miner,8,U.S. Senate,,John R. Thune,REP,26
Miner,8,U.S. Senate,,Bruce Whalen,REP,9
Miner,8,U.S. Senate,,Mark Mowry,REP,2
Minnehaha,"02-Norway & Fairview, Fairview, Inc",Delegates to State Convention,,Gary Schuster,REP,42
Minnehaha,"02-Norway & Fairview, Fairview, Inc",Delegates to State Convention,,Jay M Lems,REP,59
Minnehaha,"02-Norway & Fairview, Fairview, Inc",Delegates to State Convention,,Trish Murphy,REP,20
Minnehaha,"02-Norway & Fairview, Fairview, Inc",Delegates to State Convention,,Sara Steever,REP,44
Minnehaha,"02-Norway & Fairview, Fairview, Inc",Delegates to State Convention,,Noah Greble,REP,16
Minnehaha,"02-Norway & Fairview, Fairview, Inc",Delegates to State Convention,,Gerry Grouzis,REP,4
Minnehaha,06-Highland & Canton,Delegates to State Convention,,Gary Schuster,REP,41
Minnehaha,06-Highland & Canton,Delegates to State Convention,,Jay M Lems,REP,78
Minnehaha,06-Highland & Canton,Delegates to State Convention,,Trish Murphy,REP,41
Minnehaha,06-Highland & Canton,Delegates to State Convention,,Sara Steever,REP,65
Minnehaha,06-Highland & Canton,Delegates to State Convention,,Noah Greble,REP,27
Minnehaha,06-Highland & Canton,Delegates to State Convention,,Gerry Grouzis,REP,18
Minnehaha,08-Lincoln & Delaware,Delegates to State Convention,,Gary Schuster,REP,20
Minnehaha,08-Lincoln & Delaware,Delegates to State Convention,,Jay M Lems,REP,23
Minnehaha,08-Lincoln & Delaware,Delegates to State Convention,,Trish Murphy,REP,12
Minnehaha,08-Lincoln & Delaware,Delegates to State Convention,,Sara Steever,REP,22
Minnehaha,08-Lincoln & Delaware,Delegates to State Convention,,Noah Greble,REP,16
Minnehaha,08-Lincoln & Delaware,Delegates to State Convention,,Gerry Grouzis,REP,8
Minnehaha,11-Grant,Delegates to State Convention,,Gary Schuster,REP,13
Minnehaha,11-Grant,Delegates to State Convention,,Jay M Lems,REP,16
Minnehaha,11-Grant,Delegates to State Convention,,Trish Murphy,REP,17
Minnehaha,11-Grant,Delegates to State Convention,,Sara Steever,REP,29
Minnehaha,11-Grant,Delegates to State Convention,,Noah Greble,REP,8
Minnehaha,11-Grant,Delegates to State Convention,,Gerry Grouzis,REP,4
Minnehaha,12-Dayton,Delegates to State Convention,,Gary Schuster,REP,54
Minnehaha,12-Dayton,Delegates to State Convention,,Jay M Lems,REP,82
Minnehaha,12-Dayton,Delegates to State Convention,,Trish Murphy,REP,21
Minnehaha,12-Dayton,Delegates to State Convention,,Sara Steever,REP,63
Minnehaha,12-Dayton,Delegates to State Convention,,Noah Greble,REP,22
Minnehaha,12-Dayton,Delegates to State Convention,,Gerry Grouzis,REP,11
Minnehaha,13-LaValley,Delegates to State Convention,,Gary Schuster,REP,36
Minnehaha,13-LaValley,Delegates to State Convention,,Jay M Lems,REP,42
Minnehaha,13-LaValley,Delegates to State Convention,,Trish Murphy,REP,27
Minnehaha,13-LaValley,Delegates to State Convention,,Sara Steever,REP,44
Minnehaha,13-LaValley,Delegates to State Convention,,Noah Greble,REP,16
Minnehaha,13-LaValley,Delegates to State Convention,,Gerry Grouzis,REP,7
Minnehaha,14-Perry,Delegates to State Convention,,Gary Schuster,REP,36
Minnehaha,14-Perry,Delegates to State Convention,,Jay M Lems,REP,36
Minnehaha,14-Perry,Delegates to State Convention,,Trish Murphy,REP,26
Minnehaha,14-Perry,Delegates to State Convention,,Sara Steever,REP,83
Minnehaha,14-Perry,Delegates to State Convention,,Noah Greble,REP,23
Minnehaha,14-Perry,Delegates to State Convention,,Gerry Grouzis,REP,7
Minnehaha,15-Springdale,Delegates to State Convention,,Gary Schuster,REP,106
Minnehaha,15-Springdale,Delegates to State Convention,,Jay M Lems,REP,98
Minnehaha,15-Springdale,Delegates to State Convention,,Trish Murphy,REP,85
Minnehaha,15-Springdale,Delegates to State Convention,,Sara Steever,REP,104
Minnehaha,15-Springdale,Delegates to State Convention,,Noah Greble,REP,66
Minnehaha,15-Springdale,Delegates to State Convention,,Gerry Grouzis,REP,21
Minnehaha,16-Delapre,Delegates to State Convention,,Gary Schuster,REP,91
Minnehaha,16-Delapre,Delegates to State Convention,,Jay M Lems,REP,71
Minnehaha,16-Delapre,Delegates to State Convention,,Trish Murphy,REP,52
Minnehaha,16-Delapre,Delegates to State Convention,,Sara Steever,REP,105
Minnehaha,16-Delapre,Delegates to State Convention,,Noah Greble,REP,44
Minnehaha,16-Delapre,Delegates to State Convention,,Gerry Grouzis,REP,17
Minnehaha,"20-Canton 1, 2, 3",Delegates to State Convention,,Gary Schuster,REP,71
Minnehaha,"20-Canton 1, 2, 3",Delegates to State Convention,,Jay M Lems,REP,140
Minnehaha,"20-Canton 1, 2, 3",Delegates to State Convention,,Trish Murphy,REP,65
Minnehaha,"20-Canton 1, 2, 3",Delegates to State Convention,,Sara Steever,REP,89
Minnehaha,"20-Canton 1, 2, 3",Delegates to State Convention,,Noah Greble,REP,65
Minnehaha,"20-Canton 1, 2, 3",Delegates to State Convention,,Gerry Grouzis,REP,31
Minnehaha,21-Hudson & Eden,Delegates to State Convention,,Gary Schuster,REP,14
Minnehaha,21-Hudson & Eden,Delegates to State Convention,,Jay M Lems,REP,19
Minnehaha,21-Hudson & Eden,Delegates to State Convention,,Trish Murphy,REP,14
Minnehaha,21-Hudson & Eden,Delegates to State Convention,,Sara Steever,REP,14
Minnehaha,21-Hudson & Eden,Delegates to State Convention,,Noah Greble,REP,10
Minnehaha,21-Hudson & Eden,Delegates to State Convention,,Gerry Grouzis,REP,4
Minnehaha,23-Worthing & Lynn,Delegates to State Convention,,Gary Schuster,REP,44
Minnehaha,23-Worthing & Lynn,Delegates to State Convention,,Jay M Lems,REP,37
Minnehaha,23-Worthing & Lynn,Delegates to State Convention,,Trish Murphy,REP,34
Minnehaha,23-Worthing & Lynn,Delegates to State Convention,,Sara Steever,REP,51
Minnehaha,23-Worthing & Lynn,Delegates to State Convention,,Noah Greble,REP,20
Minnehaha,23-Worthing & Lynn,Delegates to State Convention,,Gerry Grouzis,REP,4
Minnehaha,24-Tea,Delegates to State Convention,,Gary Schuster,REP,144
Minnehaha,24-Tea,Delegates to State Convention,,Jay M Lems,REP,90
Minnehaha,24-Tea,Delegates to State Convention,,Trish Murphy,REP,131
Minnehaha,24-Tea,Delegates to State Convention,,Sara Steever,REP,149
Minnehaha,24-Tea,Delegates to State Convention,,Noah Greble,REP,99
Minnehaha,24-Tea,Delegates to State Convention,,Gerry Grouzis,REP,42
Minnehaha,25-Lennox,Delegates to State Convention,,Gary Schuster,REP,86
Minnehaha,25-Lennox,Delegates to State Convention,,Jay M Lems,REP,93
Minnehaha,25-Lennox,Delegates to State Convention,,Trish Murphy,REP,63
Minnehaha,25-Lennox,Delegates to State Convention,,Sara Steever,REP,146
Minnehaha,25-Lennox,Delegates to State Convention,,Noah Greble,REP,51
Minnehaha,25-Lennox,Delegates to State Convention,,Gerry Grouzis,REP,14
Minnehaha,"26-Brooklyn & Pleasant, Beresford",Delegates to State Convention,,Gary Schuster,REP,50
Minnehaha,"26-Brooklyn & Pleasant, Beresford",Delegates to State Convention,,Jay M Lems,REP,54
Minnehaha,"26-Brooklyn & Pleasant, Beresford",Delegates to State Convention,,Trish Murphy,REP,36
Minnehaha,"26-Brooklyn & Pleasant, Beresford",Delegates to State Convention,,Sara Steever,REP,54
Minnehaha,"26-Brooklyn & Pleasant, Beresford",Delegates to State Convention,,Noah Greble,REP,25
Minnehaha,"26-Brooklyn & Pleasant, Beresford",Delegates to State Convention,,Gerry Grouzis,REP,12
Minnehaha,27-Harrisburg 1,Delegates to State Convention,,Gary Schuster,REP,71
Minnehaha,27-Harrisburg 1,Delegates to State Convention,,Jay M Lems,REP,55
Minnehaha,27-Harrisburg 1,Delegates to State Convention,,Trish Murphy,REP,68
Minnehaha,27-Harrisburg 1,Delegates to State Convention,,Sara Steever,REP,73
Minnehaha,27-Harrisburg 1,Delegates to State Convention,,Noah Greble,REP,62
Minnehaha,27-Harrisburg 1,Delegates to State Convention,,Gerry Grouzis,REP,29
Minnehaha,29-Harrisburg 2,Delegates to State Convention,,Gary Schuster,REP,56
Minnehaha,29-Harrisburg 2,Delegates to State Convention,,Jay M Lems,REP,35
Minnehaha,29-Harrisburg 2,Delegates to State Convention,,Trish Murphy,REP,62
Minnehaha,29-Harrisburg 2,Delegates to State Convention,,Sara Steever,REP,67
Minnehaha,29-Harrisburg 2,Delegates to State Convention,,Noah Greble,REP,46
Minnehaha,29-Harrisburg 2,Delegates to State Convention,,Gerry Grouzis,REP,16
Minnehaha,30-Canton 4 & 5,Delegates to State Convention,,Gary Schuster,REP,34
Minnehaha,30-Canton 4 & 5,Delegates to State Convention,,Jay M Lems,REP,53
Minnehaha,30-Canton 4 & 5,Delegates to State Convention,,Trish Murphy,REP,25
Minnehaha,30-Canton 4 & 5,Delegates to State Convention,,Sara Steever,REP,39
Minnehaha,30-Canton 4 & 5,Delegates to State Convention,,Noah Greble,REP,22
Minnehaha,30-Canton 4 & 5,Delegates to State Convention,,Gerry Grouzis,REP,8
Minnehaha,Sioux Falls 1-11,Delegates to State Convention,,Gary Schuster,REP,235
Minnehaha,Sioux Falls 1-11,Delegates to State Convention,,Jay M Lems,REP,109
Minnehaha,Sioux Falls 1-11,Delegates to State Convention,,Trish Murphy,REP,114
Minnehaha,Sioux Falls 1-11,Delegates to State Convention,,Sara Steever,REP,129
Minnehaha,Sioux Falls 1-11,Delegates to State Convention,,Noah Greble,REP,110
Minnehaha,Sioux Falls 1-11,Delegates to State Convention,,Gerry Grouzis,REP,22
Minnehaha,Sioux Falls 1-12,Delegates to State Convention,,Gary Schuster,REP,143
Minnehaha,Sioux Falls 1-12,Delegates to State Convention,,Jay M Lems,REP,57
Minnehaha,Sioux Falls 1-12,Delegates to State Convention,,Trish Murphy,REP,100
Minnehaha,Sioux Falls 1-12,Delegates to State Convention,,Sara Steever,REP,99
Minnehaha,Sioux Falls 1-12,Delegates to State Convention,,Noah Greble,REP,68
Minnehaha,Sioux Falls 1-12,Delegates to State Convention,,Gerry Grouzis,REP,19
Minnehaha,Sioux Falls 1-13,Delegates to State Convention,,Gary Schuster,REP,55
Minnehaha,Sioux Falls 1-13,Delegates to State Convention,,Jay M Lems,REP,34
Minnehaha,Sioux Falls 1-13,Delegates to State Convention,,Trish Murphy,REP,40
Minnehaha,Sioux Falls 1-13,Delegates to State Convention,,Sara Steever,REP,36
Minnehaha,Sioux Falls 1-13,Delegates to State Convention,,Noah Greble,REP,25
Minnehaha,Sioux Falls 1-13,Delegates to State Convention,,Gerry Grouzis,REP,11
Minnehaha,Sioux Falls 1-14,Delegates to State Convention,,Gary Schuster,REP,59
Minnehaha,Sioux Falls 1-14,Delegates to State Convention,,Jay M Lems,REP,30
Minnehaha,Sioux Falls 1-14,Delegates to State Convention,,Trish Murphy,REP,53
Minnehaha,Sioux Falls 1-14,Delegates to State Convention,,Sara Steever,REP,53
Minnehaha,Sioux Falls 1-14,Delegates to State Convention,,Noah Greble,REP,23
Minnehaha,Sioux Falls 1-14,Delegates to State Convention,,Gerry Grouzis,REP,8
Minnehaha,Sioux Falls 1-15,Delegates to State Convention,,Gary Schuster,REP,84
Minnehaha,Sioux Falls 1-15,Delegates to State Convention,,Jay M Lems,REP,19
Minnehaha,Sioux Falls 1-15,Delegates to State Convention,,Trish Murphy,REP,58
Minnehaha,Sioux Falls 1-15,Delegates to State Convention,,Sara Steever,REP,44
Minnehaha,Sioux Falls 1-15,Delegates to State Convention,,Noah Greble,REP,42
Minnehaha,Sioux Falls 1-15,Delegates to State Convention,,Gerry Grouzis,REP,7
Minnehaha,Sioux Falls 1-16,Delegates to State Convention,,Gary Schuster,REP,56
Minnehaha,Sioux Falls 1-16,Delegates to State Convention,,Jay M Lems,REP,22
Minnehaha,Sioux Falls 1-16,Delegates to State Convention,,Trish Murphy,REP,44
Minnehaha,Sioux Falls 1-16,Delegates to State Convention,,Sara Steever,REP,40
Minnehaha,Sioux Falls 1-16,Delegates to State Convention,,Noah Greble,REP,32
Minnehaha,Sioux Falls 1-16,Delegates to State Convention,,Gerry Grouzis,REP,18
Minnehaha,Sioux Falls 1-18,Delegates to State Convention,,Gary Schuster,REP,118
Minnehaha,Sioux Falls 1-18,Delegates to State Convention,,Jay M Lems,REP,47
Minnehaha,Sioux Falls 1-18,Delegates to State Convention,,Trish Murphy,REP,81
Minnehaha,Sioux Falls 1-18,Delegates to State Convention,,Sara Steever,REP,79
Minnehaha,Sioux Falls 1-18,Delegates to State Convention,,Noah Greble,REP,74
Minnehaha,Sioux Falls 1-18,Delegates to State Convention,,Gerry Grouzis,REP,18
Minnehaha,Sioux Falls 2-10,Delegates to State Convention,,Gary Schuster,REP,151
Minnehaha,Sioux Falls 2-10,Delegates to State Convention,,Jay M Lems,REP,80
Minnehaha,Sioux Falls 2-10,Delegates to State Convention,,Trish Murphy,REP,139
Minnehaha,Sioux Falls 2-10,Delegates to State Convention,,Sara Steever,REP,142
Minnehaha,Sioux Falls 2-10,Delegates to State Convention,,Noah Greble,REP,113
Minnehaha,Sioux Falls 2-10,Delegates to State Convention,,Gerry Grouzis,REP,34
Minnehaha,Sioux Falls 2-11,Delegates to State Convention,,Gary Schuster,REP,192
Minnehaha,Sioux Falls 2-11,Delegates to State Convention,,Jay M Lems,REP,145
Minnehaha,Sioux Falls 2-11,Delegates to State Convention,,Trish Murphy,REP,164
Minnehaha,Sioux Falls 2-11,Delegates to State Convention,,Sara Steever,REP,185
Minnehaha,Sioux Falls 2-11,Delegates to State Convention,,Noah Greble,REP,119
Minnehaha,Sioux Falls 2-11,Delegates to State Convention,,Gerry Grouzis,REP,46
Minnehaha,Sioux Falls 2-12,Delegates to State Convention,,Gary Schuster,REP,55
Minnehaha,Sioux Falls 2-12,Delegates to State Convention,,Jay M Lems,REP,45
Minnehaha,Sioux Falls 2-12,Delegates to State Convention,,Trish Murphy,REP,49
Minnehaha,Sioux Falls 2-12,Delegates to State Convention,,Sara Steever,REP,59
Minnehaha,Sioux Falls 2-12,Delegates to State Convention,,Noah Greble,REP,43
Minnehaha,Sioux Falls 2-12,Delegates to State Convention,,Gerry Grouzis,REP,21
Minnehaha,Sioux Falls 2-13,Delegates to State Convention,,Gary Schuster,REP,153
Minnehaha,Sioux Falls 2-13,Delegates to State Convention,,Jay M Lems,REP,107
Minnehaha,Sioux Falls 2-13,Delegates to State Convention,,Trish Murphy,REP,119
Minnehaha,Sioux Falls 2-13,Delegates to State Convention,,Sara Steever,REP,162
Minnehaha,Sioux Falls 2-13,Delegates to State Convention,,Noah Greble,REP,97
Minnehaha,Sioux Falls 2-13,Delegates to State Convention,,Gerry Grouzis,REP,30
Minnehaha,Sioux Falls 2-15,Delegates to State Convention,,Gary Schuster,REP,95
Minnehaha,Sioux Falls 2-15,Delegates to State Convention,,Jay M Lems,REP,63
Minnehaha,Sioux Falls 2-15,Delegates to State Convention,,Trish Murphy,REP,102
Minnehaha,Sioux Falls 2-15,Delegates to State Convention,,Sara Steever,REP,96
Minnehaha,Sioux Falls 2-15,Delegates to State Convention,,Noah Greble,REP,63
Minnehaha,Sioux Falls 2-15,Delegates to State Convention,,Gerry Grouzis,REP,31
Minnehaha,Sioux Falls 2-16,Delegates to State Convention,,Gary Schuster,REP,139
Minnehaha,Sioux Falls 2-16,Delegates to State Convention,,Jay M Lems,REP,98
Minnehaha,Sioux Falls 2-16,Delegates to State Convention,,Trish Murphy,REP,99
Minnehaha,Sioux Falls 2-16,Delegates to State Convention,,Sara Steever,REP,107
Minnehaha,Sioux Falls 2-16,Delegates to State Convention,,Noah Greble,REP,79
Minnehaha,Sioux Falls 2-16,Delegates to State Convention,,Gerry Grouzis,REP,24
Minnehaha,"02-Norway & Fairview, Fairview, Inc","Precinct Committeeman 02-Norway & Fairview, Fairview, Inc",,David L. Anderson,REP,47
Minnehaha,"02-Norway & Fairview, Fairview, Inc","Precinct Committeeman 02-Norway & Fairview, Fairview, Inc",,Scot Montgomery,REP,51
Minnehaha,24-Tea,Precinct Committeeman 24-Tea,,Isaac Latterell,REP,170
Minnehaha,24-Tea,Precinct Committeeman 24-Tea,,Nathan Block,REP,152
Minnehaha,Sioux Falls 1-11,Precinct Committeeman Sioux Falls 1-11,,James Barnett,REP,185
Minnehaha,Sioux Falls 1-11,Precinct Committeeman Sioux Falls 1-11,,Manford J. Steele,REP,197
Minnehaha,Sioux Falls 1-12,Precinct Committeeman Sioux Falls 1-12,,Arch Beal,REP,218
Minnehaha,Sioux Falls 1-12,Precinct Committeeman Sioux Falls 1-12,,Donald Joseph Livermont,REP,47
Minnehaha,Sioux Falls 1-15,Precinct Committeeman Sioux Falls 1-15,,Donald Roesler,REP,40
Minnehaha,Sioux Falls 1-15,Precinct Committeeman Sioux Falls 1-15,,Dennis Bosma,REP,57
Minnehaha,Sioux Falls 1-18,Precinct Committeeman Sioux Falls 1-18,,Chad Bishop,REP,59
Minnehaha,Sioux Falls 1-18,Precinct Committeeman Sioux Falls 1-18,,Trenton Lee Arlint,REP,95
Minnehaha,Sioux Falls 1-18,Precinct Committeeman Sioux Falls 1-18,,Thomas Von Wald,REP,43
Minnehaha,Sioux Falls 2-11,Precinct Committeeman Sioux Falls 2-11,,Tony Venhuizen,REP,438
Minnehaha,Sioux Falls 2-11,Precinct Committeeman Sioux Falls 2-11,,Rex C Keller,REP,175
Minnehaha,Sioux Falls 2-15,Precinct Committeeman Sioux Falls 2-15,,Bradley Jankord,REP,82
Minnehaha,Sioux Falls 2-15,Precinct Committeeman Sioux Falls 2-15,,Joel Arends,REP,188
Minnehaha,Sioux Falls 2-16,Precinct Committeeman Sioux Falls 2-16,,Ellison Lee Hayenga,REP,25
Minnehaha,Sioux Falls 2-16,Precinct Committeeman Sioux Falls 2-16,,Adam Broin,REP,79
Minnehaha,Sioux Falls 2-16,Precinct Committeeman Sioux Falls 2-16,,David H. Hunhoff,REP,101
Minnehaha,"02-Norway & Fairview, Fairview, Inc","Precinct Committeewoman 02-Norway & Fairview, Fairview, Inc",,Linda Montgomery,REP,59
Minnehaha,"02-Norway & Fairview, Fairview, Inc","Precinct Committeewoman 02-Norway & Fairview, Fairview, Inc",,Karen R. Anderson,REP,39
Minnehaha,Sioux Falls 1-11,Precinct Committeewoman Sioux Falls 1-11,,Sarah Barnett,REP,119
Minnehaha,Sioux Falls 1-11,Precinct Committeewoman Sioux Falls 1-11,,Barbara Steele,REP,158
Minnehaha,Sioux Falls 1-11,Precinct Committeewoman Sioux Falls 1-11,,Hayley Halverson,REP,60
Minnehaha,Sioux Falls 1-12,Precinct Committeewoman Sioux Falls 1-12,,Amy Harms,REP,160
Minnehaha,Sioux Falls 1-12,Precinct Committeewoman Sioux Falls 1-12,,Teresa Livermont,REP,40
Minnehaha,Sioux Falls 1-18,Precinct Committeewoman Sioux Falls 1-18,,Dana Jackson,REP,34
Minnehaha,Sioux Falls 1-18,Precinct Committeewoman Sioux Falls 1-18,,Amber Brooke Arlint,REP,157
Minnehaha,Sioux Falls 1-18,Precinct Committeewoman Sioux Falls 1-18,,Kimberly Bishop,REP,39
Minnehaha,Sioux Falls 2-11,Precinct Committeewoman Sioux Falls 2-11,,Dawn Bures,REP,91
Minnehaha,Sioux Falls 2-11,Precinct Committeewoman Sioux Falls 2-11,,Sara Venhuizen,REP,284
Minnehaha,Sioux Falls 2-11,Precinct Committeewoman Sioux Falls 2-11,,Geraldine M Keller,REP,166
Minnehaha,Sioux Falls 2-15,Precinct Committeewoman Sioux Falls 2-15,,Sue K. Lucas-Peterson,REP,168
Minnehaha,Sioux Falls 2-15,Precinct Committeewoman Sioux Falls 2-15,,Genevieve Westerman,REP,70
Minnehaha,Sioux Falls 2-16,Precinct Committeewoman Sioux Falls 2-16,,Renae Wolfgang,REP,84
Minnehaha,Sioux Falls 2-16,Precinct Committeewoman Sioux Falls 2-16,,Sara Rabern,REP,103
Minnehaha,81,Precinct Committeeman Precinct 9-11,,Broyden Lee Hanson,REP,51
Minnehaha,52,Precinct Committeeman Precinct 9-12,,Mike Ryan McCullock Fergen,REP,52
Minnehaha,81,Precinct Committeewoman Precinct 9-11,,Lezlie Ann Haerter,REP,48
Minnehaha,52,Precinct Committeewoman Precinct 9-12,,Marie Lynn Blenderman,REP,48
Moody,1,U.S. Senate,,John R. Thune,REP,59
Moody,1,U.S. Senate,,Bruce Whalen,REP,13
Moody,1,U.S. Senate,,Mark Mowry,REP,3
Moody,2,U.S. Senate,,John R. Thune,REP,68
Moody,2,U.S. Senate,,Bruce Whalen,REP,26
Moody,2,U.S. Senate,,Mark Mowry,REP,2
Moody,3,U.S. Senate,,John R. Thune,REP,109
Moody,3,U.S. Senate,,Bruce Whalen,REP,41
Moody,3,U.S. Senate,,Mark Mowry,REP,6
Moody,34,U.S. Senate,,John R. Thune,REP,60
Moody,34,U.S. Senate,,Bruce Whalen,REP,27
Moody,34,U.S. Senate,,Mark Mowry,REP,6
Moody,4,U.S. Senate,,John R. Thune,REP,64
Moody,4,U.S. Senate,,Bruce Whalen,REP,35
Moody,4,U.S. Senate,,Mark Mowry,REP,5
Moody,5,U.S. Senate,,John R. Thune,REP,121
Moody,5,U.S. Senate,,Bruce Whalen,REP,49
Moody,5,U.S. Senate,,Mark Mowry,REP,25
Moody,1,U.S. House,1,Dusty Johnson,REP,51
Moody,1,U.S. House,1,Taffy Howard,REP,27
Moody,2,U.S. House,1,Dusty Johnson,REP,70
Moody,2,U.S. House,1,Taffy Howard,REP,28
Moody,3,U.S. House,1,Dusty Johnson,REP,91
Moody,3,U.S. House,1,Taffy Howard,REP,66
Moody,34,U.S. House,1,Dusty Johnson,REP,51
Moody,34,U.S. House,1,Taffy Howard,REP,44
Moody,4,U.S. House,1,Dusty Johnson,REP,56
Moody,4,U.S. House,1,Taffy Howard,REP,49
Moody,5,U.S. House,1,Dusty Johnson,REP,96
Moody,5,U.S. House,1,Taffy Howard,REP,100
Moody,1,Governor,,Steven Haugaard,REP,24
Moody,1,Governor,,Kristi Noem,REP,53
Moody,2,Governor,,Steven Haugaard,REP,35
Moody,2,Governor,,Kristi Noem,REP,63
Moody,3,Governor,,Steven Haugaard,REP,48
Moody,3,Governor,,Kristi Noem,REP,109
Moody,34,Governor,,Steven Haugaard,REP,19
Moody,34,Governor,,Kristi Noem,REP,75
Moody,4,Governor,,Steven Haugaard,REP,26
Moody,4,Governor,,Kristi Noem,REP,82
Moody,5,Governor,,Steven Haugaard,REP,43
Moody,5,Governor,,Kristi Noem,REP,155
Moody,1,State Senate,25,Tom Pischke,REP,14
Moody,1,State Senate,25,Lisa Rave,REP,9
Moody,1,State Senate,25,Kevin R. Crisp,REP,2
Moody,1,State Senate,25,"Leslie ""Doc"" Heinemann",REP,48
Moody,2,State Senate,25,Tom Pischke,REP,19
Moody,2,State Senate,25,Lisa Rave,REP,13
Moody,2,State Senate,25,Kevin R. Crisp,REP,6
Moody,2,State Senate,25,"Leslie ""Doc"" Heinemann",REP,53
Moody,3,State Senate,25,Tom Pischke,REP,49
Moody,3,State Senate,25,Lisa Rave,REP,28
Moody,3,State Senate,25,Kevin R. Crisp,REP,21
Moody,3,State Senate,25,"Leslie ""Doc"" Heinemann",REP,50
Moody,34,State Senate,25,Tom Pischke,REP,13
Moody,34,State Senate,25,Lisa Rave,REP,12
Moody,34,State Senate,25,Kevin R. Crisp,REP,11
Moody,34,State Senate,25,"Leslie ""Doc"" Heinemann",REP,58
Moody,4,State Senate,25,Tom Pischke,REP,34
Moody,4,State Senate,25,Lisa Rave,REP,11
Moody,4,State Senate,25,Kevin R. Crisp,REP,6
Moody,4,State Senate,25,"Leslie ""Doc"" Heinemann",REP,56
Moody,5,State Senate,25,Tom Pischke,REP,77
Moody,5,State Senate,25,Lisa Rave,REP,21
Moody,5,State Senate,25,Kevin R. Crisp,REP,32
Moody,5,State Senate,25,"Leslie ""Doc"" Heinemann",REP,55
Moody,34,"Bond Issue : SHALL THE BROOKINGS SCHOOL DISTRICT 05-1, BROOKINGS AND MOODY COUNTIES, SOUTH DAKOTA, ISSUE ITS NEGOTIABLE GENERAL OBLIGATION SCHOOL BONDS IN A PRINCIPAL AMOUNT NOT EXCEEDING $32,430,000, ISSUED IN ONE OR MORE SERIES, BEARING INTEREST AT SUCH RATES AS MAY BE DETERMINED BY THE SCHOOL BOARD, PAYABLE AND MATURING FROM 1 AND NOT TO EXCEED 20 YEARS AFTER THE DATE OF ISSUANCE, FOR THE PURPOSE OF FINANCING THE RENOVATION AND CONSTRUCTION OF NEW SCHOOL FACILITIES INCLUDING MEDARY ELEMENTARY SCHOOL AND HILLCREST ELEMENTARY SCHOOL, FURNISHING AND EQUIPPING OF SAME AND THE COSTS OF ISSUING THE BONDS? SHALL THE ABOVE PROPOSITION BE APPROVED AND THE BONDS ISSUED? Brookings School District 05-1",,Yes,,2
Moody,34,"Bond Issue : SHALL THE BROOKINGS SCHOOL DISTRICT 05-1, BROOKINGS AND MOODY COUNTIES, SOUTH DAKOTA, ISSUE ITS NEGOTIABLE GENERAL OBLIGATION SCHOOL BONDS IN A PRINCIPAL AMOUNT NOT EXCEEDING $32,430,000, ISSUED IN ONE OR MORE SERIES, BEARING INTEREST AT SUCH RATES AS MAY BE DETERMINED BY THE SCHOOL BOARD, PAYABLE AND MATURING FROM 1 AND NOT TO EXCEED 20 YEARS AFTER THE DATE OF ISSUANCE, FOR THE PURPOSE OF FINANCING THE RENOVATION AND CONSTRUCTION OF NEW SCHOOL FACILITIES INCLUDING MEDARY ELEMENTARY SCHOOL AND HILLCREST ELEMENTARY SCHOOL, FURNISHING AND EQUIPPING OF SAME AND THE COSTS OF ISSUING THE BONDS? SHALL THE ABOVE PROPOSITION BE APPROVED AND THE BONDS ISSUED? Brookings School District 05-1",,No,,1
Moody,5,"Bond Issue : SHALL THE BROOKINGS SCHOOL DISTRICT 05-1, BROOKINGS AND MOODY COUNTIES, SOUTH DAKOTA, ISSUE ITS NEGOTIABLE GENERAL OBLIGATION SCHOOL BONDS IN A PRINCIPAL AMOUNT NOT EXCEEDING $32,430,000, ISSUED IN ONE OR MORE SERIES, BEARING INTEREST AT SUCH RATES AS MAY BE DETERMINED BY THE SCHOOL BOARD, PAYABLE AND MATURING FROM 1 AND NOT TO EXCEED 20 YEARS AFTER THE DATE OF ISSUANCE, FOR THE PURPOSE OF FINANCING THE RENOVATION AND CONSTRUCTION OF NEW SCHOOL FACILITIES INCLUDING MEDARY ELEMENTARY SCHOOL AND HILLCREST ELEMENTARY SCHOOL, FURNISHING AND EQUIPPING OF SAME AND THE COSTS OF ISSUING THE BONDS? SHALL THE ABOVE PROPOSITION BE APPROVED AND THE BONDS ISSUED? Brookings School District 05-1",,Yes,,18
Moody,5,"Bond Issue : SHALL THE BROOKINGS SCHOOL DISTRICT 05-1, BROOKINGS AND MOODY COUNTIES, SOUTH DAKOTA, ISSUE ITS NEGOTIABLE GENERAL OBLIGATION SCHOOL BONDS IN A PRINCIPAL AMOUNT NOT EXCEEDING $32,430,000, ISSUED IN ONE OR MORE SERIES, BEARING INTEREST AT SUCH RATES AS MAY BE DETERMINED BY THE SCHOOL BOARD, PAYABLE AND MATURING FROM 1 AND NOT TO EXCEED 20 YEARS AFTER THE DATE OF ISSUANCE, FOR THE PURPOSE OF FINANCING THE RENOVATION AND CONSTRUCTION OF NEW SCHOOL FACILITIES INCLUDING MEDARY ELEMENTARY SCHOOL AND HILLCREST ELEMENTARY SCHOOL, FURNISHING AND EQUIPPING OF SAME AND THE COSTS OF ISSUING THE BONDS? SHALL THE ABOVE PROPOSITION BE APPROVED AND THE BONDS ISSUED? Brookings School District 05-1",,No,,10
Oglala Lakota,Batesland,U.S. Senate,,John R. Thune,REP,11
Oglala Lakota,Batesland,U.S. Senate,,Bruce Whalen,REP,7
Oglala Lakota,Batesland,U.S. Senate,,Mark Mowry,REP,0
Oglala Lakota,Cuny Table,U.S. Senate,,John R. Thune,REP,6
Oglala Lakota,Cuny Table,U.S. Senate,,Bruce Whalen,REP,6
Oglala Lakota,Cuny Table,U.S. Senate,,Mark Mowry,REP,2
Oglala Lakota,Kyle,U.S. Senate,,John R. Thune,REP,2
Oglala Lakota,Kyle,U.S. Senate,,Bruce Whalen,REP,0
Oglala Lakota,Kyle,U.S. Senate,,Mark Mowry,REP,0
Oglala Lakota,Manderson,U.S. Senate,,John R. Thune,REP,0
Oglala Lakota,Manderson,U.S. Senate,,Bruce Whalen,REP,0
Oglala Lakota,Manderson,U.S. Senate,,Mark Mowry,REP,0
Oglala Lakota,Oglala,U.S. Senate,,John R. Thune,REP,10
Oglala Lakota,Oglala,U.S. Senate,,Bruce Whalen,REP,1
Oglala Lakota,Oglala,U.S. Senate,,Mark Mowry,REP,2
Oglala Lakota,Pine Ridge 1,U.S. Senate,,John R. Thune,REP,0
Oglala Lakota,Pine Ridge 1,U.S. Senate,,Bruce Whalen,REP,1
Oglala Lakota,Pine Ridge 1,U.S. Senate,,Mark Mowry,REP,0
Oglala Lakota,Pine Ridge 3,U.S. Senate,,John R. Thune,REP,7
Oglala Lakota,Pine Ridge 3,U.S. Senate,,Bruce Whalen,REP,11
Oglala Lakota,Pine Ridge 3,U.S. Senate,,Mark Mowry,REP,0
Oglala Lakota,Porcupine,U.S. Senate,,John R. Thune,REP,11
Oglala Lakota,Porcupine,U.S. Senate,,Bruce Whalen,REP,6
Oglala Lakota,Porcupine,U.S. Senate,,Mark Mowry,REP,0
Oglala Lakota,Rockyford,U.S. Senate,,John R. Thune,REP,2
Oglala Lakota,Rockyford,U.S. Senate,,Bruce Whalen,REP,4
Oglala Lakota,Rockyford,U.S. Senate,,Mark Mowry,REP,1
Oglala Lakota,Batesland,U.S. House,1,Dusty Johnson,REP,6
Oglala Lakota,Batesland,U.S. House,1,Taffy Howard,REP,12
Oglala Lakota,Cuny Table,U.S. House,1,Dusty Johnson,REP,2
Oglala Lakota,Cuny Table,U.S. House,1,Taffy Howard,REP,11
Oglala Lakota,Kyle,U.S. House,1,Dusty Johnson,REP,0
Oglala Lakota,Kyle,U.S. House,1,Taffy Howard,REP,2
Oglala Lakota,Manderson,U.S. House,1,Dusty Johnson,REP,0
Oglala Lakota,Manderson,U.S. House,1,Taffy Howard,REP,0
Oglala Lakota,Oglala,U.S. House,1,Dusty Johnson,REP,10
Oglala Lakota,Oglala,U.S. House,1,Taffy Howard,REP,3
Oglala Lakota,Pine Ridge 1,U.S. House,1,Dusty Johnson,REP,0
Oglala Lakota,Pine Ridge 1,U.S. House,1,Taffy Howard,REP,1
Oglala Lakota,Pine Ridge 3,U.S. House,1,Dusty Johnson,REP,13
Oglala Lakota,Pine Ridge 3,U.S. House,1,Taffy Howard,REP,6
Oglala Lakota,Porcupine,U.S. House,1,Dusty Johnson,REP,9
Oglala Lakota,Porcupine,U.S. House,1,Taffy Howard,REP,8
Oglala Lakota,Rockyford,U.S. House,1,Dusty Johnson,REP,3
Oglala Lakota,Rockyford,U.S. House,1,Taffy Howard,REP,3
Oglala Lakota,Batesland,Governor,,Steven Haugaard,REP,1
Oglala Lakota,Batesland,Governor,,Kristi Noem,REP,17
Oglala Lakota,Cuny Table,Governor,,Steven Haugaard,REP,1
Oglala Lakota,Cuny Table,Governor,,Kristi Noem,REP,13
Oglala Lakota,Kyle,Governor,,Steven Haugaard,REP,0
Oglala Lakota,Kyle,Governor,,Kristi Noem,REP,2
Oglala Lakota,Manderson,Governor,,Steven Haugaard,REP,0
Oglala Lakota,Manderson,Governor,,Kristi Noem,REP,0
Oglala Lakota,Oglala,Governor,,Steven Haugaard,REP,8
Oglala Lakota,Oglala,Governor,,Kristi Noem,REP,5
Oglala Lakota,Pine Ridge 1,Governor,,Steven Haugaard,REP,1
Oglala Lakota,Pine Ridge 1,Governor,,Kristi Noem,REP,0
Oglala Lakota,Pine Ridge 3,Governor,,Steven Haugaard,REP,11
Oglala Lakota,Pine Ridge 3,Governor,,Kristi Noem,REP,8
Oglala Lakota,Porcupine,Governor,,Steven Haugaard,REP,13
Oglala Lakota,Porcupine,Governor,,Kristi Noem,REP,5
Oglala Lakota,Rockyford,Governor,,Steven Haugaard,REP,4
Oglala Lakota,Rockyford,Governor,,Kristi Noem,REP,3
Oglala Lakota,Batesland,Constitutional Amendment C: A Constitutional Amendment Requiring Three-Fifths Vote for Approval of Ballot Measures Imposing Taxes or Fees or Obligating over $10 Million,,Yes,,17
Oglala Lakota,Batesland,Constitutional Amendment C: A Constitutional Amendment Requiring Three-Fifths Vote for Approval of Ballot Measures Imposing Taxes or Fees or Obligating over $10 Million,,No,,54
Oglala Lakota,Cuny Table,Constitutional Amendment C: A Constitutional Amendment Requiring Three-Fifths Vote for Approval of Ballot Measures Imposing Taxes or Fees or Obligating over $10 Million,,Yes,,4
Oglala Lakota,Cuny Table,Constitutional Amendment C: A Constitutional Amendment Requiring Three-Fifths Vote for Approval of Ballot Measures Imposing Taxes or Fees or Obligating over $10 Million,,No,,26
Oglala Lakota,Kyle,Constitutional Amendment C: A Constitutional Amendment Requiring Three-Fifths Vote for Approval of Ballot Measures Imposing Taxes or Fees or Obligating over $10 Million,,Yes,,13
Oglala Lakota,Kyle,Constitutional Amendment C: A Constitutional Amendment Requiring Three-Fifths Vote for Approval of Ballot Measures Imposing Taxes or Fees or Obligating over $10 Million,,No,,40
Oglala Lakota,Manderson,Constitutional Amendment C: A Constitutional Amendment Requiring Three-Fifths Vote for Approval of Ballot Measures Imposing Taxes or Fees or Obligating over $10 Million,,Yes,,0
Oglala Lakota,Manderson,Constitutional Amendment C: A Constitutional Amendment Requiring Three-Fifths Vote for Approval of Ballot Measures Imposing Taxes or Fees or Obligating over $10 Million,,No,,2
Oglala Lakota,Oglala,Constitutional Amendment C: A Constitutional Amendment Requiring Three-Fifths Vote for Approval of Ballot Measures Imposing Taxes or Fees or Obligating over $10 Million,,Yes,,24
Oglala Lakota,Oglala,Constitutional Amendment C: A Constitutional Amendment Requiring Three-Fifths Vote for Approval of Ballot Measures Imposing Taxes or Fees or Obligating over $10 Million,,No,,71
Oglala Lakota,Pine Ridge 1,Constitutional Amendment C: A Constitutional Amendment Requiring Three-Fifths Vote for Approval of Ballot Measures Imposing Taxes or Fees or Obligating over $10 Million,,Yes,,30
Oglala Lakota,Pine Ridge 1,Constitutional Amendment C: A Constitutional Amendment Requiring Three-Fifths Vote for Approval of Ballot Measures Imposing Taxes or Fees or Obligating over $10 Million,,No,,73
Oglala Lakota,Pine Ridge 3,Constitutional Amendment C: A Constitutional Amendment Requiring Three-Fifths Vote for Approval of Ballot Measures Imposing Taxes or Fees or Obligating over $10 Million,,Yes,,42
Oglala Lakota,Pine Ridge 3,Constitutional Amendment C: A Constitutional Amendment Requiring Three-Fifths Vote for Approval of Ballot Measures Imposing Taxes or Fees or Obligating over $10 Million,,No,,93
Oglala Lakota,Porcupine,Constitutional Amendment C: A Constitutional Amendment Requiring Three-Fifths Vote for Approval of Ballot Measures Imposing Taxes or Fees or Obligating over $10 Million,,Yes,,34
Oglala Lakota,Porcupine,Constitutional Amendment C: A Constitutional Amendment Requiring Three-Fifths Vote for Approval of Ballot Measures Imposing Taxes or Fees or Obligating over $10 Million,,No,,72
Oglala Lakota,Rockyford,Constitutional Amendment C: A Constitutional Amendment Requiring Three-Fifths Vote for Approval of Ballot Measures Imposing Taxes or Fees or Obligating over $10 Million,,Yes,,3
Oglala Lakota,Rockyford,Constitutional Amendment C: A Constitutional Amendment Requiring Three-Fifths Vote for Approval of Ballot Measures Imposing Taxes or Fees or Obligating over $10 Million,,No,,20
Pennington,HC,State Senate,30,Julie Frye-Mueller,REP,196
Pennington,HC,State Senate,30,Timothy R. Goodwin,REP,320
Pennington,HK,State Senate,30,Julie Frye-Mueller,REP,276
Pennington,HK,State Senate,30,Timothy R. Goodwin,REP,303
Pennington,KY,State Senate,30,Julie Frye-Mueller,REP,78
Pennington,KY,State Senate,30,Timothy R. Goodwin,REP,138
Pennington,LS,State Senate,30,Julie Frye-Mueller,REP,66
Pennington,LS,State Senate,30,Timothy R. Goodwin,REP,86
Pennington,RK,State Senate,30,Julie Frye-Mueller,REP,9
Pennington,RK,State Senate,30,Timothy R. Goodwin,REP,6
Pennington,VF,State Senate,30,Julie Frye-Mueller,REP,210
Pennington,VF,State Senate,30,Timothy R. Goodwin,REP,206
Pennington,1-1,State Senate,35,David Johnson,REP,216
Pennington,1-1,State Senate,35,Janet Jensen,REP,185
Pennington,1-2,State Senate,35,David Johnson,REP,261
Pennington,1-2,State Senate,35,Janet Jensen,REP,227
Pennington,1-3,State Senate,35,David Johnson,REP,371
Pennington,1-3,State Senate,35,Janet Jensen,REP,275
Pennington,3-5,State Senate,35,David Johnson,REP,351
Pennington,3-5,State Senate,35,Janet Jensen,REP,170
Pennington,4-3,State Senate,35,David Johnson,REP,205
Pennington,4-3,State Senate,35,Janet Jensen,REP,175
Pennington,DT,State Senate,35,David Johnson,REP,170
Pennington,DT,State Senate,35,Janet Jensen,REP,146
Pennington,JS,State Senate,35,David Johnson,REP,337
Pennington,JS,State Senate,35,Janet Jensen,REP,275
Pennington,SR,State Senate,35,David Johnson,REP,34
Pennington,SR,State Senate,35,Janet Jensen,REP,50
Pennington,WP,State Senate,35,David Johnson,REP,313
Pennington,WP,State Senate,35,Janet Jensen,REP,215
Pennington,1-1,Constitutional Amendment C: A Constitutional Amendment Requiring Three-Fifths Vote for Approval of Ballot Measures Imposing Taxes or Fees or Obligating over $10 Million,,Yes,,213
Pennington,1-1,Constitutional Amendment C: A Constitutional Amendment Requiring Three-Fifths Vote for Approval of Ballot Measures Imposing Taxes or Fees or Obligating over $10 Million,,No,,433
Pennington,1-2,Constitutional Amendment C: A Constitutional Amendment Requiring Three-Fifths Vote for Approval of Ballot Measures Imposing Taxes or Fees or Obligating over $10 Million,,Yes,,258
Pennington,1-2,Constitutional Amendment C: A Constitutional Amendment Requiring Three-Fifths Vote for Approval of Ballot Measures Imposing Taxes or Fees or Obligating over $10 Million,,No,,535
Pennington,1-3,Constitutional Amendment C: A Constitutional Amendment Requiring Three-Fifths Vote for Approval of Ballot Measures Imposing Taxes or Fees or Obligating over $10 Million,,Yes,,359
Pennington,1-3,Constitutional Amendment C: A Constitutional Amendment Requiring Three-Fifths Vote for Approval of Ballot Measures Imposing Taxes or Fees or Obligating over $10 Million,,No,,583
Pennington,1-4,Constitutional Amendment C: A Constitutional Amendment Requiring Three-Fifths Vote for Approval of Ballot Measures Imposing Taxes or Fees or Obligating over $10 Million,,Yes,,180
Pennington,1-4,Constitutional Amendment C: A Constitutional Amendment Requiring Three-Fifths Vote for Approval of Ballot Measures Imposing Taxes or Fees or Obligating over $10 Million,,No,,286
Pennington,1-5,Constitutional Amendment C: A Constitutional Amendment Requiring Three-Fifths Vote for Approval of Ballot Measures Imposing Taxes or Fees or Obligating over $10 Million,,Yes,,273
Pennington,1-5,Constitutional Amendment C: A Constitutional Amendment Requiring Three-Fifths Vote for Approval of Ballot Measures Imposing Taxes or Fees or Obligating over $10 Million,,No,,646
Pennington,2-1,Constitutional Amendment C: A Constitutional Amendment Requiring Three-Fifths Vote for Approval of Ballot Measures Imposing Taxes or Fees or Obligating over $10 Million,,Yes,,32
Pennington,2-1,Constitutional Amendment C: A Constitutional Amendment Requiring Three-Fifths Vote for Approval of Ballot Measures Imposing Taxes or Fees or Obligating over $10 Million,,No,,102
Pennington,2-2,Constitutional Amendment C: A Constitutional Amendment Requiring Three-Fifths Vote for Approval of Ballot Measures Imposing Taxes or Fees or Obligating over $10 Million,,Yes,,169
Pennington,2-2,Constitutional Amendment C: A Constitutional Amendment Requiring Three-Fifths Vote for Approval of Ballot Measures Imposing Taxes or Fees or Obligating over $10 Million,,No,,395
Pennington,2-3,Constitutional Amendment C: A Constitutional Amendment Requiring Three-Fifths Vote for Approval of Ballot Measures Imposing Taxes or Fees or Obligating over $10 Million,,Yes,,93
Pennington,2-3,Constitutional Amendment C: A Constitutional Amendment Requiring Three-Fifths Vote for Approval of Ballot Measures Imposing Taxes or Fees or Obligating over $10 Million,,No,,259
Pennington,2-4,Constitutional Amendment C: A Constitutional Amendment Requiring Three-Fifths Vote for Approval of Ballot Measures Imposing Taxes or Fees or Obligating over $10 Million,,Yes,,110
Pennington,2-4,Constitutional Amendment C: A Constitutional Amendment Requiring Three-Fifths Vote for Approval of Ballot Measures Imposing Taxes or Fees or Obligating over $10 Million,,No,,343
Pennington,2-5,Constitutional Amendment C: A Constitutional Amendment Requiring Three-Fifths Vote for Approval of Ballot Measures Imposing Taxes or Fees or Obligating over $10 Million,,Yes,,116
Pennington,2-5,Constitutional Amendment C: A Constitutional Amendment Requiring Three-Fifths Vote for Approval of Ballot Measures Imposing Taxes or Fees or Obligating over $10 Million,,No,,337
Pennington,3-1,Constitutional Amendment C: A Constitutional Amendment Requiring Three-Fifths Vote for Approval of Ballot Measures Imposing Taxes or Fees or Obligating over $10 Million,,Yes,,67
Pennington,3-1,Constitutional Amendment C: A Constitutional Amendment Requiring Three-Fifths Vote for Approval of Ballot Measures Imposing Taxes or Fees or Obligating over $10 Million,,No,,138
Pennington,3-2,Constitutional Amendment C: A Constitutional Amendment Requiring Three-Fifths Vote for Approval of Ballot Measures Imposing Taxes or Fees or Obligating over $10 Million,,Yes,,430
Pennington,3-2,Constitutional Amendment C: A Constitutional Amendment Requiring Three-Fifths Vote for Approval of Ballot Measures Imposing Taxes or Fees or Obligating over $10 Million,,No,,1006
Pennington,3-3,Constitutional Amendment C: A Constitutional Amendment Requiring Three-Fifths Vote for Approval of Ballot Measures Imposing Taxes or Fees or Obligating over $10 Million,,Yes,,435
Pennington,3-3,Constitutional Amendment C: A Constitutional Amendment Requiring Three-Fifths Vote for Approval of Ballot Measures Imposing Taxes or Fees or Obligating over $10 Million,,No,,898
Pennington,3-4,Constitutional Amendment C: A Constitutional Amendment Requiring Three-Fifths Vote for Approval of Ballot Measures Imposing Taxes or Fees or Obligating over $10 Million,,Yes,,386
Pennington,3-4,Constitutional Amendment C: A Constitutional Amendment Requiring Three-Fifths Vote for Approval of Ballot Measures Imposing Taxes or Fees or Obligating over $10 Million,,No,,821
Pennington,3-5,Constitutional Amendment C: A Constitutional Amendment Requiring Three-Fifths Vote for Approval of Ballot Measures Imposing Taxes or Fees or Obligating over $10 Million,,Yes,,287
Pennington,3-5,Constitutional Amendment C: A Constitutional Amendment Requiring Three-Fifths Vote for Approval of Ballot Measures Imposing Taxes or Fees or Obligating over $10 Million,,No,,519
Pennington,4-1,Constitutional Amendment C: A Constitutional Amendment Requiring Three-Fifths Vote for Approval of Ballot Measures Imposing Taxes or Fees or Obligating over $10 Million,,Yes,,105
Pennington,4-1,Constitutional Amendment C: A Constitutional Amendment Requiring Three-Fifths Vote for Approval of Ballot Measures Imposing Taxes or Fees or Obligating over $10 Million,,No,,257
Pennington,4-2,Constitutional Amendment C: A Constitutional Amendment Requiring Three-Fifths Vote for Approval of Ballot Measures Imposing Taxes or Fees or Obligating over $10 Million,,Yes,,148
Pennington,4-2,Constitutional Amendment C: A Constitutional Amendment Requiring Three-Fifths Vote for Approval of Ballot Measures Imposing Taxes or Fees or Obligating over $10 Million,,No,,386
Pennington,4-3,Constitutional Amendment C: A Constitutional Amendment Requiring Three-Fifths Vote for Approval of Ballot Measures Imposing Taxes or Fees or Obligating over $10 Million,,Yes,,196
Pennington,4-3,Constitutional Amendment C: A Constitutional Amendment Requiring Three-Fifths Vote for Approval of Ballot Measures Imposing Taxes or Fees or Obligating over $10 Million,,No,,407
Pennington,4-4,Constitutional Amendment C: A Constitutional Amendment Requiring Three-Fifths Vote for Approval of Ballot Measures Imposing Taxes or Fees or Obligating over $10 Million,,Yes,,65
Pennington,4-4,Constitutional Amendment C: A Constitutional Amendment Requiring Three-Fifths Vote for Approval of Ballot Measures Imposing Taxes or Fees or Obligating over $10 Million,,No,,196
Pennington,4-5,Constitutional Amendment C: A Constitutional Amendment Requiring Three-Fifths Vote for Approval of Ballot Measures Imposing Taxes or Fees or Obligating over $10 Million,,Yes,,80
Pennington,4-5,Constitutional Amendment C: A Constitutional Amendment Requiring Three-Fifths Vote for Approval of Ballot Measures Imposing Taxes or Fees or Obligating over $10 Million,,No,,162
Pennington,5-1,Constitutional Amendment C: A Constitutional Amendment Requiring Three-Fifths Vote for Approval of Ballot Measures Imposing Taxes or Fees or Obligating over $10 Million,,Yes,,74
Pennington,5-1,Constitutional Amendment C: A Constitutional Amendment Requiring Three-Fifths Vote for Approval of Ballot Measures Imposing Taxes or Fees or Obligating over $10 Million,,No,,219
Pennington,5-2,Constitutional Amendment C: A Constitutional Amendment Requiring Three-Fifths Vote for Approval of Ballot Measures Imposing Taxes or Fees or Obligating over $10 Million,,Yes,,138
Pennington,5-2,Constitutional Amendment C: A Constitutional Amendment Requiring Three-Fifths Vote for Approval of Ballot Measures Imposing Taxes or Fees or Obligating over $10 Million,,No,,377
Pennington,5-3,Constitutional Amendment C: A Constitutional Amendment Requiring Three-Fifths Vote for Approval of Ballot Measures Imposing Taxes or Fees or Obligating over $10 Million,,Yes,,220
Pennington,5-3,Constitutional Amendment C: A Constitutional Amendment Requiring Three-Fifths Vote for Approval of Ballot Measures Imposing Taxes or Fees or Obligating over $10 Million,,No,,486
Pennington,5-4,Constitutional Amendment C: A Constitutional Amendment Requiring Three-Fifths Vote for Approval of Ballot Measures Imposing Taxes or Fees or Obligating over $10 Million,,Yes,,213
Pennington,5-4,Constitutional Amendment C: A Constitutional Amendment Requiring Three-Fifths Vote for Approval of Ballot Measures Imposing Taxes or Fees or Obligating over $10 Million,,No,,765
Pennington,5-5,Constitutional Amendment C: A Constitutional Amendment Requiring Three-Fifths Vote for Approval of Ballot Measures Imposing Taxes or Fees or Obligating over $10 Million,,Yes,,334
Pennington,5-5,Constitutional Amendment C: A Constitutional Amendment Requiring Three-Fifths Vote for Approval of Ballot Measures Imposing Taxes or Fees or Obligating over $10 Million,,No,,882
Pennington,AW,Constitutional Amendment C: A Constitutional Amendment Requiring Three-Fifths Vote for Approval of Ballot Measures Imposing Taxes or Fees or Obligating over $10 Million,,Yes,,255
Pennington,AW,Constitutional Amendment C: A Constitutional Amendment Requiring Three-Fifths Vote for Approval of Ballot Measures Imposing Taxes or Fees or Obligating over $10 Million,,No,,240
Pennington,BE,Constitutional Amendment C: A Constitutional Amendment Requiring Three-Fifths Vote for Approval of Ballot Measures Imposing Taxes or Fees or Obligating over $10 Million,,Yes,,275
Pennington,BE,Constitutional Amendment C: A Constitutional Amendment Requiring Three-Fifths Vote for Approval of Ballot Measures Imposing Taxes or Fees or Obligating over $10 Million,,No,,492
Pennington,CA,Constitutional Amendment C: A Constitutional Amendment Requiring Three-Fifths Vote for Approval of Ballot Measures Imposing Taxes or Fees or Obligating over $10 Million,,Yes,,116
Pennington,CA,Constitutional Amendment C: A Constitutional Amendment Requiring Three-Fifths Vote for Approval of Ballot Measures Imposing Taxes or Fees or Obligating over $10 Million,,No,,170
Pennington,CL,Constitutional Amendment C: A Constitutional Amendment Requiring Three-Fifths Vote for Approval of Ballot Measures Imposing Taxes or Fees or Obligating over $10 Million,,Yes,,148
Pennington,CL,Constitutional Amendment C: A Constitutional Amendment Requiring Three-Fifths Vote for Approval of Ballot Measures Imposing Taxes or Fees or Obligating over $10 Million,,No,,244
Pennington,CR,Constitutional Amendment C: A Constitutional Amendment Requiring Three-Fifths Vote for Approval of Ballot Measures Imposing Taxes or Fees or Obligating over $10 Million,,Yes,,22
Pennington,CR,Constitutional Amendment C: A Constitutional Amendment Requiring Three-Fifths Vote for Approval of Ballot Measures Imposing Taxes or Fees or Obligating over $10 Million,,No,,7
Pennington,DT,Constitutional Amendment C: A Constitutional Amendment Requiring Three-Fifths Vote for Approval of Ballot Measures Imposing Taxes or Fees or Obligating over $10 Million,,Yes,,161
Pennington,DT,Constitutional Amendment C: A Constitutional Amendment Requiring Three-Fifths Vote for Approval of Ballot Measures Imposing Taxes or Fees or Obligating over $10 Million,,No,,290
Pennington,HC,Constitutional Amendment C: A Constitutional Amendment Requiring Three-Fifths Vote for Approval of Ballot Measures Imposing Taxes or Fees or Obligating over $10 Million,,Yes,,336
Pennington,HC,Constitutional Amendment C: A Constitutional Amendment Requiring Three-Fifths Vote for Approval of Ballot Measures Imposing Taxes or Fees or Obligating over $10 Million,,No,,504
Pennington,HR,Constitutional Amendment C: A Constitutional Amendment Requiring Three-Fifths Vote for Approval of Ballot Measures Imposing Taxes or Fees or Obligating over $10 Million,,Yes,,355
Pennington,HR,Constitutional Amendment C: A Constitutional Amendment Requiring Three-Fifths Vote for Approval of Ballot Measures Imposing Taxes or Fees or Obligating over $10 Million,,No,,437
Pennington,JS,Constitutional Amendment C: A Constitutional Amendment Requiring Three-Fifths Vote for Approval of Ballot Measures Imposing Taxes or Fees or Obligating over $10 Million,,Yes,,353
Pennington,JS,Constitutional Amendment C: A Constitutional Amendment Requiring Three-Fifths Vote for Approval of Ballot Measures Imposing Taxes or Fees or Obligating over $10 Million,,No,,514
Pennington,KY,Constitutional Amendment C: A Constitutional Amendment Requiring Three-Fifths Vote for Approval of Ballot Measures Imposing Taxes or Fees or Obligating over $10 Million,,Yes,,121
Pennington,KY,Constitutional Amendment C: A Constitutional Amendment Requiring Three-Fifths Vote for Approval of Ballot Measures Imposing Taxes or Fees or Obligating over $10 Million,,No,,203
Pennington,LS,Constitutional Amendment C: A Constitutional Amendment Requiring Three-Fifths Vote for Approval of Ballot Measures Imposing Taxes or Fees or Obligating over $10 Million,,Yes,,82
Pennington,LS,Constitutional Amendment C: A Constitutional Amendment Requiring Three-Fifths Vote for Approval of Ballot Measures Imposing Taxes or Fees or Obligating over $10 Million,,No,,139
Pennington,NH,Constitutional Amendment C: A Constitutional Amendment Requiring Three-Fifths Vote for Approval of Ballot Measures Imposing Taxes or Fees or Obligating over $10 Million,,Yes,,24
Pennington,NH,Constitutional Amendment C: A Constitutional Amendment Requiring Three-Fifths Vote for Approval of Ballot Measures Imposing Taxes or Fees or Obligating over $10 Million,,No,,44
Pennington,NU,Constitutional Amendment C: A Constitutional Amendment Requiring Three-Fifths Vote for Approval of Ballot Measures Imposing Taxes or Fees or Obligating over $10 Million,,Yes,,143
Pennington,NU,Constitutional Amendment C: A Constitutional Amendment Requiring Three-Fifths Vote for Approval of Ballot Measures Imposing Taxes or Fees or Obligating over $10 Million,,No,,228
Pennington,QU,Constitutional Amendment C: A Constitutional Amendment Requiring Three-Fifths Vote for Approval of Ballot Measures Imposing Taxes or Fees or Obligating over $10 Million,,Yes,,63
Pennington,QU,Constitutional Amendment C: A Constitutional Amendment Requiring Three-Fifths Vote for Approval of Ballot Measures Imposing Taxes or Fees or Obligating over $10 Million,,No,,48
Pennington,RK,Constitutional Amendment C: A Constitutional Amendment Requiring Three-Fifths Vote for Approval of Ballot Measures Imposing Taxes or Fees or Obligating over $10 Million,,Yes,,9
Pennington,RK,Constitutional Amendment C: A Constitutional Amendment Requiring Three-Fifths Vote for Approval of Ballot Measures Imposing Taxes or Fees or Obligating over $10 Million,,No,,10
Pennington,RV,Constitutional Amendment C: A Constitutional Amendment Requiring Three-Fifths Vote for Approval of Ballot Measures Imposing Taxes or Fees or Obligating over $10 Million,,Yes,,174
Pennington,RV,Constitutional Amendment C: A Constitutional Amendment Requiring Three-Fifths Vote for Approval of Ballot Measures Imposing Taxes or Fees or Obligating over $10 Million,,No,,384
Pennington,SC,Constitutional Amendment C: A Constitutional Amendment Requiring Three-Fifths Vote for Approval of Ballot Measures Imposing Taxes or Fees or Obligating over $10 Million,,Yes,,22
Pennington,SC,Constitutional Amendment C: A Constitutional Amendment Requiring Three-Fifths Vote for Approval of Ballot Measures Imposing Taxes or Fees or Obligating over $10 Million,,No,,27
Pennington,SR,Constitutional Amendment C: A Constitutional Amendment Requiring Three-Fifths Vote for Approval of Ballot Measures Imposing Taxes or Fees or Obligating over $10 Million,,Yes,,32
Pennington,SR,Constitutional Amendment C: A Constitutional Amendment Requiring Three-Fifths Vote for Approval of Ballot Measures Imposing Taxes or Fees or Obligating over $10 Million,,No,,71
Pennington,VF,Constitutional Amendment C: A Constitutional Amendment Requiring Three-Fifths Vote for Approval of Ballot Measures Imposing Taxes or Fees or Obligating over $10 Million,,Yes,,204
Pennington,VF,Constitutional Amendment C: A Constitutional Amendment Requiring Three-Fifths Vote for Approval of Ballot Measures Imposing Taxes or Fees or Obligating over $10 Million,,No,,486
Pennington,VV,Constitutional Amendment C: A Constitutional Amendment Requiring Three-Fifths Vote for Approval of Ballot Measures Imposing Taxes or Fees or Obligating over $10 Million,,Yes,,184
Pennington,VV,Constitutional Amendment C: A Constitutional Amendment Requiring Three-Fifths Vote for Approval of Ballot Measures Imposing Taxes or Fees or Obligating over $10 Million,,No,,369
Pennington,WL,Constitutional Amendment C: A Constitutional Amendment Requiring Three-Fifths Vote for Approval of Ballot Measures Imposing Taxes or Fees or Obligating over $10 Million,,Yes,,77
Pennington,WL,Constitutional Amendment C: A Constitutional Amendment Requiring Three-Fifths Vote for Approval of Ballot Measures Imposing Taxes or Fees or Obligating over $10 Million,,No,,145
Pennington,WP,Constitutional Amendment C: A Constitutional Amendment Requiring Three-Fifths Vote for Approval of Ballot Measures Imposing Taxes or Fees or Obligating over $10 Million,,Yes,,283
Pennington,WP,Constitutional Amendment C: A Constitutional Amendment Requiring Three-Fifths Vote for Approval of Ballot Measures Imposing Taxes or Fees or Obligating over $10 Million,,No,,516
Pennington,WS,Constitutional Amendment C: A Constitutional Amendment Requiring Three-Fifths Vote for Approval of Ballot Measures Imposing Taxes or Fees or Obligating over $10 Million,,Yes,,24
Pennington,WS,Constitutional Amendment C: A Constitutional Amendment Requiring Three-Fifths Vote for Approval of Ballot Measures Imposing Taxes or Fees or Obligating over $10 Million,,No,,32
Perkins,01,U.S. House,1,Dusty Johnson,REP,63
Perkins,01,U.S. House,1,Taffy Howard,REP,34
Perkins,02,U.S. House,1,Dusty Johnson,REP,17
Perkins,02,U.S. House,1,Taffy Howard,REP,32
Perkins,03,U.S. House,1,Dusty Johnson,REP,89
Perkins,03,U.S. House,1,Taffy Howard,REP,38
Perkins,04,U.S. House,1,Dusty Johnson,REP,12
Perkins,04,U.S. House,1,Taffy Howard,REP,16
Perkins,05,U.S. House,1,Dusty Johnson,REP,29
Perkins,05,U.S. House,1,Taffy Howard,REP,31
Perkins,06,U.S. House,1,Dusty Johnson,REP,21
Perkins,06,U.S. House,1,Taffy Howard,REP,32
Perkins,07,U.S. House,1,Dusty Johnson,REP,14
Perkins,07,U.S. House,1,Taffy Howard,REP,56
Perkins,08,U.S. House,1,Dusty Johnson,REP,6
Perkins,08,U.S. House,1,Taffy Howard,REP,18
Perkins,09,U.S. House,1,Dusty Johnson,REP,13
Perkins,09,U.S. House,1,Taffy Howard,REP,38
Perkins,12,U.S. House,1,Dusty Johnson,REP,65
Perkins,12,U.S. House,1,Taffy Howard,REP,88
Potter,Absentee Precinct,U.S. Senate,,John R. Thune,REP,81
Potter,Absentee Precinct,U.S. Senate,,Bruce Whalen,REP,14
Potter,Absentee Precinct,U.S. Senate,,Mark Mowry,REP,5
Potter,Gettysburg Legion Annex,U.S. Senate,,John R. Thune,REP,424
Potter,Gettysburg Legion Annex,U.S. Senate,,Bruce Whalen,REP,84
Potter,Gettysburg Legion Annex,U.S. Senate,,Mark Mowry,REP,23
Potter,Hoven American Legion,U.S. Senate,,John R. Thune,REP,128
Potter,Hoven American Legion,U.S. Senate,,Bruce Whalen,REP,28
Potter,Hoven American Legion,U.S. Senate,,Mark Mowry,REP,13
Potter,Absentee Precinct,U.S. House,1,Dusty Johnson,REP,75
Potter,Absentee Precinct,U.S. House,1,Taffy Howard,REP,27
Potter,Gettysburg Legion Annex,U.S. House,1,Dusty Johnson,REP,345
Potter,Gettysburg Legion Annex,U.S. House,1,Taffy Howard,REP,183
Potter,Hoven American Legion,U.S. House,1,Dusty Johnson,REP,102
Potter,Hoven American Legion,U.S. House,1,Taffy Howard,REP,68
Potter,Absentee Precinct,Governor,,Steven Haugaard,REP,24
Potter,Absentee Precinct,Governor,,Kristi Noem,REP,79
Potter,Gettysburg Legion Annex,Governor,,Steven Haugaard,REP,84
Potter,Gettysburg Legion Annex,Governor,,Kristi Noem,REP,459
Potter,Hoven American Legion,Governor,,Steven Haugaard,REP,20
Potter,Hoven American Legion,Governor,,Kristi Noem,REP,154
Potter,Absentee Precinct,State Senate,23,Bryan J. Breitling,REP,54
Potter,Absentee Precinct,State Senate,23,Spencer Gosch,REP,39
Potter,Gettysburg Legion Annex,State Senate,23,Bryan J. Breitling,REP,356
Potter,Gettysburg Legion Annex,State Senate,23,Spencer Gosch,REP,170
Potter,Hoven American Legion,State Senate,23,Bryan J. Breitling,REP,104
Potter,Hoven American Legion,State Senate,23,Spencer Gosch,REP,63
Potter,Absentee Precinct,State House,23,Scott Moore,REP,50
Potter,Absentee Precinct,State House,23,Brandon Black,REP,7
Potter,Absentee Precinct,State House,23,Gregory Brooks,REP,23
Potter,Absentee Precinct,State House,23,James D. Wangsness,REP,46
Potter,Gettysburg Legion Annex,State House,23,Scott Moore,REP,300
Potter,Gettysburg Legion Annex,State House,23,Brandon Black,REP,41
Potter,Gettysburg Legion Annex,State House,23,Gregory Brooks,REP,67
Potter,Gettysburg Legion Annex,State House,23,James D. Wangsness,REP,271
Potter,Hoven American Legion,State House,23,Scott Moore,REP,83
Potter,Hoven American Legion,State House,23,Brandon Black,REP,18
Potter,Hoven American Legion,State House,23,Gregory Brooks,REP,29
Potter,Hoven American Legion,State House,23,James D. Wangsness,REP,84
Potter,Absentee Precinct,Sheriff,,Curtis D Hamburger,REP,93
Potter,Absentee Precinct,Sheriff,,David Loren Mogard,REP,5
Potter,Absentee Precinct,Sheriff,,Matthew Lee Risetter,REP,0
Potter,Absentee Precinct,Sheriff,,SHIANN M HAUPFRT,REP,4
Potter,Gettysburg Legion Annex,Sheriff,,Curtis D Hamburger,REP,493
Potter,Gettysburg Legion Annex,Sheriff,,David Loren Mogard,REP,15
Potter,Gettysburg Legion Annex,Sheriff,,Matthew Lee Risetter,REP,2
Potter,Gettysburg Legion Annex,Sheriff,,SHIANN M HAUPFRT,REP,33
Potter,Hoven American Legion,Sheriff,,Curtis D Hamburger,REP,157
Potter,Hoven American Legion,Sheriff,,David Loren Mogard,REP,5
Potter,Hoven American Legion,Sheriff,,Matthew Lee Risetter,REP,3
Potter,Hoven American Legion,Sheriff,,SHIANN M HAUPFRT,REP,3
Potter,Absentee Precinct,Constitutional Amendment C: A Constitutional Amendment Requiring Three-Fifths Vote for Approval of Ballot Measures Imposing Taxes or Fees or Obligating over $10 Million,,Yes,,32
Potter,Absentee Precinct,Constitutional Amendment C: A Constitutional Amendment Requiring Three-Fifths Vote for Approval of Ballot Measures Imposing Taxes or Fees or Obligating over $10 Million,,No,,72
Potter,Gettysburg Legion Annex,Constitutional Amendment C: A Constitutional Amendment Requiring Three-Fifths Vote for Approval of Ballot Measures Imposing Taxes or Fees or Obligating over $10 Million,,Yes,,218
Potter,Gettysburg Legion Annex,Constitutional Amendment C: A Constitutional Amendment Requiring Three-Fifths Vote for Approval of Ballot Measures Imposing Taxes or Fees or Obligating over $10 Million,,No,,381
Potter,Hoven American Legion,Constitutional Amendment C: A Constitutional Amendment Requiring Three-Fifths Vote for Approval of Ballot Measures Imposing Taxes or Fees or Obligating over $10 Million,,Yes,,71
Potter,Hoven American Legion,Constitutional Amendment C: A Constitutional Amendment Requiring Three-Fifths Vote for Approval of Ballot Measures Imposing Taxes or Fees or Obligating over $10 Million,,No,,129
Roberts,01,U.S. Senate,,John R. Thune,REP,34
Roberts,01,U.S. Senate,,Bruce Whalen,REP,4
Roberts,01,U.S. Senate,,Mark Mowry,REP,1
Roberts,02,U.S. Senate,,John R. Thune,REP,103
Roberts,02,U.S. Senate,,Bruce Whalen,REP,33
Roberts,02,U.S. Senate,,Mark Mowry,REP,8
Roberts,03,U.S. Senate,,John R. Thune,REP,42
Roberts,03,U.S. Senate,,Bruce Whalen,REP,3
Roberts,03,U.S. Senate,,Mark Mowry,REP,4
Roberts,04,U.S. Senate,,John R. Thune,REP,14
Roberts,04,U.S. Senate,,Bruce Whalen,REP,2
Roberts,04,U.S. Senate,,Mark Mowry,REP,0
Roberts,05,U.S. Senate,,John R. Thune,REP,38
Roberts,05,U.S. Senate,,Bruce Whalen,REP,7
Roberts,05,U.S. Senate,,Mark Mowry,REP,3
Roberts,06 (Precinct-07),U.S. Senate,,John R. Thune,REP,86
Roberts,06 (Precinct-07),U.S. Senate,,Bruce Whalen,REP,16
Roberts,06 (Precinct-07),U.S. Senate,,Mark Mowry,REP,25
Roberts,08,U.S. Senate,,John R. Thune,REP,19
Roberts,08,U.S. Senate,,Bruce Whalen,REP,0
Roberts,08,U.S. Senate,,Mark Mowry,REP,1
Roberts,09,U.S. Senate,,John R. Thune,REP,74
Roberts,09,U.S. Senate,,Bruce Whalen,REP,30
Roberts,09,U.S. Senate,,Mark Mowry,REP,8
Roberts,10,U.S. Senate,,John R. Thune,REP,23
Roberts,10,U.S. Senate,,Bruce Whalen,REP,9
Roberts,10,U.S. Senate,,Mark Mowry,REP,0
Roberts,11,U.S. Senate,,John R. Thune,REP,109
Roberts,11,U.S. Senate,,Bruce Whalen,REP,17
Roberts,11,U.S. Senate,,Mark Mowry,REP,3
Roberts,12 (Precinct-14),U.S. Senate,,John R. Thune,REP,36
Roberts,12 (Precinct-14),U.S. Senate,,Bruce Whalen,REP,3
Roberts,12 (Precinct-14),U.S. Senate,,Mark Mowry,REP,3
Roberts,13,U.S. Senate,,John R. Thune,REP,46
Roberts,13,U.S. Senate,,Bruce Whalen,REP,10
Roberts,13,U.S. Senate,,Mark Mowry,REP,1
Roberts,01,U.S. House,1,Dusty Johnson,REP,34
Roberts,01,U.S. House,1,Taffy Howard,REP,4
Roberts,02,U.S. House,1,Dusty Johnson,REP,87
Roberts,02,U.S. House,1,Taffy Howard,REP,57
Roberts,03,U.S. House,1,Dusty Johnson,REP,40
Roberts,03,U.S. House,1,Taffy Howard,REP,8
Roberts,04,U.S. House,1,Dusty Johnson,REP,11
Roberts,04,U.S. House,1,Taffy Howard,REP,5
Roberts,05,U.S. House,1,Dusty Johnson,REP,34
Roberts,05,U.S. House,1,Taffy Howard,REP,12
Roberts,06 (Precinct-07),U.S. House,1,Dusty Johnson,REP,67
Roberts,06 (Precinct-07),U.S. House,1,Taffy Howard,REP,58
Roberts,08,U.S. House,1,Dusty Johnson,REP,14
Roberts,08,U.S. House,1,Taffy Howard,REP,6
Roberts,09,U.S. House,1,Dusty Johnson,REP,56
Roberts,09,U.S. House,1,Taffy Howard,REP,55
Roberts,10,U.S. House,1,Dusty Johnson,REP,17
Roberts,10,U.S. House,1,Taffy Howard,REP,16
Roberts,11,U.S. House,1,Dusty Johnson,REP,83
Roberts,11,U.S. House,1,Taffy Howard,REP,48
Roberts,12 (Precinct-14),U.S. House,1,Dusty Johnson,REP,30
Roberts,12 (Precinct-14),U.S. House,1,Taffy Howard,REP,13
Roberts,13,U.S. House,1,Dusty Johnson,REP,36
Roberts,13,U.S. House,1,Taffy Howard,REP,21
Roberts,01,Governor,,Steven Haugaard,REP,4
Roberts,01,Governor,,Kristi Noem,REP,35
Roberts,02,Governor,,Steven Haugaard,REP,24
Roberts,02,Governor,,Kristi Noem,REP,123
Roberts,03,Governor,,Steven Haugaard,REP,7
Roberts,03,Governor,,Kristi Noem,REP,42
Roberts,04,Governor,,Steven Haugaard,REP,2
Roberts,04,Governor,,Kristi Noem,REP,14
Roberts,05,Governor,,Steven Haugaard,REP,5
Roberts,05,Governor,,Kristi Noem,REP,45
Roberts,06 (Precinct-07),Governor,,Steven Haugaard,REP,16
Roberts,06 (Precinct-07),Governor,,Kristi Noem,REP,113
Roberts,08,Governor,,Steven Haugaard,REP,2
Roberts,08,Governor,,Kristi Noem,REP,18
Roberts,09,Governor,,Steven Haugaard,REP,14
Roberts,09,Governor,,Kristi Noem,REP,99
Roberts,10,Governor,,Steven Haugaard,REP,1
Roberts,10,Governor,,Kristi Noem,REP,33
Roberts,11,Governor,,Steven Haugaard,REP,16
Roberts,11,Governor,,Kristi Noem,REP,118
Roberts,12 (Precinct-14),Governor,,Steven Haugaard,REP,7
Roberts,12 (Precinct-14),Governor,,Kristi Noem,REP,37
Roberts,13,Governor,,Steven Haugaard,REP,8
Roberts,13,Governor,,Kristi Noem,REP,48
Roberts,01,State Senate,1,Michael H. Rohl,REP,23
Roberts,01,State Senate,1,Joe Donnell,REP,15
Roberts,03,State Senate,1,Michael H. Rohl,REP,27
Roberts,03,State Senate,1,Joe Donnell,REP,13
Roberts,04,State Senate,1,Michael H. Rohl,REP,13
Roberts,04,State Senate,1,Joe Donnell,REP,1
Roberts,05,State Senate,1,Michael H. Rohl,REP,29
Roberts,05,State Senate,1,Joe Donnell,REP,10
Roberts,06 (Precinct-07),State Senate,1,Michael H. Rohl,REP,80
Roberts,06 (Precinct-07),State Senate,1,Joe Donnell,REP,34
Roberts,08,State Senate,1,Michael H. Rohl,REP,14
Roberts,08,State Senate,1,Joe Donnell,REP,5
Roberts,09,State Senate,1,Michael H. Rohl,REP,0
Roberts,09,State Senate,1,Joe Donnell,REP,0
Roberts,10,State Senate,1,Michael H. Rohl,REP,12
Roberts,10,State Senate,1,Joe Donnell,REP,20
Roberts,11,State Senate,1,Michael H. Rohl,REP,71
Roberts,11,State Senate,1,Joe Donnell,REP,53
Roberts,12 (Precinct-14),State Senate,1,Michael H. Rohl,REP,20
Roberts,12 (Precinct-14),State Senate,1,Joe Donnell,REP,21
Roberts,13,State Senate,1,Michael H. Rohl,REP,27
Roberts,13,State Senate,1,Joe Donnell,REP,29
Roberts,02,State House,4,Val Rausch,REP,90
Roberts,02,State House,4,Adam Grimm,REP,23
Roberts,02,State House,4,Fred Deutsch,REP,68
Roberts,02,State House,4,Stephanie Sauder,REP,56
Roberts,05,State House,4,Val Rausch,REP,4
Roberts,05,State House,4,Adam Grimm,REP,1
Roberts,05,State House,4,Fred Deutsch,REP,6
Roberts,05,State House,4,Stephanie Sauder,REP,4
Roberts,09,State House,4,Val Rausch,REP,43
Roberts,09,State House,4,Adam Grimm,REP,32
Roberts,09,State House,4,Fred Deutsch,REP,62
Roberts,09,State House,4,Stephanie Sauder,REP,35
Roberts,01,County Commissioner Roberts-5,,Jeffry Long,REP,16
Roberts,01,County Commissioner Roberts-5,,Tom Vergeldt,REP,14
Roberts,03,County Commissioner Roberts-5,,Jeffry Long,REP,28
Roberts,03,County Commissioner Roberts-5,,Tom Vergeldt,REP,17
Roberts,06 (Precinct-07),County Commissioner Roberts-5,,Jeffry Long,REP,49
Roberts,06 (Precinct-07),County Commissioner Roberts-5,,Tom Vergeldt,REP,76
Roberts,11,County Commissioner Roberts-5,,Jeffry Long,REP,14
Roberts,11,County Commissioner Roberts-5,,Tom Vergeldt,REP,3
Roberts,11,Precinct Committeewoman Precinct-11,,Tamara St John,REP,70
Roberts,11,Precinct Committeewoman Precinct-11,,Joann C Sheldon,REP,44
Roberts,01,Constitutional Amendment C: A Constitutional Amendment Requiring Three-Fifths Vote for Approval of Ballot Measures Imposing Taxes or Fees or Obligating over $10 Million,,Yes,,28
Roberts,01,Constitutional Amendment C: A Constitutional Amendment Requiring Three-Fifths Vote for Approval of Ballot Measures Imposing Taxes or Fees or Obligating over $10 Million,,No,,41
Roberts,02,Constitutional Amendment C: A Constitutional Amendment Requiring Three-Fifths Vote for Approval of Ballot Measures Imposing Taxes or Fees or Obligating over $10 Million,,Yes,,89
Roberts,02,Constitutional Amendment C: A Constitutional Amendment Requiring Three-Fifths Vote for Approval of Ballot Measures Imposing Taxes or Fees or Obligating over $10 Million,,No,,117
Roberts,03,Constitutional Amendment C: A Constitutional Amendment Requiring Three-Fifths Vote for Approval of Ballot Measures Imposing Taxes or Fees or Obligating over $10 Million,,Yes,,30
Roberts,03,Constitutional Amendment C: A Constitutional Amendment Requiring Three-Fifths Vote for Approval of Ballot Measures Imposing Taxes or Fees or Obligating over $10 Million,,No,,48
Roberts,04,Constitutional Amendment C: A Constitutional Amendment Requiring Three-Fifths Vote for Approval of Ballot Measures Imposing Taxes or Fees or Obligating over $10 Million,,Yes,,10
Roberts,04,Constitutional Amendment C: A Constitutional Amendment Requiring Three-Fifths Vote for Approval of Ballot Measures Imposing Taxes or Fees or Obligating over $10 Million,,No,,24
Roberts,05,Constitutional Amendment C: A Constitutional Amendment Requiring Three-Fifths Vote for Approval of Ballot Measures Imposing Taxes or Fees or Obligating over $10 Million,,Yes,,20
Roberts,05,Constitutional Amendment C: A Constitutional Amendment Requiring Three-Fifths Vote for Approval of Ballot Measures Imposing Taxes or Fees or Obligating over $10 Million,,No,,97
Roberts,06 (Precinct-07),Constitutional Amendment C: A Constitutional Amendment Requiring Three-Fifths Vote for Approval of Ballot Measures Imposing Taxes or Fees or Obligating over $10 Million,,Yes,,49
Roberts,06 (Precinct-07),Constitutional Amendment C: A Constitutional Amendment Requiring Three-Fifths Vote for Approval of Ballot Measures Imposing Taxes or Fees or Obligating over $10 Million,,No,,153
Roberts,08,Constitutional Amendment C: A Constitutional Amendment Requiring Three-Fifths Vote for Approval of Ballot Measures Imposing Taxes or Fees or Obligating over $10 Million,,Yes,,15
Roberts,08,Constitutional Amendment C: A Constitutional Amendment Requiring Three-Fifths Vote for Approval of Ballot Measures Imposing Taxes or Fees or Obligating over $10 Million,,No,,30
Roberts,09,Constitutional Amendment C: A Constitutional Amendment Requiring Three-Fifths Vote for Approval of Ballot Measures Imposing Taxes or Fees or Obligating over $10 Million,,Yes,,73
Roberts,09,Constitutional Amendment C: A Constitutional Amendment Requiring Three-Fifths Vote for Approval of Ballot Measures Imposing Taxes or Fees or Obligating over $10 Million,,No,,124
Roberts,10,Constitutional Amendment C: A Constitutional Amendment Requiring Three-Fifths Vote for Approval of Ballot Measures Imposing Taxes or Fees or Obligating over $10 Million,,Yes,,16
Roberts,10,Constitutional Amendment C: A Constitutional Amendment Requiring Three-Fifths Vote for Approval of Ballot Measures Imposing Taxes or Fees or Obligating over $10 Million,,No,,43
Roberts,11,Constitutional Amendment C: A Constitutional Amendment Requiring Three-Fifths Vote for Approval of Ballot Measures Imposing Taxes or Fees or Obligating over $10 Million,,Yes,,78
Roberts,11,Constitutional Amendment C: A Constitutional Amendment Requiring Three-Fifths Vote for Approval of Ballot Measures Imposing Taxes or Fees or Obligating over $10 Million,,No,,182
Roberts,12 (Precinct-14),Constitutional Amendment C: A Constitutional Amendment Requiring Three-Fifths Vote for Approval of Ballot Measures Imposing Taxes or Fees or Obligating over $10 Million,,Yes,,18
Roberts,12 (Precinct-14),Constitutional Amendment C: A Constitutional Amendment Requiring Three-Fifths Vote for Approval of Ballot Measures Imposing Taxes or Fees or Obligating over $10 Million,,No,,85
Roberts,13,Constitutional Amendment C: A Constitutional Amendment Requiring Three-Fifths Vote for Approval of Ballot Measures Imposing Taxes or Fees or Obligating over $10 Million,,Yes,,28
Roberts,13,Constitutional Amendment C: A Constitutional Amendment Requiring Three-Fifths Vote for Approval of Ballot Measures Imposing Taxes or Fees or Obligating over $10 Million,,No,,67
Roberts,01,Initiated Measure : Resolution - Roberts County Second Amendment Sanctuary County,,Yes,,45
Roberts,01,Initiated Measure : Resolution - Roberts County Second Amendment Sanctuary County,,No,,20
Roberts,02,Initiated Measure : Resolution - Roberts County Second Amendment Sanctuary County,,Yes,,132
Roberts,02,Initiated Measure : Resolution - Roberts County Second Amendment Sanctuary County,,No,,63
Roberts,03,Initiated Measure : Resolution - Roberts County Second Amendment Sanctuary County,,Yes,,50
Roberts,03,Initiated Measure : Resolution - Roberts County Second Amendment Sanctuary County,,No,,26
Roberts,04,Initiated Measure : Resolution - Roberts County Second Amendment Sanctuary County,,Yes,,22
Roberts,04,Initiated Measure : Resolution - Roberts County Second Amendment Sanctuary County,,No,,10
Roberts,05,Initiated Measure : Resolution - Roberts County Second Amendment Sanctuary County,,Yes,,57
Roberts,05,Initiated Measure : Resolution - Roberts County Second Amendment Sanctuary County,,No,,56
Roberts,06,Initiated Measure : Resolution - Roberts County Second Amendment Sanctuary County,,Yes,,112
Roberts,06,Initiated Measure : Resolution - Roberts County Second Amendment Sanctuary County,,No,,81
Roberts,06 (Precinct-07),Initiated Measure : Resolution - Roberts County Second Amendment Sanctuary County,,Yes,,0
Roberts,06 (Precinct-07),Initiated Measure : Resolution - Roberts County Second Amendment Sanctuary County,,No,,0
Roberts,08,Initiated Measure : Resolution - Roberts County Second Amendment Sanctuary County,,Yes,,26
Roberts,08,Initiated Measure : Resolution - Roberts County Second Amendment Sanctuary County,,No,,16
Roberts,09,Initiated Measure : Resolution - Roberts County Second Amendment Sanctuary County,,Yes,,121
Roberts,09,Initiated Measure : Resolution - Roberts County Second Amendment Sanctuary County,,No,,68
Roberts,10,Initiated Measure : Resolution - Roberts County Second Amendment Sanctuary County,,Yes,,32
Roberts,10,Initiated Measure : Resolution - Roberts County Second Amendment Sanctuary County,,No,,25
Roberts,11,Initiated Measure : Resolution - Roberts County Second Amendment Sanctuary County,,Yes,,153
Roberts,11,Initiated Measure : Resolution - Roberts County Second Amendment Sanctuary County,,No,,89
Roberts,12,Initiated Measure : Resolution - Roberts County Second Amendment Sanctuary County,,Yes,,37
Roberts,12,Initiated Measure : Resolution - Roberts County Second Amendment Sanctuary County,,No,,57
Roberts,12 (Precinct-14),Initiated Measure : Resolution - Roberts County Second Amendment Sanctuary County,,Yes,,0
Roberts,12 (Precinct-14),Initiated Measure : Resolution - Roberts County Second Amendment Sanctuary County,,No,,0
Roberts,13,Initiated Measure : Resolution - Roberts County Second Amendment Sanctuary County,,Yes,,59
Roberts,13,Initiated Measure : Resolution - Roberts County Second Amendment Sanctuary County,,No,,34
Sanborn,1,U.S. Senate,,John R. Thune,REP,73
Sanborn,1,U.S. Senate,,Bruce Whalen,REP,14
Sanborn,1,U.S. Senate,,Mark Mowry,REP,4
Sanborn,2,U.S. Senate,,John R. Thune,REP,73
Sanborn,2,U.S. Senate,,Bruce Whalen,REP,15
Sanborn,2,U.S. Senate,,Mark Mowry,REP,12
Sanborn,4,U.S. Senate,,John R. Thune,REP,67
Sanborn,4,U.S. Senate,,Bruce Whalen,REP,4
Sanborn,4,U.S. Senate,,Mark Mowry,REP,4
Sanborn,5,U.S. Senate,,John R. Thune,REP,79
Sanborn,5,U.S. Senate,,Bruce Whalen,REP,6
Sanborn,5,U.S. Senate,,Mark Mowry,REP,3
Sanborn,1,U.S. House,1,Dusty Johnson,REP,62
Sanborn,1,U.S. House,1,Taffy Howard,REP,30
Sanborn,2,U.S. House,1,Dusty Johnson,REP,60
Sanborn,2,U.S. House,1,Taffy Howard,REP,40
Sanborn,4,U.S. House,1,Dusty Johnson,REP,55
Sanborn,4,U.S. House,1,Taffy Howard,REP,20
Sanborn,5,U.S. House,1,Dusty Johnson,REP,67
Sanborn,5,U.S. House,1,Taffy Howard,REP,19
Sanborn,1,Governor,,Steven Haugaard,REP,20
Sanborn,1,Governor,,Kristi Noem,REP,74
Sanborn,2,Governor,,Steven Haugaard,REP,28
Sanborn,2,Governor,,Kristi Noem,REP,73
Sanborn,4,Governor,,Steven Haugaard,REP,14
Sanborn,4,Governor,,Kristi Noem,REP,61
Sanborn,5,Governor,,Steven Haugaard,REP,20
Sanborn,5,Governor,,Kristi Noem,REP,68
Sanborn,1,State House,20,Ben Krohmer,REP,53
Sanborn,1,State House,20,Jeff Bathke,REP,43
Sanborn,1,State House,20,Lance Koth,REP,32
Sanborn,2,State House,20,Ben Krohmer,REP,47
Sanborn,2,State House,20,Jeff Bathke,REP,59
Sanborn,2,State House,20,Lance Koth,REP,55
Sanborn,4,State House,20,Ben Krohmer,REP,39
Sanborn,4,State House,20,Jeff Bathke,REP,25
Sanborn,4,State House,20,Lance Koth,REP,37
Sanborn,5,State House,20,Ben Krohmer,REP,44
Sanborn,5,State House,20,Jeff Bathke,REP,41
Sanborn,5,State House,20,Lance Koth,REP,41
Sanborn,5,County Commissioner Sanborn-3,,Rod Weber,REP,28
Sanborn,5,County Commissioner Sanborn-3,,Duane Peterson,REP,56
Sanborn,1,Constitutional Amendment C: A Constitutional Amendment Requiring Three-Fifths Vote for Approval of Ballot Measures Imposing Taxes or Fees or Obligating over $10 Million,,Yes,,32
Sanborn,1,Constitutional Amendment C: A Constitutional Amendment Requiring Three-Fifths Vote for Approval of Ballot Measures Imposing Taxes or Fees or Obligating over $10 Million,,No,,85
Sanborn,2,Constitutional Amendment C: A Constitutional Amendment Requiring Three-Fifths Vote for Approval of Ballot Measures Imposing Taxes or Fees or Obligating over $10 Million,,Yes,,41
Sanborn,2,Constitutional Amendment C: A Constitutional Amendment Requiring Three-Fifths Vote for Approval of Ballot Measures Imposing Taxes or Fees or Obligating over $10 Million,,No,,105
Sanborn,4,Constitutional Amendment C: A Constitutional Amendment Requiring Three-Fifths Vote for Approval of Ballot Measures Imposing Taxes or Fees or Obligating over $10 Million,,Yes,,31
Sanborn,4,Constitutional Amendment C: A Constitutional Amendment Requiring Three-Fifths Vote for Approval of Ballot Measures Imposing Taxes or Fees or Obligating over $10 Million,,No,,89
Sanborn,5,Constitutional Amendment C: A Constitutional Amendment Requiring Three-Fifths Vote for Approval of Ballot Measures Imposing Taxes or Fees or Obligating over $10 Million,,Yes,,30
Sanborn,5,Constitutional Amendment C: A Constitutional Amendment Requiring Three-Fifths Vote for Approval of Ballot Measures Imposing Taxes or Fees or Obligating over $10 Million,,No,,99
Spink,01,U.S. Senate,,John R. Thune,REP,136
Spink,01,U.S. Senate,,Bruce Whalen,REP,12
Spink,01,U.S. Senate,,Mark Mowry,REP,9
Spink,03,U.S. Senate,,John R. Thune,REP,128
Spink,03,U.S. Senate,,Bruce Whalen,REP,29
Spink,03,U.S. Senate,,Mark Mowry,REP,7
Spink,04,U.S. Senate,,John R. Thune,REP,130
Spink,04,U.S. Senate,,Bruce Whalen,REP,17
Spink,04,U.S. Senate,,Mark Mowry,REP,7
Spink,05,U.S. Senate,,John R. Thune,REP,60
Spink,05,U.S. Senate,,Bruce Whalen,REP,25
Spink,05,U.S. Senate,,Mark Mowry,REP,2
Spink,06,U.S. Senate,,John R. Thune,REP,27
Spink,06,U.S. Senate,,Bruce Whalen,REP,2
Spink,06,U.S. Senate,,Mark Mowry,REP,3
Spink,07,U.S. Senate,,John R. Thune,REP,112
Spink,07,U.S. Senate,,Bruce Whalen,REP,26
Spink,07,U.S. Senate,,Mark Mowry,REP,11
Spink,08,U.S. Senate,,John R. Thune,REP,23
Spink,08,U.S. Senate,,Bruce Whalen,REP,13
Spink,08,U.S. Senate,,Mark Mowry,REP,1
Spink,09,U.S. Senate,,John R. Thune,REP,198
Spink,09,U.S. Senate,,Bruce Whalen,REP,29
Spink,09,U.S. Senate,,Mark Mowry,REP,8
Spink,10,U.S. Senate,,John R. Thune,REP,170
Spink,10,U.S. Senate,,Bruce Whalen,REP,33
Spink,10,U.S. Senate,,Mark Mowry,REP,15
Spink,01,U.S. House,1,Dusty Johnson,REP,112
Spink,01,U.S. House,1,Taffy Howard,REP,42
Spink,03,U.S. House,1,Dusty Johnson,REP,101
Spink,03,U.S. House,1,Taffy Howard,REP,64
Spink,04,U.S. House,1,Dusty Johnson,REP,112
Spink,04,U.S. House,1,Taffy Howard,REP,43
Spink,05,U.S. House,1,Dusty Johnson,REP,41
Spink,05,U.S. House,1,Taffy Howard,REP,52
Spink,06,U.S. House,1,Dusty Johnson,REP,22
Spink,06,U.S. House,1,Taffy Howard,REP,11
Spink,07,U.S. House,1,Dusty Johnson,REP,104
Spink,07,U.S. House,1,Taffy Howard,REP,44
Spink,08,U.S. House,1,Dusty Johnson,REP,22
Spink,08,U.S. House,1,Taffy Howard,REP,15
Spink,09,U.S. House,1,Dusty Johnson,REP,176
Spink,09,U.S. House,1,Taffy Howard,REP,61
Spink,10,U.S. House,1,Dusty Johnson,REP,157
Spink,10,U.S. House,1,Taffy Howard,REP,61
Spink,01,Governor,,Steven Haugaard,REP,16
Spink,01,Governor,,Kristi Noem,REP,147
Spink,03,Governor,,Steven Haugaard,REP,33
Spink,03,Governor,,Kristi Noem,REP,132
Spink,04,Governor,,Steven Haugaard,REP,25
Spink,04,Governor,,Kristi Noem,REP,137
Spink,05,Governor,,Steven Haugaard,REP,8
Spink,05,Governor,,Kristi Noem,REP,85
Spink,06,Governor,,Steven Haugaard,REP,10
Spink,06,Governor,,Kristi Noem,REP,25
Spink,07,Governor,,Steven Haugaard,REP,43
Spink,07,Governor,,Kristi Noem,REP,107
Spink,08,Governor,,Steven Haugaard,REP,9
Spink,08,Governor,,Kristi Noem,REP,28
Spink,09,Governor,,Steven Haugaard,REP,57
Spink,09,Governor,,Kristi Noem,REP,178
Spink,10,Governor,,Steven Haugaard,REP,59
Spink,10,Governor,,Kristi Noem,REP,164
Spink,01,State Senator,,Isaac W. Appel,REP,67
Spink,01,State Senator,,Frank Krumm,REP,86
Spink,03,State Senator,,Isaac W. Appel,REP,52
Spink,03,State Senator,,Frank Krumm,REP,112
Spink,04,State Senator,,Isaac W. Appel,REP,45
Spink,04,State Senator,,Frank Krumm,REP,117
Spink,05,State Senator,,Isaac W. Appel,REP,33
Spink,05,State Senator,,Frank Krumm,REP,57
Spink,06,State Senator,,Isaac W. Appel,REP,14
Spink,06,State Senator,,Frank Krumm,REP,19
Spink,07,State Senator,,Isaac W. Appel,REP,55
Spink,07,State Senator,,Frank Krumm,REP,88
Spink,08,State Senator,,Isaac W. Appel,REP,17
Spink,08,State Senator,,Frank Krumm,REP,18
Spink,09,State Senator,,Isaac W. Appel,REP,54
Spink,09,State Senator,,Frank Krumm,REP,177
Spink,10,State Senator,,Isaac W. Appel,REP,68
Spink,10,State Senator,,Frank Krumm,REP,157
Spink,09,County Commissioner Spink-3,,Heath Shottenkirk,REP,36
Spink,09,County Commissioner Spink-3,,Michael Siebrecht,REP,101
Spink,10,County Commissioner Spink-3,,Heath Shottenkirk,REP,36
Spink,10,County Commissioner Spink-3,,Michael Siebrecht,REP,105
Spink,01,Constitutional Amendment C: A Constitutional Amendment Requiring Three-Fifths Vote for Approval of Ballot Measures Imposing Taxes or Fees or Obligating over $10 Million,,Yes,,93
Spink,01,Constitutional Amendment C: A Constitutional Amendment Requiring Three-Fifths Vote for Approval of Ballot Measures Imposing Taxes or Fees or Obligating over $10 Million,,No,,115
Spink,03,Constitutional Amendment C: A Constitutional Amendment Requiring Three-Fifths Vote for Approval of Ballot Measures Imposing Taxes or Fees or Obligating over $10 Million,,Yes,,59
Spink,03,Constitutional Amendment C: A Constitutional Amendment Requiring Three-Fifths Vote for Approval of Ballot Measures Imposing Taxes or Fees or Obligating over $10 Million,,No,,126
Spink,04,Constitutional Amendment C: A Constitutional Amendment Requiring Three-Fifths Vote for Approval of Ballot Measures Imposing Taxes or Fees or Obligating over $10 Million,,Yes,,62
Spink,04,Constitutional Amendment C: A Constitutional Amendment Requiring Three-Fifths Vote for Approval of Ballot Measures Imposing Taxes or Fees or Obligating over $10 Million,,No,,135
Spink,05,Constitutional Amendment C: A Constitutional Amendment Requiring Three-Fifths Vote for Approval of Ballot Measures Imposing Taxes or Fees or Obligating over $10 Million,,Yes,,58
Spink,05,Constitutional Amendment C: A Constitutional Amendment Requiring Three-Fifths Vote for Approval of Ballot Measures Imposing Taxes or Fees or Obligating over $10 Million,,No,,65
Spink,06,Constitutional Amendment C: A Constitutional Amendment Requiring Three-Fifths Vote for Approval of Ballot Measures Imposing Taxes or Fees or Obligating over $10 Million,,Yes,,15
Spink,06,Constitutional Amendment C: A Constitutional Amendment Requiring Three-Fifths Vote for Approval of Ballot Measures Imposing Taxes or Fees or Obligating over $10 Million,,No,,38
Spink,07,Constitutional Amendment C: A Constitutional Amendment Requiring Three-Fifths Vote for Approval of Ballot Measures Imposing Taxes or Fees or Obligating over $10 Million,,Yes,,74
Spink,07,Constitutional Amendment C: A Constitutional Amendment Requiring Three-Fifths Vote for Approval of Ballot Measures Imposing Taxes or Fees or Obligating over $10 Million,,No,,156
Spink,08,Constitutional Amendment C: A Constitutional Amendment Requiring Three-Fifths Vote for Approval of Ballot Measures Imposing Taxes or Fees or Obligating over $10 Million,,Yes,,28
Spink,08,Constitutional Amendment C: A Constitutional Amendment Requiring Three-Fifths Vote for Approval of Ballot Measures Imposing Taxes or Fees or Obligating over $10 Million,,No,,33
Spink,09,Constitutional Amendment C: A Constitutional Amendment Requiring Three-Fifths Vote for Approval of Ballot Measures Imposing Taxes or Fees or Obligating over $10 Million,,Yes,,71
Spink,09,Constitutional Amendment C: A Constitutional Amendment Requiring Three-Fifths Vote for Approval of Ballot Measures Imposing Taxes or Fees or Obligating over $10 Million,,No,,239
Spink,10,Constitutional Amendment C: A Constitutional Amendment Requiring Three-Fifths Vote for Approval of Ballot Measures Imposing Taxes or Fees or Obligating over $10 Million,,Yes,,64
Spink,10,Constitutional Amendment C: A Constitutional Amendment Requiring Three-Fifths Vote for Approval of Ballot Measures Imposing Taxes or Fees or Obligating over $10 Million,,No,,221
Stanley,Absentee Precinct,Precinct Committeewoman Precinct-17,,Marie Radway,REP,17
Stanley,Absentee Precinct,Precinct Committeewoman Precinct-17,,Chelsea A Michael,REP,4
Stanley,Courthouse Community Room,Precinct Committeewoman Precinct-17,,Marie Radway,REP,85
Stanley,Courthouse Community Room,Precinct Committeewoman Precinct-17,,Chelsea A Michael,REP,24
Stanley,Deep Creek Church,Precinct Committeewoman Precinct-17,,Marie Radway,REP,0
Stanley,Deep Creek Church,Precinct Committeewoman Precinct-17,,Chelsea A Michael,REP,0
Stanley,Midland Fire Hall,Precinct Committeewoman Precinct-17,,Marie Radway,REP,1
Stanley,Midland Fire Hall,Precinct Committeewoman Precinct-17,,Chelsea A Michael,REP,0
Stanley,Milesville Hall,Precinct Committeewoman Precinct-17,,Marie Radway,REP,0
Stanley,Milesville Hall,Precinct Committeewoman Precinct-17,,Chelsea A Michael,REP,0
Stanley,Absentee Precinct,Precinct Committeewoman Precinct-19,,Stephanie M Trask,REP,5
Stanley,Absentee Precinct,Precinct Committeewoman Precinct-19,,Carla Smith,REP,9
Stanley,Courthouse Community Room,Precinct Committeewoman Precinct-19,,Stephanie M Trask,REP,64
Stanley,Courthouse Community Room,Precinct Committeewoman Precinct-19,,Carla Smith,REP,56
Stanley,Deep Creek Church,Precinct Committeewoman Precinct-19,,Stephanie M Trask,REP,0
Stanley,Deep Creek Church,Precinct Committeewoman Precinct-19,,Carla Smith,REP,0
Stanley,Midland Fire Hall,Precinct Committeewoman Precinct-19,,Stephanie M Trask,REP,0
Stanley,Midland Fire Hall,Precinct Committeewoman Precinct-19,,Carla Smith,REP,0
Stanley,Milesville Hall,Precinct Committeewoman Precinct-19,,Stephanie M Trask,REP,0
Stanley,Milesville Hall,Precinct Committeewoman Precinct-19,,Carla Smith,REP,0
Stanley,01,Constitutional Amendment C: A Constitutional Amendment Requiring Three-Fifths Vote for Approval of Ballot Measures Imposing Taxes or Fees or Obligating over $10 Million,,Yes,,18
Stanley,01,Constitutional Amendment C: A Constitutional Amendment Requiring Three-Fifths Vote for Approval of Ballot Measures Imposing Taxes or Fees or Obligating over $10 Million,,No,,31
Stanley,02,Constitutional Amendment C: A Constitutional Amendment Requiring Three-Fifths Vote for Approval of Ballot Measures Imposing Taxes or Fees or Obligating over $10 Million,,Yes,,13
Stanley,02,Constitutional Amendment C: A Constitutional Amendment Requiring Three-Fifths Vote for Approval of Ballot Measures Imposing Taxes or Fees or Obligating over $10 Million,,No,,56
Stanley,03,Constitutional Amendment C: A Constitutional Amendment Requiring Three-Fifths Vote for Approval of Ballot Measures Imposing Taxes or Fees or Obligating over $10 Million,,Yes,,13
Stanley,03,Constitutional Amendment C: A Constitutional Amendment Requiring Three-Fifths Vote for Approval of Ballot Measures Imposing Taxes or Fees or Obligating over $10 Million,,No,,56
Stanley,01,U.S. Senate,,John R. Thune,REP,666
Stanley,01,U.S. Senate,,Bruce Whalen,REP,100
Stanley,01,U.S. Senate,,Mark Mowry,REP,74
Stanley,02,U.S. Senate,,John R. Thune,REP,29
Stanley,02,U.S. Senate,,Bruce Whalen,REP,6
Stanley,02,U.S. Senate,,Mark Mowry,REP,5
Stanley,03,U.S. Senate,,John R. Thune,REP,50
Stanley,03,U.S. Senate,,Bruce Whalen,REP,5
Stanley,03,U.S. Senate,,Mark Mowry,REP,2
Stanley,01,U.S. House,1,Dusty Johnson,REP,547
Stanley,01,U.S. House,1,Taffy Howard,REP,297
Stanley,02,U.S. House,1,Dusty Johnson,REP,18
Stanley,02,U.S. House,1,Taffy Howard,REP,23
Stanley,03,U.S. House,1,Dusty Johnson,REP,47
Stanley,03,U.S. House,1,Taffy Howard,REP,10
Stanley,01,Governor,,Steven Haugaard,REP,190
Stanley,01,Governor,,Kristi Noem,REP,648
Stanley,02,Governor,,Steven Haugaard,REP,9
Stanley,02,Governor,,Kristi Noem,REP,32
Stanley,03,Governor,,Steven Haugaard,REP,1
Stanley,03,Governor,,Kristi Noem,REP,56
Stanley,01,State Senate,24,Mary Duvall,REP,421
Stanley,01,State Senate,24,Jim Mehlhaff,REP,419
Stanley,02,State Senate,24,Mary Duvall,REP,17
Stanley,02,State Senate,24,Jim Mehlhaff,REP,20
Stanley,03,State Senate,24,Mary Duvall,REP,37
Stanley,03,State Senate,24,Jim Mehlhaff,REP,18
Stanley,01,State House,24,Mike Weisgram,REP,491
Stanley,01,State House,24,Jim Sheehan,REP,139
Stanley,01,State House,24,Will D. Mortenson,REP,523
Stanley,01,State House,24,Mary Weinheimer,REP,357
Stanley,02,State House,24,Mike Weisgram,REP,18
Stanley,02,State House,24,Jim Sheehan,REP,13
Stanley,02,State House,24,Will D. Mortenson,REP,22
Stanley,02,State House,24,Mary Weinheimer,REP,18
Stanley,03,State House,24,Mike Weisgram,REP,27
Stanley,03,State House,24,Jim Sheehan,REP,8
Stanley,03,State House,24,Will D. Mortenson,REP,45
Stanley,03,State House,24,Mary Weinheimer,REP,19
Stanley,01,Sheriff,,Gary Nickerson,REP,269
Stanley,01,Sheriff,,Brandon Roegle,REP,99
Stanley,01,Sheriff,,Bradley J Rathbun,REP,460
Stanley,02,Sheriff,,Gary Nickerson,REP,12
Stanley,02,Sheriff,,Brandon Roegle,REP,3
Stanley,02,Sheriff,,Bradley J Rathbun,REP,23
Stanley,03,Sheriff,,Gary Nickerson,REP,20
Stanley,03,Sheriff,,Brandon Roegle,REP,4
Stanley,03,Sheriff,,Bradley J Rathbun,REP,32
Stanley,01,County Commissioner Stanley-1,,Bill Shrader,REP,29
Stanley,01,County Commissioner Stanley-1,,Craig Heller,REP,87
Stanley,02,County Commissioner Stanley-1,,Bill Shrader,REP,12
Stanley,02,County Commissioner Stanley-1,,Craig Heller,REP,25
Stanley,03,County Commissioner Stanley-1,,Bill Shrader,REP,12
Stanley,03,County Commissioner Stanley-1,,Craig Heller,REP,19
Sully,Absentee Precinct,Governor,,Steven Haugaard,REP,19
Sully,Absentee Precinct,Governor,,Kristi Noem,REP,44
Sully,Agar Fire Hall,Governor,,Steven Haugaard,REP,7
Sully,Agar Fire Hall,Governor,,Kristi Noem,REP,32
Sully,Bill Floyd Shop,Governor,,Steven Haugaard,REP,21
Sully,Bill Floyd Shop,Governor,,Kristi Noem,REP,67
Sully,Phoenix Center,Governor,,Steven Haugaard,REP,66
Sully,Phoenix Center,Governor,,Kristi Noem,REP,195
Sully,Absentee Precinct,State House,24,Mike Weisgram,REP,31
Sully,Absentee Precinct,State House,24,Jim Sheehan,REP,16
Sully,Absentee Precinct,State House,24,Will D. Mortenson,REP,31
Sully,Absentee Precinct,State House,24,Mary Weinheimer,REP,34
Sully,Agar Fire Hall,State House,24,Mike Weisgram,REP,18
Sully,Agar Fire Hall,State House,24,Jim Sheehan,REP,8
Sully,Agar Fire Hall,State House,24,Will D. Mortenson,REP,21
Sully,Agar Fire Hall,State House,24,Mary Weinheimer,REP,22
Sully,Bill Floyd Shop,State House,24,Mike Weisgram,REP,34
Sully,Bill Floyd Shop,State House,24,Jim Sheehan,REP,32
Sully,Bill Floyd Shop,State House,24,Will D. Mortenson,REP,33
Sully,Bill Floyd Shop,State House,24,Mary Weinheimer,REP,63
Sully,Phoenix Center,State House,24,Mike Weisgram,REP,97
Sully,Phoenix Center,State House,24,Jim Sheehan,REP,56
Sully,Phoenix Center,State House,24,Will D. Mortenson,REP,151
Sully,Phoenix Center,State House,24,Mary Weinheimer,REP,142
Sully,Absentee Precinct,Referendum - RESOLUTION 2022-6 TO IMPOSE TAX LEVY,,Yes,,32
Sully,Absentee Precinct,Referendum - RESOLUTION 2022-6 TO IMPOSE TAX LEVY,,No,,54
Sully,Agar Fire Hall,Referendum - RESOLUTION 2022-6 TO IMPOSE TAX LEVY,,Yes,,25
Sully,Agar Fire Hall,Referendum - RESOLUTION 2022-6 TO IMPOSE TAX LEVY,,No,,28
Sully,Bill Floyd Shop,Referendum - RESOLUTION 2022-6 TO IMPOSE TAX LEVY,,Yes,,19
Sully,Bill Floyd Shop,Referendum - RESOLUTION 2022-6 TO IMPOSE TAX LEVY,,No,,91
Sully,Phoenix Center,Referendum - RESOLUTION 2022-6 TO IMPOSE TAX LEVY,,Yes,,136
Sully,Phoenix Center,Referendum - RESOLUTION 2022-6 TO IMPOSE TAX LEVY,,No,,185
Tripp,Colome Consolidated,Colome Consolidated,,Henry Mathis,REP,91
Tripp,Colome Consolidated,Colome Consolidated,,Val Kroese,REP,67
Turner,01,U.S. Senate,,John R. Thune,REP,206
Turner,01,U.S. Senate,,Bruce Whalen,REP,67
Turner,01,U.S. Senate,,Mark Mowry,REP,20
Turner,02,U.S. Senate,,John R. Thune,REP,188
Turner,02,U.S. Senate,,Bruce Whalen,REP,61
Turner,02,U.S. Senate,,Mark Mowry,REP,16
Turner,03,U.S. Senate,,John R. Thune,REP,111
Turner,03,U.S. Senate,,Bruce Whalen,REP,43
Turner,03,U.S. Senate,,Mark Mowry,REP,7
Turner,04,U.S. Senate,,John R. Thune,REP,65
Turner,04,U.S. Senate,,Bruce Whalen,REP,15
Turner,04,U.S. Senate,,Mark Mowry,REP,6
Turner,05,U.S. Senate,,John R. Thune,REP,105
Turner,05,U.S. Senate,,Bruce Whalen,REP,33
Turner,05,U.S. Senate,,Mark Mowry,REP,12
Turner,06,U.S. Senate,,John R. Thune,REP,143
Turner,06,U.S. Senate,,Bruce Whalen,REP,49
Turner,06,U.S. Senate,,Mark Mowry,REP,26
Turner,07,U.S. Senate,,John R. Thune,REP,22
Turner,07,U.S. Senate,,Bruce Whalen,REP,12
Turner,07,U.S. Senate,,Mark Mowry,REP,4
Turner,08,U.S. Senate,,John R. Thune,REP,163
Turner,08,U.S. Senate,,Bruce Whalen,REP,33
Turner,08,U.S. Senate,,Mark Mowry,REP,17
Turner,01,U.S. House,1,Dusty Johnson,REP,152
Turner,01,U.S. House,1,Taffy Howard,REP,141
Turner,02,U.S. House,1,Dusty Johnson,REP,150
Turner,02,U.S. House,1,Taffy Howard,REP,118
Turner,03,U.S. House,1,Dusty Johnson,REP,89
Turner,03,U.S. House,1,Taffy Howard,REP,72
Turner,04,U.S. House,1,Dusty Johnson,REP,42
Turner,04,U.S. House,1,Taffy Howard,REP,44
Turner,05,U.S. House,1,Dusty Johnson,REP,88
Turner,05,U.S. House,1,Taffy Howard,REP,65
Turner,06,U.S. House,1,Dusty Johnson,REP,105
Turner,06,U.S. House,1,Taffy Howard,REP,113
Turner,07,U.S. House,1,Dusty Johnson,REP,21
Turner,07,U.S. House,1,Taffy Howard,REP,17
Turner,08,U.S. House,1,Dusty Johnson,REP,145
Turner,08,U.S. House,1,Taffy Howard,REP,69
Turner,01,Governor,,Steven Haugaard,REP,62
Turner,01,Governor,,Kristi Noem,REP,234
Turner,02,Governor,,Steven Haugaard,REP,68
Turner,02,Governor,,Kristi Noem,REP,199
Turner,03,Governor,,Steven Haugaard,REP,56
Turner,03,Governor,,Kristi Noem,REP,105
Turner,04,Governor,,Steven Haugaard,REP,12
Turner,04,Governor,,Kristi Noem,REP,73
Turner,05,Governor,,Steven Haugaard,REP,34
Turner,05,Governor,,Kristi Noem,REP,121
Turner,06,Governor,,Steven Haugaard,REP,63
Turner,06,Governor,,Kristi Noem,REP,159
Turner,07,Governor,,Steven Haugaard,REP,6
Turner,07,Governor,,Kristi Noem,REP,32
Turner,08,Governor,,Steven Haugaard,REP,40
Turner,08,Governor,,Kristi Noem,REP,175
Union,BIG SPRINGS 01,PCT 8 Name,,PCT 8 Name,REP,0
Union,BIG SPRINGS 02,PCT 8 Name,,PCT 8 Name,REP,0
Union,JEFFERSON 01,PCT 8 Name,,PCT 8 Name,REP,0
Union,JEFFERSON 02,PCT 8 Name,,PCT 8 Name,REP,0
Union,CIVIL BEND 01,PCT 8 Name,,PCT 8 Name,REP,0
Union,CIVIL BEND 02,PCT 8 Name,,PCT 8 Name,REP,0
Union,CIVIL BEND 03,PCT 8 Name,,PCT 8 Name,REP,0
Union,ELK POINT CITY 01,PCT 8 Name,,PCT 8 Name,REP,0
Union,ELK POINT CITY 02,PCT 8 Name,,PCT 8 Name,REP,0
Union,ELK POINT CITY 03,PCT 8 Name,,PCT 8 Name,REP,0
Union,SPINK 01,PCT 8 Name,,PCT 8 Name,REP,0
Union,SPINK 02,PCT 8 Name,,PCT 8 Name,REP,0
Union,SPINK 03,PCT 8 Name,,PCT 8 Name,REP,0
Union,RICHLAND 01,PCT 8 Name,,PCT 8 Name,REP,0
Union,RICHLAND 02,PCT 8 Name,,PCT 8 Name,REP,0
Union,RICHLAND 03,PCT 8 Name,,PCT 8 Name,REP,0
Union,RICHLAND 04,PCT 8 Name,,PCT 8 Name,REP,0
Union,BIG SIOUX 01,PCT 8 Name,,PCT 8 Name,REP,0
Union,BIG SIOUX 02,PCT 8 Name,,PCT 8 Name,REP,0
Union,BIG SIOUX 03,PCT 8 Name,,PCT 8 Name,REP,0
Union,BIG SIOUX 04,PCT 8 Name,,PCT 8 Name,REP,0
Union,ALCESTER CITY 01,PCT 8 Name,,PCT 8 Name,REP,0
Union,ALCESTER CITY 02,PCT 8 Name,,PCT 8 Name,REP,0
Union,BRULE 01,PCT 8 Name,,PCT 8 Name,REP,0
Union,BRULE 02,PCT 8 Name,,PCT 8 Name,REP,0
Union,BRULE 03,PCT 8 Name,,PCT 8 Name,REP,0
Union,BRULE 04,PCT 8 Name,,PCT 8 Name,REP,0
Union,DAKOTA DUNES CITY 01,PCT 8 Name,,PCT 8 Name,REP,0
Union,DAKOTA DUNES CITY 02,PCT 8 Name,,PCT 8 Name,REP,0
Union,DAKOTA DUNES CITY 03,PCT 8 Name,,PCT 8 Name,REP,0
Union,DAKOTA DUNES CITY 04,PCT 8 Name,,PCT 8 Name,REP,0
Union,DAKOTA DUNES CITY 05,PCT 8 Name,,PCT 8 Name,REP,0
Union,NORTH SIOUX CITY 01,PCT 8 Name,,PCT 8 Name,REP,0
Union,NORTH SIOUX CITY 02,PCT 8 Name,,PCT 8 Name,REP,0
Union,NORTH SIOUX CITY 03,PCT 8 Name,,PCT 8 Name,REP,0
Union,NORTH SIOUX CITY 04,PCT 8 Name,,PCT 8 Name,REP,0
Union,NORTH SIOUX CITY 05,PCT 8 Name,,PCT 8 Name,REP,0
Union,NORTH SIOUX CITY 06,PCT 8 Name,,PCT 8 Name,REP,0
Union,NORTH SIOUX CITY 07,PCT 8 Name,,PCT 8 Name,REP,0
Union,NORTH SIOUX CITY 08,PCT 8 Name,,PCT 8 Name,REP,0
Union,NORTH SIOUX CITY 09,PCT 8 Name,,PCT 8 Name,REP,0
Union,NORTH SIOUX CITY 10,PCT 8 Name,,PCT 8 Name,REP,0
Union,NORTH SIOUX CITY 11,PCT 8 Name,,PCT 8 Name,REP,0
Union,NORTH SIOUX CITY 12,PCT 8 Name,,PCT 8 Name,REP,0
Union,01,U.S. Senate,,John R. Thune,REP,52
Union,01,U.S. Senate,,Bruce Whalen,REP,18
Union,01,U.S. Senate,,Mark Mowry,REP,10
Union,02,U.S. Senate,,John R. Thune,REP,69
Union,02,U.S. Senate,,Bruce Whalen,REP,7
Union,02,U.S. Senate,,Mark Mowry,REP,4
Union,03,U.S. Senate,,John R. Thune,REP,146
Union,03,U.S. Senate,,Bruce Whalen,REP,30
Union,03,U.S. Senate,,Mark Mowry,REP,20
Union,04,U.S. Senate,,John R. Thune,REP,96
Union,04,U.S. Senate,,Bruce Whalen,REP,36
Union,04,U.S. Senate,,Mark Mowry,REP,3
Union,05,U.S. Senate,,John R. Thune,REP,136
Union,05,U.S. Senate,,Bruce Whalen,REP,28
Union,05,U.S. Senate,,Mark Mowry,REP,8
Union,06,U.S. Senate,,John R. Thune,REP,86
Union,06,U.S. Senate,,Bruce Whalen,REP,9
Union,06,U.S. Senate,,Mark Mowry,REP,12
Union,07,U.S. Senate,,John R. Thune,REP,37
Union,07,U.S. Senate,,Bruce Whalen,REP,23
Union,07,U.S. Senate,,Mark Mowry,REP,10
Union,08,U.S. Senate,,John R. Thune,REP,48
Union,08,U.S. Senate,,Bruce Whalen,REP,16
Union,08,U.S. Senate,,Mark Mowry,REP,8
Union,09,U.S. Senate,,John R. Thune,REP,72
Union,09,U.S. Senate,,Bruce Whalen,REP,15
Union,09,U.S. Senate,,Mark Mowry,REP,13
Union,10,U.S. Senate,,John R. Thune,REP,81
Union,10,U.S. Senate,,Bruce Whalen,REP,13
Union,10,U.S. Senate,,Mark Mowry,REP,8
Union,11,U.S. Senate,,John R. Thune,REP,119
Union,11,U.S. Senate,,Bruce Whalen,REP,17
Union,11,U.S. Senate,,Mark Mowry,REP,10
Union,12,U.S. Senate,,John R. Thune,REP,166
Union,12,U.S. Senate,,Bruce Whalen,REP,25
Union,12,U.S. Senate,,Mark Mowry,REP,20
Union,01,U.S. House,1,Dusty Johnson,REP,49
Union,01,U.S. House,1,Taffy Howard,REP,29
Union,02,U.S. House,1,Dusty Johnson,REP,54
Union,02,U.S. House,1,Taffy Howard,REP,27
Union,03,U.S. House,1,Dusty Johnson,REP,120
Union,03,U.S. House,1,Taffy Howard,REP,79
Union,04,U.S. House,1,Dusty Johnson,REP,76
Union,04,U.S. House,1,Taffy Howard,REP,60
Union,05,U.S. House,1,Dusty Johnson,REP,105
Union,05,U.S. House,1,Taffy Howard,REP,68
Union,06,U.S. House,1,Dusty Johnson,REP,59
Union,06,U.S. House,1,Taffy Howard,REP,49
Union,07,U.S. House,1,Dusty Johnson,REP,34
Union,07,U.S. House,1,Taffy Howard,REP,37
Union,08,U.S. House,1,Dusty Johnson,REP,36
Union,08,U.S. House,1,Taffy Howard,REP,37
Union,09,U.S. House,1,Dusty Johnson,REP,50
Union,09,U.S. House,1,Taffy Howard,REP,49
Union,10,U.S. House,1,Dusty Johnson,REP,58
Union,10,U.S. House,1,Taffy Howard,REP,47
Union,11,U.S. House,1,Dusty Johnson,REP,80
Union,11,U.S. House,1,Taffy Howard,REP,72
Union,12,U.S. House,1,Dusty Johnson,REP,116
Union,12,U.S. House,1,Taffy Howard,REP,98
Union,01,Governor,,Steven Haugaard,REP,14
Union,01,Governor,,Kristi Noem,REP,65
Union,02,Governor,,Steven Haugaard,REP,22
Union,02,Governor,,Kristi Noem,REP,58
Union,03,Governor,,Steven Haugaard,REP,41
Union,03,Governor,,Kristi Noem,REP,161
Union,04,Governor,,Steven Haugaard,REP,38
Union,04,Governor,,Kristi Noem,REP,100
Union,05,Governor,,Steven Haugaard,REP,39
Union,05,Governor,,Kristi Noem,REP,131
Union,06,Governor,,Steven Haugaard,REP,9
Union,06,Governor,,Kristi Noem,REP,103
Union,07,Governor,,Steven Haugaard,REP,27
Union,07,Governor,,Kristi Noem,REP,44
Union,08,Governor,,Steven Haugaard,REP,7
Union,08,Governor,,Kristi Noem,REP,69
Union,09,Governor,,Steven Haugaard,REP,13
Union,09,Governor,,Kristi Noem,REP,91
Union,10,Governor,,Steven Haugaard,REP,14
Union,10,Governor,,Kristi Noem,REP,94
Union,11,Governor,,Steven Haugaard,REP,14
Union,11,Governor,,Kristi Noem,REP,137
Union,12,Governor,,Steven Haugaard,REP,8
Union,12,Governor,,Kristi Noem,REP,211
Union,01,State Senate,16,Jim Bolin,REP,44
Union,01,State Senate,16,Nancy Rasmussen,REP,29
Union,02,State Senate,16,Jim Bolin,REP,52
Union,02,State Senate,16,Nancy Rasmussen,REP,28
Union,04,State Senate,16,Jim Bolin,REP,77
Union,04,State Senate,16,Nancy Rasmussen,REP,49
Union,05,State Senate,16,Jim Bolin,REP,108
Union,05,State Senate,16,Nancy Rasmussen,REP,47
Union,07,State Senate,16,Jim Bolin,REP,27
Union,07,State Senate,16,Nancy Rasmussen,REP,29
Union,01,State House,16,Kevin D. Jensen,REP,42
Union,01,State House,16,Karla J. Lems,REP,36
Union,01,State House,16,Richard Vasgaard,REP,30
Union,02,State House,16,Kevin D. Jensen,REP,40
Union,02,State House,16,Karla J. Lems,REP,45
Union,02,State House,16,Richard Vasgaard,REP,28
Union,04,State House,16,Kevin D. Jensen,REP,68
Union,04,State House,16,Karla J. Lems,REP,57
Union,04,State House,16,Richard Vasgaard,REP,79
Union,05,State House,16,Kevin D. Jensen,REP,89
Union,05,State House,16,Karla J. Lems,REP,77
Union,05,State House,16,Richard Vasgaard,REP,76
Union,07,State House,16,Kevin D. Jensen,REP,34
Union,07,State House,16,Karla J. Lems,REP,26
Union,07,State House,16,Richard Vasgaard,REP,22
Union,03,Precinct Committeeman Precinct-03,,David J Steckelberg,REP,108
Union,03,Precinct Committeeman Precinct-03,,Howard P Wagner,REP,43
Union,04,Precinct Committeeman Precinct-04,,Caleb J Weiland,REP,68
Union,04,Precinct Committeeman Precinct-04,,Arthur J Schott,REP,37
Union,09,Precinct Committeeman Precinct-09,,Justin Tobin,REP,38
Union,09,Precinct Committeeman Precinct-09,,Dirk Lohry,REP,33
Union,05,Committeewoman Precinct-05,,Kathy Zenner,REP,28
Union,05,Committeewoman Precinct-05,,Peggy Ustad,REP,106
Union,07,School Board Member Vermillion School District 13-1,,Jacob Skelton,,5
Union,07,School Board Member Vermillion School District 13-1,,Bess Vlaisavljevich,,4
Union,07,School Board Member Vermillion School District 13-1,,Cynthia Hardman,,4
Union,07,School Board Member Vermillion School District 13-1,,Jan J Berkhout,,9
Union,07,School Board Member Vermillion School District 13-1,,Mark Winegar,,11
Yankton,Absentee,U.S. Senate,,John R. Thune,REP,728
Yankton,Absentee,U.S. Senate,,Bruce Whalen,REP,166
Yankton,Absentee,U.S. Senate,,Mark Mowry,REP,52
Yankton,Gayville Community Center,U.S. Senate,,John R. Thune,REP,75
Yankton,Gayville Community Center,U.S. Senate,,Bruce Whalen,REP,23
Yankton,Gayville Community Center,U.S. Senate,,Mark Mowry,REP,14
Yankton,Lesterville Fire Hall,U.S. Senate,,John R. Thune,REP,102
Yankton,Lesterville Fire Hall,U.S. Senate,,Bruce Whalen,REP,30
Yankton,Lesterville Fire Hall,U.S. Senate,,Mark Mowry,REP,8
Yankton,Lewis and Clark Recreation Area,U.S. Senate,,John R. Thune,REP,156
Yankton,Lewis and Clark Recreation Area,U.S. Senate,,Bruce Whalen,REP,47
Yankton,Lewis and Clark Recreation Area,U.S. Senate,,Mark Mowry,REP,8
Yankton,Mayfield Store,U.S. Senate,,John R. Thune,REP,62
Yankton,Mayfield Store,U.S. Senate,,Bruce Whalen,REP,32
Yankton,Mayfield Store,U.S. Senate,,Mark Mowry,REP,8
Yankton,Yankton City Hall,U.S. Senate,,John R. Thune,REP,556
Yankton,Yankton City Hall,U.S. Senate,,Bruce Whalen,REP,120
Yankton,Yankton City Hall,U.S. Senate,,Mark Mowry,REP,39
Yankton,Yankton Fire Station #2,U.S. Senate,,John R. Thune,REP,780
Yankton,Yankton Fire Station #2,U.S. Senate,,Bruce Whalen,REP,168
Yankton,Yankton Fire Station #2,U.S. Senate,,Mark Mowry,REP,57
Yankton,Absentee,U.S. House,1,Dusty Johnson,REP,632
Yankton,Absentee,U.S. House,1,Taffy Howard,REP,317
Yankton,Gayville Community Center,U.S. House,1,Dusty Johnson,REP,67
Yankton,Gayville Community Center,U.S. House,1,Taffy Howard,REP,50
Yankton,Lesterville Fire Hall,U.S. House,1,Dusty Johnson,REP,68
Yankton,Lesterville Fire Hall,U.S. House,1,Taffy Howard,REP,71
Yankton,Lewis and Clark Recreation Area,U.S. House,1,Dusty Johnson,REP,115
Yankton,Lewis and Clark Recreation Area,U.S. House,1,Taffy Howard,REP,97
Yankton,Mayfield Store,U.S. House,1,Dusty Johnson,REP,58
Yankton,Mayfield Store,U.S. House,1,Taffy Howard,REP,47
Yankton,Yankton City Hall,U.S. House,1,Dusty Johnson,REP,442
Yankton,Yankton City Hall,U.S. House,1,Taffy Howard,REP,286
Yankton,Yankton Fire Station #2,U.S. House,1,Dusty Johnson,REP,647
Yankton,Yankton Fire Station #2,U.S. House,1,Taffy Howard,REP,368
Yankton,Absentee,Governor,,Steven Haugaard,REP,336
Yankton,Absentee,Governor,,Kristi Noem,REP,614
Yankton,Gayville Community Center,Governor,,Steven Haugaard,REP,33
Yankton,Gayville Community Center,Governor,,Kristi Noem,REP,87
Yankton,Lesterville Fire Hall,Governor,,Steven Haugaard,REP,40
Yankton,Lesterville Fire Hall,Governor,,Kristi Noem,REP,101
Yankton,Lewis and Clark Recreation Area,Governor,,Steven Haugaard,REP,36
Yankton,Lewis and Clark Recreation Area,Governor,,Kristi Noem,REP,178
Yankton,Mayfield Store,Governor,,Steven Haugaard,REP,38
Yankton,Mayfield Store,Governor,,Kristi Noem,REP,70
Yankton,Yankton City Hall,Governor,,Steven Haugaard,REP,205
Yankton,Yankton City Hall,Governor,,Kristi Noem,REP,521
Yankton,Yankton Fire Station #2,Governor,,Steven Haugaard,REP,295
Yankton,Yankton Fire Station #2,Governor,,Kristi Noem,REP,722
Yankton,Absentee,County Auditor,,Patty Hojem,REP,627
Yankton,Absentee,County Auditor,,Laura Kotalik,REP,277
Yankton,Gayville Community Center,County Auditor,,Patty Hojem,REP,65
Yankton,Gayville Community Center,County Auditor,,Laura Kotalik,REP,47
Yankton,Lesterville Fire Hall,County Auditor,,Patty Hojem,REP,31
Yankton,Lesterville Fire Hall,County Auditor,,Laura Kotalik,REP,100
Yankton,Lewis and Clark Recreation Area,County Auditor,,Patty Hojem,REP,107
Yankton,Lewis and Clark Recreation Area,County Auditor,,Laura Kotalik,REP,77
Yankton,Mayfield Store,County Auditor,,Patty Hojem,REP,36
Yankton,Mayfield Store,County Auditor,,Laura Kotalik,REP,64
Yankton,Yankton City Hall,County Auditor,,Patty Hojem,REP,408
Yankton,Yankton City Hall,County Auditor,,Laura Kotalik,REP,273
Yankton,Yankton Fire Station #2,County Auditor,,Patty Hojem,REP,502
Yankton,Yankton Fire Station #2,County Auditor,,Laura Kotalik,REP,439
Yankton,Absentee,Sheriff,,Preston Crissey,REP,613
Yankton,Absentee,Sheriff,,Michael Rothschadl,REP,365
Yankton,Gayville Community Center,Sheriff,,Preston Crissey,REP,89
Yankton,Gayville Community Center,Sheriff,,Michael Rothschadl,REP,30
Yankton,Lesterville Fire Hall,Sheriff,,Preston Crissey,REP,106
Yankton,Lesterville Fire Hall,Sheriff,,Michael Rothschadl,REP,33
Yankton,Lewis and Clark Recreation Area,Sheriff,,Preston Crissey,REP,127
Yankton,Lewis and Clark Recreation Area,Sheriff,,Michael Rothschadl,REP,81
Yankton,Mayfield Store,Sheriff,,Preston Crissey,REP,68
Yankton,Mayfield Store,Sheriff,,Michael Rothschadl,REP,38
Yankton,Yankton City Hall,Sheriff,,Preston Crissey,REP,460
Yankton,Yankton City Hall,Sheriff,,Michael Rothschadl,REP,263
Yankton,Yankton Fire Station #2,Sheriff,,Preston Crissey,REP,706
Yankton,Yankton Fire Station #2,Sheriff,,Michael Rothschadl,REP,306
Yankton,Absentee,County Commissioner At Large,,John R. Marquardt,REP,357
Yankton,Absentee,County Commissioner At Large,,Dan Klimisch,REP,590
Yankton,Absentee,County Commissioner At Large,,"Duane ""Butch"" Becker",REP,259
Yankton,Absentee,County Commissioner At Large,,Bruce Jensen,REP,371
Yankton,Absentee,County Commissioner At Large,,Christopher Barkl,REP,285
Yankton,Absentee,County Commissioner At Large,,Ryan Heine,REP,325
Yankton,Gayville Community Center,County Commissioner At Large,,John R. Marquardt,REP,60
Yankton,Gayville Community Center,County Commissioner At Large,,Dan Klimisch,REP,47
Yankton,Gayville Community Center,County Commissioner At Large,,"Duane ""Butch"" Becker",REP,25
Yankton,Gayville Community Center,County Commissioner At Large,,Bruce Jensen,REP,48
Yankton,Gayville Community Center,County Commissioner At Large,,Christopher Barkl,REP,32
Yankton,Gayville Community Center,County Commissioner At Large,,Ryan Heine,REP,54
Yankton,Lesterville Fire Hall,County Commissioner At Large,,John R. Marquardt,REP,56
Yankton,Lesterville Fire Hall,County Commissioner At Large,,Dan Klimisch,REP,65
Yankton,Lesterville Fire Hall,County Commissioner At Large,,"Duane ""Butch"" Becker",REP,35
Yankton,Lesterville Fire Hall,County Commissioner At Large,,Bruce Jensen,REP,46
Yankton,Lesterville Fire Hall,County Commissioner At Large,,Christopher Barkl,REP,71
Yankton,Lesterville Fire Hall,County Commissioner At Large,,Ryan Heine,REP,67
Yankton,Lewis and Clark Recreation Area,County Commissioner At Large,,John R. Marquardt,REP,82
Yankton,Lewis and Clark Recreation Area,County Commissioner At Large,,Dan Klimisch,REP,105
Yankton,Lewis and Clark Recreation Area,County Commissioner At Large,,"Duane ""Butch"" Becker",REP,60
Yankton,Lewis and Clark Recreation Area,County Commissioner At Large,,Bruce Jensen,REP,72
Yankton,Lewis and Clark Recreation Area,County Commissioner At Large,,Christopher Barkl,REP,82
Yankton,Lewis and Clark Recreation Area,County Commissioner At Large,,Ryan Heine,REP,92
Yankton,Mayfield Store,County Commissioner At Large,,John R. Marquardt,REP,44
Yankton,Mayfield Store,County Commissioner At Large,,Dan Klimisch,REP,30
Yankton,Mayfield Store,County Commissioner At Large,,"Duane ""Butch"" Becker",REP,32
Yankton,Mayfield Store,County Commissioner At Large,,Bruce Jensen,REP,38
Yankton,Mayfield Store,County Commissioner At Large,,Christopher Barkl,REP,60
Yankton,Mayfield Store,County Commissioner At Large,,Ryan Heine,REP,47
Yankton,Yankton City Hall,County Commissioner At Large,,John R. Marquardt,REP,310
Yankton,Yankton City Hall,County Commissioner At Large,,Dan Klimisch,REP,387
Yankton,Yankton City Hall,County Commissioner At Large,,"Duane ""Butch"" Becker",REP,202
Yankton,Yankton City Hall,County Commissioner At Large,,Bruce Jensen,REP,260
Yankton,Yankton City Hall,County Commissioner At Large,,Christopher Barkl,REP,223
Yankton,Yankton City Hall,County Commissioner At Large,,Ryan Heine,REP,325
Yankton,Yankton Fire Station #2,County Commissioner At Large,,John R. Marquardt,REP,449
Yankton,Yankton Fire Station #2,County Commissioner At Large,,Dan Klimisch,REP,561
Yankton,Yankton Fire Station #2,County Commissioner At Large,,"Duane ""Butch"" Becker",REP,254
Yankton,Yankton Fire Station #2,County Commissioner At Large,,Bruce Jensen,REP,341
Yankton,Yankton Fire Station #2,County Commissioner At Large,,Christopher Barkl,REP,313
Yankton,Yankton Fire Station #2,County Commissioner At Large,,Ryan Heine,REP,457
Yankton,Absentee,Delegates to State Convention,,Mike Owen,REP,262
Yankton,Absentee,Delegates to State Convention,,Guy E. Stone,REP,311
Yankton,Absentee,Delegates to State Convention,,Cynthia S. Konopasek,REP,319
Yankton,Absentee,Delegates to State Convention,,Shannon Mulder,REP,253
Yankton,Gayville Community Center,Delegates to State Convention,,Mike Owen,REP,38
Yankton,Gayville Community Center,Delegates to State Convention,,Guy E. Stone,REP,33
Yankton,Gayville Community Center,Delegates to State Convention,,Cynthia S. Konopasek,REP,38
Yankton,Gayville Community Center,Delegates to State Convention,,Shannon Mulder,REP,32
Yankton,Lesterville Fire Hall,Delegates to State Convention,,Mike Owen,REP,38
Yankton,Lesterville Fire Hall,Delegates to State Convention,,Guy E. Stone,REP,52
Yankton,Lesterville Fire Hall,Delegates to State Convention,,Cynthia S. Konopasek,REP,52
Yankton,Lesterville Fire Hall,Delegates to State Convention,,Shannon Mulder,REP,41
Yankton,Lewis and Clark Recreation Area,Delegates to State Convention,,Mike Owen,REP,64
Yankton,Lewis and Clark Recreation Area,Delegates to State Convention,,Guy E. Stone,REP,76
Yankton,Lewis and Clark Recreation Area,Delegates to State Convention,,Cynthia S. Konopasek,REP,87
Yankton,Lewis and Clark Recreation Area,Delegates to State Convention,,Shannon Mulder,REP,63
Yankton,Mayfield Store,Delegates to State Convention,,Mike Owen,REP,23
Yankton,Mayfield Store,Delegates to State Convention,,Guy E. Stone,REP,29
Yankton,Mayfield Store,Delegates to State Convention,,Cynthia S. Konopasek,REP,50
Yankton,Mayfield Store,Delegates to State Convention,,Shannon Mulder,REP,27
Yankton,Yankton City Hall,Delegates to State Convention,,Mike Owen,REP,245
Yankton,Yankton City Hall,Delegates to State Convention,,Guy E. Stone,REP,248
Yankton,Yankton City Hall,Delegates to State Convention,,Cynthia S. Konopasek,REP,277
Yankton,Yankton City Hall,Delegates to State Convention,,Shannon Mulder,REP,222
Yankton,Yankton Fire Station #2,Delegates to State Convention,,Mike Owen,REP,273
Yankton,Yankton Fire Station #2,Delegates to State Convention,,Guy E. Stone,REP,329
Yankton,Yankton Fire Station #2,Delegates to State Convention,,Cynthia S. Konopasek,REP,345
Yankton,Yankton Fire Station #2,Delegates to State Convention,,Shannon Mulder,REP,230
Yankton,Absentee,Precinct Committeeman Precinct-01,,Eric Wade,REP,6
Yankton,Absentee,Precinct Committeeman Precinct-01,,Dan M. Korus,REP,11
Yankton,Gayville Community Center,Precinct Committeeman Precinct-01,,Eric Wade,REP,0
Yankton,Gayville Community Center,Precinct Committeeman Precinct-01,,Dan M. Korus,REP,0
Yankton,Lesterville Fire Hall,Precinct Committeeman Precinct-01,,Eric Wade,REP,0
Yankton,Lesterville Fire Hall,Precinct Committeeman Precinct-01,,Dan M. Korus,REP,0
Yankton,Lewis and Clark Recreation Area,Precinct Committeeman Precinct-01,,Eric Wade,REP,0
Yankton,Lewis and Clark Recreation Area,Precinct Committeeman Precinct-01,,Dan M. Korus,REP,2
Yankton,Mayfield Store,Precinct Committeeman Precinct-01,,Eric Wade,REP,0
Yankton,Mayfield Store,Precinct Committeeman Precinct-01,,Dan M. Korus,REP,0
Yankton,Yankton City Hall,Precinct Committeeman Precinct-01,,Eric Wade,REP,17
Yankton,Yankton City Hall,Precinct Committeeman Precinct-01,,Dan M. Korus,REP,27
Yankton,Yankton Fire Station #2,Precinct Committeeman Precinct-01,,Eric Wade,REP,2
Yankton,Yankton Fire Station #2,Precinct Committeeman Precinct-01,,Dan M. Korus,REP,1
Yankton,Absentee,Precinct Committeeman Precinct-02,,Brian Uhall,REP,13
Yankton,Absentee,Precinct Committeeman Precinct-02,,Devin Waoner,REP,19
Yankton,Gayville Community Center,Precinct Committeeman Precinct-02,,Brian Uhall,REP,0
Yankton,Gayville Community Center,Precinct Committeeman Precinct-02,,Devin Waoner,REP,0
Yankton,Lesterville Fire Hall,Precinct Committeeman Precinct-02,,Brian Uhall,REP,0
Yankton,Lesterville Fire Hall,Precinct Committeeman Precinct-02,,Devin Waoner,REP,0
Yankton,Lewis and Clark Recreation Area,Precinct Committeeman Precinct-02,,Brian Uhall,REP,0
Yankton,Lewis and Clark Recreation Area,Precinct Committeeman Precinct-02,,Devin Waoner,REP,0
Yankton,Mayfield Store,Precinct Committeeman Precinct-02,,Brian Uhall,REP,0
Yankton,Mayfield Store,Precinct Committeeman Precinct-02,,Devin Waoner,REP,0
Yankton,Yankton City Hall,Precinct Committeeman Precinct-02,,Brian Uhall,REP,15
Yankton,Yankton City Hall,Precinct Committeeman Precinct-02,,Devin Waoner,REP,29
Yankton,Yankton Fire Station #2,Precinct Committeeman Precinct-02,,Brian Uhall,REP,17
Yankton,Yankton Fire Station #2,Precinct Committeeman Precinct-02,,Devin Waoner,REP,24
Yankton,Absentee,Precinct Committeeman Precinct-04,,Mark Konrad,REP,47
Yankton,Absentee,Precinct Committeeman Precinct-04,,Kirk Skovly,REP,17
Yankton,Gayville Community Center,Precinct Committeeman Precinct-04,,Mark Konrad,REP,0
Yankton,Gayville Community Center,Precinct Committeeman Precinct-04,,Kirk Skovly,REP,0
Yankton,Lesterville Fire Hall,Precinct Committeeman Precinct-04,,Mark Konrad,REP,0
Yankton,Lesterville Fire Hall,Precinct Committeeman Precinct-04,,Kirk Skovly,REP,0
Yankton,Lewis and Clark Recreation Area,Precinct Committeeman Precinct-04,,Mark Konrad,REP,1
Yankton,Lewis and Clark Recreation Area,Precinct Committeeman Precinct-04,,Kirk Skovly,REP,1
Yankton,Mayfield Store,Precinct Committeeman Precinct-04,,Mark Konrad,REP,0
Yankton,Mayfield Store,Precinct Committeeman Precinct-04,,Kirk Skovly,REP,0
Yankton,Yankton City Hall,Precinct Committeeman Precinct-04,,Mark Konrad,REP,65
Yankton,Yankton City Hall,Precinct Committeeman Precinct-04,,Kirk Skovly,REP,34
Yankton,Yankton Fire Station #2,Precinct Committeeman Precinct-04,,Mark Konrad,REP,35
Yankton,Yankton Fire Station #2,Precinct Committeeman Precinct-04,,Kirk Skovly,REP,23
Yankton,Absentee,Precinct Committeeman Precinct-05,,Travis Arens,REP,58
Yankton,Absentee,Precinct Committeeman Precinct-05,,Eric C. Vihakis,REP,129
Yankton,Gayville Community Center,Precinct Committeeman Precinct-05,,Travis Arens,REP,0
Yankton,Gayville Community Center,Precinct Committeeman Precinct-05,,Eric C. Vihakis,REP,0
Yankton,Lesterville Fire Hall,Precinct Committeeman Precinct-05,,Travis Arens,REP,1
Yankton,Lesterville Fire Hall,Precinct Committeeman Precinct-05,,Eric C. Vihakis,REP,0
Yankton,Lewis and Clark Recreation Area,Precinct Committeeman Precinct-05,,Travis Arens,REP,2
Yankton,Lewis and Clark Recreation Area,Precinct Committeeman Precinct-05,,Eric C. Vihakis,REP,2
Yankton,Mayfield Store,Precinct Committeeman Precinct-05,,Travis Arens,REP,0
Yankton,Mayfield Store,Precinct Committeeman Precinct-05,,Eric C. Vihakis,REP,0
Yankton,Yankton City Hall,Precinct Committeeman Precinct-05,,Travis Arens,REP,31
Yankton,Yankton City Hall,Precinct Committeeman Precinct-05,,Eric C. Vihakis,REP,55
Yankton,Yankton Fire Station #2,Precinct Committeeman Precinct-05,,Travis Arens,REP,174
Yankton,Yankton Fire Station #2,Precinct Committeeman Precinct-05,,Eric C. Vihakis,REP,170
Yankton,Absentee,Precinct Committeeman Precinct-09,,James E. McGrath,REP,1
Yankton,Absentee,Precinct Committeeman Precinct-09,,Mark E. Howey,REP,1
Yankton,Gayville Community Center,Precinct Committeeman Precinct-09,,James E. McGrath,REP,14
Yankton,Gayville Community Center,Precinct Committeeman Precinct-09,,Mark E. Howey,REP,11
Yankton,Lesterville Fire Hall,Precinct Committeeman Precinct-09,,James E. McGrath,REP,0
Yankton,Lesterville Fire Hall,Precinct Committeeman Precinct-09,,Mark E. Howey,REP,0
Yankton,Absentee,Precinct Committeeman Precinct-26,,Myles Konopasek,REP,62
Yankton,Absentee,Precinct Committeeman Precinct-26,,Steven C. Rokahr,REP,98
Yankton,Gayville Community Center,Precinct Committeeman Precinct-26,,Myles Konopasek,REP,1
Yankton,Gayville Community Center,Precinct Committeeman Precinct-26,,Steven C. Rokahr,REP,1
Yankton,Lesterville Fire Hall,Precinct Committeeman Precinct-26,,Myles Konopasek,REP,1
Yankton,Lesterville Fire Hall,Precinct Committeeman Precinct-26,,Steven C. Rokahr,REP,0
Yankton,Lewis and Clark Recreation Area,Precinct Committeeman Precinct-26,,Myles Konopasek,REP,57
Yankton,Lewis and Clark Recreation Area,Precinct Committeeman Precinct-26,,Steven C. Rokahr,REP,53
Yankton,Mayfield Store,Precinct Committeeman Precinct-26,,Myles Konopasek,REP,0
Yankton,Mayfield Store,Precinct Committeeman Precinct-26,,Steven C. Rokahr,REP,0
Yankton,Yankton City Hall,Precinct Committeeman Precinct-26,,Myles Konopasek,REP,32
Yankton,Yankton City Hall,Precinct Committeeman Precinct-26,,Steven C. Rokahr,REP,28
Yankton,Yankton Fire Station #2,Precinct Committeeman Precinct-26,,Myles Konopasek,REP,23
Yankton,Yankton Fire Station #2,Precinct Committeeman Precinct-26,,Steven C. Rokahr,REP,23
Yankton,Absentee,Precinct Committeeman Precinct-28,,Jared Lynn Adamson,REP,7
Yankton,Absentee,Precinct Committeeman Precinct-28,,Daniel Tacke,REP,14
Yankton,Gayville Community Center,Precinct Committeeman Precinct-28,,Jared Lynn Adamson,REP,0
Yankton,Gayville Community Center,Precinct Committeeman Precinct-28,,Daniel Tacke,REP,1
Yankton,Lesterville Fire Hall,Precinct Committeeman Precinct-28,,Jared Lynn Adamson,REP,0
Yankton,Lesterville Fire Hall,Precinct Committeeman Precinct-28,,Daniel Tacke,REP,0
Yankton,Lewis and Clark Recreation Area,Precinct Committeeman Precinct-28,,Jared Lynn Adamson,REP,0
Yankton,Lewis and Clark Recreation Area,Precinct Committeeman Precinct-28,,Daniel Tacke,REP,1
Yankton,Mayfield Store,Precinct Committeeman Precinct-28,,Jared Lynn Adamson,REP,0
Yankton,Mayfield Store,Precinct Committeeman Precinct-28,,Daniel Tacke,REP,2
Yankton,Yankton City Hall,Precinct Committeeman Precinct-28,,Jared Lynn Adamson,REP,12
Yankton,Yankton City Hall,Precinct Committeeman Precinct-28,,Daniel Tacke,REP,23
Yankton,Yankton Fire Station #2,Precinct Committeeman Precinct-28,,Jared Lynn Adamson,REP,5
Yankton,Yankton Fire Station #2,Precinct Committeeman Precinct-28,,Daniel Tacke,REP,13
Yankton,Absentee,Precinct Committeewoman Precinct-05,,Jean M. Hunhoff,REP,104
Yankton,Absentee,Precinct Committeewoman Precinct-05,,Jane A. Adamson,REP,50
Yankton,Absentee,Precinct Committeewoman Precinct-05,,Paula A. Hicks,REP,68
Yankton,Gayville Community Center,Precinct Committeewoman Precinct-05,,Jean M. Hunhoff,REP,0
Yankton,Gayville Community Center,Precinct Committeewoman Precinct-05,,Jane A. Adamson,REP,0
Yankton,Gayville Community Center,Precinct Committeewoman Precinct-05,,Paula A. Hicks,REP,0
Yankton,Lesterville Fire Hall,Precinct Committeewoman Precinct-05,,Jean M. Hunhoff,REP,0
Yankton,Lesterville Fire Hall,Precinct Committeewoman Precinct-05,,Jane A. Adamson,REP,1
Yankton,Lesterville Fire Hall,Precinct Committeewoman Precinct-05,,Paula A. Hicks,REP,0
Yankton,Lewis and Clark Recreation Area,Precinct Committeewoman Precinct-05,,Jean M. Hunhoff,REP,6
Yankton,Lewis and Clark Recreation Area,Precinct Committeewoman Precinct-05,,Jane A. Adamson,REP,1
Yankton,Lewis and Clark Recreation Area,Precinct Committeewoman Precinct-05,,Paula A. Hicks,REP,0
Yankton,Mayfield Store,Precinct Committeewoman Precinct-05,,Jean M. Hunhoff,REP,0
Yankton,Mayfield Store,Precinct Committeewoman Precinct-05,,Jane A. Adamson,REP,0
Yankton,Mayfield Store,Precinct Committeewoman Precinct-05,,Paula A. Hicks,REP,0
Yankton,Yankton City Hall,Precinct Committeewoman Precinct-05,,Jean M. Hunhoff,REP,39
Yankton,Yankton City Hall,Precinct Committeewoman Precinct-05,,Jane A. Adamson,REP,24
Yankton,Yankton City Hall,Precinct Committeewoman Precinct-05,,Paula A. Hicks,REP,37
Yankton,Yankton Fire Station #2,Precinct Committeewoman Precinct-05,,Jean M. Hunhoff,REP,165
Yankton,Yankton Fire Station #2,Precinct Committeewoman Precinct-05,,Jane A. Adamson,REP,83
Yankton,Yankton Fire Station #2,Precinct Committeewoman Precinct-05,,Paula A. Hicks,REP,144
Yankton,Absentee,Precinct Committeewoman Precinct-09,,Brittney McGrath,REP,1
Yankton,Absentee,Precinct Committeewoman Precinct-09,,Carol Potter,REP,2
Yankton,Gayville Community Center,Precinct Committeewoman Precinct-09,,Brittney McGrath,REP,13
Yankton,Gayville Community Center,Precinct Committeewoman Precinct-09,,Carol Potter,REP,10
Yankton,Lesterville Fire Hall,Precinct Committeewoman Precinct-09,,Brittney McGrath,REP,0
Yankton,Lesterville Fire Hall,Precinct Committeewoman Precinct-09,,Carol Potter,REP,0
Yankton,Lewis and Clark Recreation Area,Precinct Committeewoman Precinct-09,,Brittney McGrath,REP,0
Yankton,Lewis and Clark Recreation Area,Precinct Committeewoman Precinct-09,,Carol Potter,REP,0
Yankton,Mayfield Store,Precinct Committeewoman Precinct-09,,Brittney McGrath,REP,0
Yankton,Mayfield Store,Precinct Committeewoman Precinct-09,,Carol Potter,REP,0
Yankton,Yankton City Hall,Precinct Committeewoman Precinct-09,,Brittney McGrath,REP,0
Yankton,Yankton City Hall,Precinct Committeewoman Precinct-09,,Carol Potter,REP,0
Yankton,Yankton Fire Station #2,Precinct Committeewoman Precinct-09,,Brittney McGrath,REP,0
Yankton,Yankton Fire Station #2,Precinct Committeewoman Precinct-09,,Carol Potter,REP,0
Yankton,Absentee,Precinct Committeewoman Precinct-26,,Jennifer Morkve,REP,69
Yankton,Absentee,Precinct Committeewoman Precinct-26,,Wanda L. Howey-Fox,REP,105
Yankton,Gayville Community Center,Precinct Committeewoman Precinct-26,,Jennifer Morkve,REP,1
Yankton,Gayville Community Center,Precinct Committeewoman Precinct-26,,Wanda L. Howey-Fox,REP,3
Yankton,Lesterville Fire Hall,Precinct Committeewoman Precinct-26,,Jennifer Morkve,REP,1
Yankton,Lesterville Fire Hall,Precinct Committeewoman Precinct-26,,Wanda L. Howey-Fox,REP,3
Yankton,Lewis and Clark Recreation Area,Precinct Committeewoman Precinct-26,,Jennifer Morkve,REP,59
Yankton,Lewis and Clark Recreation Area,Precinct Committeewoman Precinct-26,,Wanda L. Howey-Fox,REP,80
Yankton,Mayfield Store,Precinct Committeewoman Precinct-26,,Jennifer Morkve,REP,0
Yankton,Mayfield Store,Precinct Committeewoman Precinct-26,,Wanda L. Howey-Fox,REP,0
Yankton,Yankton City Hall,Precinct Committeewoman Precinct-26,,Jennifer Morkve,REP,40
Yankton,Yankton City Hall,Precinct Committeewoman Precinct-26,,Wanda L. Howey-Fox,REP,40
Yankton,Yankton Fire Station #2,Precinct Committeewoman Precinct-26,,Jennifer Morkve,REP,29
Yankton,Yankton Fire Station #2,Precinct Committeewoman Precinct-26,,Wanda L. Howey-Fox,REP,33
Yankton,Absentee,Precinct Committeewoman Precinct-28,,Ashley M. Houwman,REP,6
Yankton,Absentee,Precinct Committeewoman Precinct-28,,Amanda J. Adamson,REP,11
Yankton,Gayville Community Center,Precinct Committeewoman Precinct-28,,Ashley M. Houwman,REP,0
Yankton,Gayville Community Center,Precinct Committeewoman Precinct-28,,Amanda J. Adamson,REP,1
Yankton,Lesterville Fire Hall,Precinct Committeewoman Precinct-28,,Ashley M. Houwman,REP,0
Yankton,Lesterville Fire Hall,Precinct Committeewoman Precinct-28,,Amanda J. Adamson,REP,0
Yankton,Lewis and Clark Recreation Area,Precinct Committeewoman Precinct-28,,Ashley M. Houwman,REP,1
Yankton,Lewis and Clark Recreation Area,Precinct Committeewoman Precinct-28,,Amanda J. Adamson,REP,0
Yankton,Mayfield Store,Precinct Committeewoman Precinct-28,,Ashley M. Houwman,REP,0
Yankton,Mayfield Store,Precinct Committeewoman Precinct-28,,Amanda J. Adamson,REP,2
Yankton,Yankton City Hall,Precinct Committeewoman Precinct-28,,Ashley M. Houwman,REP,10
Yankton,Yankton City Hall,Precinct Committeewoman Precinct-28,,Amanda J. Adamson,REP,22
Yankton,Yankton Fire Station #2,Precinct Committeewoman Precinct-28,,Ashley M. Houwman,REP,3
Yankton,Yankton Fire Station #2,Precinct Committeewoman Precinct-28,,Amanda J. Adamson,REP,13
Yankton,Absentee,Constitutional Amendment C: A Constitutional Amendment Requiring Three-Fifths Vote for Approval of Ballot Measures Imposing Taxes or Fees or Obligating over $10 Million,,Yes,,363
Yankton,Absentee,Constitutional Amendment C: A Constitutional Amendment Requiring Three-Fifths Vote for Approval of Ballot Measures Imposing Taxes or Fees or Obligating over $10 Million,,No,,1041
Yankton,Gayville Community Center,Constitutional Amendment C: A Constitutional Amendment Requiring Three-Fifths Vote for Approval of Ballot Measures Imposing Taxes or Fees or Obligating over $10 Million,,Yes,,63
Yankton,Gayville Community Center,Constitutional Amendment C: A Constitutional Amendment Requiring Three-Fifths Vote for Approval of Ballot Measures Imposing Taxes or Fees or Obligating over $10 Million,,No,,129
Yankton,Lesterville Fire Hall,Constitutional Amendment C: A Constitutional Amendment Requiring Three-Fifths Vote for Approval of Ballot Measures Imposing Taxes or Fees or Obligating over $10 Million,,Yes,,55
Yankton,Lesterville Fire Hall,Constitutional Amendment C: A Constitutional Amendment Requiring Three-Fifths Vote for Approval of Ballot Measures Imposing Taxes or Fees or Obligating over $10 Million,,No,,114
Yankton,Lewis and Clark Recreation Area,Constitutional Amendment C: A Constitutional Amendment Requiring Three-Fifths Vote for Approval of Ballot Measures Imposing Taxes or Fees or Obligating over $10 Million,,Yes,,108
Yankton,Lewis and Clark Recreation Area,Constitutional Amendment C: A Constitutional Amendment Requiring Three-Fifths Vote for Approval of Ballot Measures Imposing Taxes or Fees or Obligating over $10 Million,,No,,210
Yankton,Mayfield Store,Constitutional Amendment C: A Constitutional Amendment Requiring Three-Fifths Vote for Approval of Ballot Measures Imposing Taxes or Fees or Obligating over $10 Million,,Yes,,64
Yankton,Mayfield Store,Constitutional Amendment C: A Constitutional Amendment Requiring Three-Fifths Vote for Approval of Ballot Measures Imposing Taxes or Fees or Obligating over $10 Million,,No,,76
Yankton,Yankton City Hall,Constitutional Amendment C: A Constitutional Amendment Requiring Three-Fifths Vote for Approval of Ballot Measures Imposing Taxes or Fees or Obligating over $10 Million,,Yes,,297
Yankton,Yankton City Hall,Constitutional Amendment C: A Constitutional Amendment Requiring Three-Fifths Vote for Approval of Ballot Measures Imposing Taxes or Fees or Obligating over $10 Million,,No,,914
Yankton,Yankton Fire Station #2,Constitutional Amendment C: A Constitutional Amendment Requiring Three-Fifths Vote for Approval of Ballot Measures Imposing Taxes or Fees or Obligating over $10 Million,,Yes,,453
Yankton,Yankton Fire Station #2,Constitutional Amendment C: A Constitutional Amendment Requiring Three-Fifths Vote for Approval of Ballot Measures Imposing Taxes or Fees or Obligating over $10 Million,,No,,1041
Ziebach,1 Bridger,U.S. Senate,,John R. Thune,REP,4
Ziebach,1 Bridger,U.S. Senate,,Bruce Whalen,REP,0
Ziebach,1 Bridger,U.S. Senate,,Mark Mowry,REP,0
Ziebach,2 Cherry Creek,U.S. Senate,,John R. Thune,REP,1
Ziebach,2 Cherry Creek,U.S. Senate,,Bruce Whalen,REP,5
Ziebach,2 Cherry Creek,U.S. Senate,,Mark Mowry,REP,2
Ziebach,3 Davis,U.S. Senate,,John R. Thune,REP,23
Ziebach,3 Davis,U.S. Senate,,Bruce Whalen,REP,3
Ziebach,3 Davis,U.S. Senate,,Mark Mowry,REP,3
Ziebach,4 Glad Valley,U.S. Senate,,John R. Thune,REP,16
Ziebach,4 Glad Valley,U.S. Senate,,Bruce Whalen,REP,4
Ziebach,4 Glad Valley,U.S. Senate,,Mark Mowry,REP,0
Ziebach,"6 Redelm (Precinct-5 North Dupree, Precinct-8 South Dupree)",U.S. Senate,,John R. Thune,REP,54
Ziebach,"6 Redelm (Precinct-5 North Dupree, Precinct-8 South Dupree)",U.S. Senate,,Bruce Whalen,REP,22
Ziebach,"6 Redelm (Precinct-5 North Dupree, Precinct-8 South Dupree)",U.S. Senate,,Mark Mowry,REP,11
Ziebach,7 Red Scaffold,U.S. Senate,,John R. Thune,REP,0
Ziebach,7 Red Scaffold,U.S. Senate,,Bruce Whalen,REP,3
Ziebach,7 Red Scaffold,U.S. Senate,,Mark Mowry,REP,0
Ziebach,1 Bridger,Governor,,Steven Haugaard,REP,0
Ziebach,1 Bridger,Governor,,Kristi Noem,REP,3
Ziebach,2 Cherry Creek,Governor,,Steven Haugaard,REP,6
Ziebach,2 Cherry Creek,Governor,,Kristi Noem,REP,2
Ziebach,3 Davis,Governor,,Steven Haugaard,REP,5
Ziebach,3 Davis,Governor,,Kristi Noem,REP,24
Ziebach,4 Glad Valley,Governor,,Steven Haugaard,REP,4
Ziebach,4 Glad Valley,Governor,,Kristi Noem,REP,16
Ziebach,"6 Redelm (Precinct-5 North Dupree, Precinct-8 South Dupree)",Governor,,Steven Haugaard,REP,16
Ziebach,"6 Redelm (Precinct-5 North Dupree, Precinct-8 South Dupree)",Governor,,Kristi Noem,REP,72
Ziebach,7 Red Scaffold,Governor,,Steven Haugaard,REP,2
Ziebach,7 Red Scaffold,Governor,,Kristi Noem,REP,1
